ablation,seed,dec_epoch,total_epoch,loss_total,loss_kl,loss_recon,loss_spatial,loss_dense,loss_ot,ARI,NMI,Silhouette,Homogeneity,dataset
Full_ARISE_v2,42,1,251,1.4369200468063354,0.22178763151168823,3.0229787826538086,0.39103934168815613,0.10273787379264832,0.1247602254152298,0.24887059238694767,0.37793501482379116,0.30678069591522217,0.4292865857155581,10x_human_lymph_node_A1
Full_ARISE_v2,42,2,252,1.435227632522583,0.22238078713417053,3.0243537425994873,0.3887619972229004,0.10444384813308716,0.12499307096004486,0.25024939778787936,0.3775912893362956,0.31337621808052063,0.4298075062135337,10x_human_lymph_node_A1
Full_ARISE_v2,42,3,253,1.4337040185928345,0.2226063758134842,3.0257883071899414,0.38895300030708313,0.10542810708284378,0.12436510622501373,0.24916629398703555,0.3751835294397829,0.323224276304245,0.4274260061898714,10x_human_lymph_node_A1
Full_ARISE_v2,42,4,254,1.4311641454696655,0.22238604724407196,3.0266237258911133,0.39010104537010193,0.10553331673145294,0.12305016070604324,0.2521080380721595,0.3786831193105142,0.33452391624450684,0.4310307642648668,10x_human_lymph_node_A1
Full_ARISE_v2,42,5,255,1.4286257028579712,0.2224067598581314,3.028029680252075,0.39022961258888245,0.10577349364757538,0.12218940258026123,0.25305719461278714,0.37920172253505985,0.3456437587738037,0.43200873935701956,10x_human_lymph_node_A1
Full_ARISE_v2,42,6,256,1.4262151718139648,0.22226205468177795,3.029900550842285,0.39087748527526855,0.10566318780183792,0.12131205201148987,0.2522616796896401,0.3795370620909099,0.356900691986084,0.43221494224818685,10x_human_lymph_node_A1
Full_ARISE_v2,42,7,257,1.423569917678833,0.22210945188999176,3.030508518218994,0.39064735174179077,0.10634865611791611,0.1209760531783104,0.2534035664727897,0.38247151190715345,0.3666435778141022,0.4358283415697059,10x_human_lymph_node_A1
Full_ARISE_v2,42,8,258,1.4203935861587524,0.22189700603485107,3.0315396785736084,0.3900909721851349,0.10676351189613342,0.12027010321617126,0.25490758308848877,0.38031873981203795,0.3765351176261902,0.4335384327907476,10x_human_lymph_node_A1
Full_ARISE_v2,42,9,259,1.4172974824905396,0.2212810218334198,3.0326550006866455,0.390794575214386,0.10678737610578537,0.1191607266664505,0.2561198710197894,0.38193534240676413,0.386422723531723,0.43519942400255995,10x_human_lymph_node_A1
Full_ARISE_v2,42,10,260,1.4139034748077393,0.22077912092208862,3.0330028533935547,0.39049580693244934,0.10741154849529266,0.11837358772754669,0.25704104482347734,0.3817793504777863,0.39475563168525696,0.43522059199362145,10x_human_lymph_node_A1
Full_ARISE_v2,42,11,261,1.4105615615844727,0.2203827202320099,3.033493995666504,0.3903903365135193,0.10785013437271118,0.11751402914524078,0.2556725611732269,0.3806185455740846,0.4026469588279724,0.43414034132398305,10x_human_lymph_node_A1
Full_ARISE_v2,42,12,262,1.4069581031799316,0.21958200633525848,3.0340492725372314,0.3912357687950134,0.10774067789316177,0.11617933958768845,0.2558099919431964,0.38120863549676276,0.4130902886390686,0.43450055013490974,10x_human_lymph_node_A1
Full_ARISE_v2,42,13,263,1.4035528898239136,0.21961738169193268,3.0339577198028564,0.39059948921203613,0.10814627259969711,0.11579292267560959,0.2555191718705407,0.3785216192715618,0.4190843403339386,0.43195263381187615,10x_human_lymph_node_A1
Full_ARISE_v2,42,14,264,1.4011988639831543,0.21881741285324097,3.0348527431488037,0.3912138044834137,0.1090037077665329,0.1153838261961937,0.2549580254906714,0.3791452741851244,0.42786577343940735,0.4325189876805441,10x_human_lymph_node_A1
Full_ARISE_v2,42,15,265,1.399032473564148,0.21898922324180603,3.036652088165283,0.3901215195655823,0.10986902564764023,0.11558520048856735,0.2558011833888424,0.377725369866429,0.4278271198272705,0.43129443079302215,10x_human_lymph_node_A1
Full_ARISE_v2,42,16,266,1.3990650177001953,0.2178145796060562,3.039076089859009,0.39344197511672974,0.11052826792001724,0.11568908393383026,0.25352565199992155,0.3812812593494612,0.4338134229183197,0.4348580880133468,10x_human_lymph_node_A1
Full_ARISE_v2,42,17,267,1.3914685249328613,0.2182369828224182,3.0370304584503174,0.39031049609184265,0.1098780557513237,0.11335426568984985,0.25530722909970277,0.3771849451585019,0.4451766908168793,0.4306531902181221,10x_human_lymph_node_A1
Full_ARISE_v2,42,18,268,1.3863962888717651,0.21794630587100983,3.0355684757232666,0.39106667041778564,0.10853701829910278,0.11191059648990631,0.2562089953198219,0.3802370091783274,0.45520320534706116,0.43441206814658806,10x_human_lymph_node_A1
Full_ARISE_v2,42,19,269,1.3837848901748657,0.2170894294977188,3.0355846881866455,0.39213332533836365,0.10914985090494156,0.111440010368824,0.25680002785279593,0.3823699262695497,0.4583456814289093,0.4366660846753182,10x_human_lymph_node_A1
Full_ARISE_v2,42,20,270,1.3802030086517334,0.21736843883991241,3.0352001190185547,0.3906961977481842,0.10996130108833313,0.11106830835342407,0.2563774009892374,0.37812332686747624,0.4638735055923462,0.43211508187024356,10x_human_lymph_node_A1
Full_ARISE_v2,42,21,271,1.375592827796936,0.21612024307250977,3.034620761871338,0.39161235094070435,0.10918832570314407,0.109782874584198,0.2570008213421749,0.38100554215225313,0.47238689661026,0.43526849065995066,10x_human_lymph_node_A1
Full_ARISE_v2,42,22,272,1.3711975812911987,0.2157396674156189,3.0339369773864746,0.3916127383708954,0.1086103618144989,0.10886559635400772,0.2561682555267854,0.3802132454450239,0.4779030382633209,0.43454943897862625,10x_human_lymph_node_A1
Full_ARISE_v2,42,23,273,1.3682681322097778,0.21579493582248688,3.0338540077209473,0.39088934659957886,0.10939052700996399,0.10874788463115692,0.256072425194141,0.379220424619559,0.480898380279541,0.4334512544681486,10x_human_lymph_node_A1
Full_ARISE_v2,42,24,274,1.3651056289672852,0.2149561494588852,3.0335426330566406,0.3918527662754059,0.10925565659999847,0.10839150846004486,0.25616474508644826,0.3799248492387813,0.48604995012283325,0.43427844952426714,10x_human_lymph_node_A1
Full_ARISE_v2,42,25,275,1.3599692583084106,0.21461288630962372,3.0331997871398926,0.3912750482559204,0.10834361612796783,0.10699337720870972,0.25553251404114813,0.3799702326674816,0.49376264214515686,0.4343382121820561,10x_human_lymph_node_A1
Full_ARISE_v2,42,26,276,1.3564287424087524,0.21428081393241882,3.0326461791992188,0.39100295305252075,0.10856989026069641,0.10661581158638,0.2549796727132069,0.3800179771372748,0.5000078678131104,0.43471754765603215,10x_human_lymph_node_A1
Full_ARISE_v2,42,27,277,1.3530588150024414,0.21386191248893738,3.0319087505340576,0.3917008936405182,0.10824323445558548,0.10626080632209778,0.25446811190235674,0.3803190436341917,0.5034943222999573,0.4349750906920733,10x_human_lymph_node_A1
Full_ARISE_v2,42,28,278,1.3498024940490723,0.21416355669498444,3.032491683959961,0.391160786151886,0.10806430131196976,0.10576047003269196,0.25557190971123644,0.3803819916925139,0.50473552942276,0.4351184552048608,10x_human_lymph_node_A1
Full_ARISE_v2,42,29,279,1.3467350006103516,0.2134379744529724,3.032341480255127,0.3914952278137207,0.10821149498224258,0.10559443384408951,0.25519593217234104,0.38137042609759514,0.512244462966919,0.43612048930504,10x_human_lymph_node_A1
Full_ARISE_v2,42,30,280,1.3417651653289795,0.21335020661354065,3.03125,0.39132362604141235,0.10739563405513763,0.10410905629396439,0.25449196314343464,0.37983048438629075,0.5157721042633057,0.4345984106288823,10x_human_lymph_node_A1
Full_ARISE_v2,42,31,281,1.3380639553070068,0.2128051221370697,3.030648946762085,0.39137375354766846,0.10693787783384323,0.10396578907966614,0.2556999159203365,0.38112889382644016,0.5228430032730103,0.43613540229528963,10x_human_lymph_node_A1
Full_ARISE_v2,42,32,282,1.3343775272369385,0.21221260726451874,3.0301101207733154,0.3913027346134186,0.10711454600095749,0.10332557559013367,0.25488162165606715,0.37928596087257144,0.5261359810829163,0.4340379105478066,10x_human_lymph_node_A1
Full_ARISE_v2,42,33,283,1.331007719039917,0.21262246370315552,3.0299923419952393,0.39122092723846436,0.1066260039806366,0.10275424271821976,0.25331849179883154,0.37894419601103096,0.5281235575675964,0.4337902602898677,10x_human_lymph_node_A1
Full_ARISE_v2,42,34,284,1.3288990259170532,0.21224400401115417,3.030107259750366,0.3913826644420624,0.10707761347293854,0.10332739353179932,0.2563147331037844,0.3809763711338876,0.531517744064331,0.436189067461541,10x_human_lymph_node_A1
Full_ARISE_v2,42,35,285,1.3252824544906616,0.212727352976799,3.029802083969116,0.3911815881729126,0.10671664029359818,0.10239983350038528,0.25209559636012957,0.37728539244284376,0.531402051448822,0.4321274965478928,10x_human_lymph_node_A1
Full_ARISE_v2,42,36,286,1.3223005533218384,0.21157608926296234,3.029397487640381,0.3919248580932617,0.10676328092813492,0.10243108123540878,0.2557368928937526,0.3821721619109832,0.5358189344406128,0.4374661256835254,10x_human_lymph_node_A1
Full_ARISE_v2,42,37,287,1.3168926239013672,0.21113602817058563,3.028437614440918,0.39087891578674316,0.10613944381475449,0.10105351358652115,0.25374930309283766,0.37913754740371747,0.5428078770637512,0.4343098123782842,10x_human_lymph_node_A1
Full_ARISE_v2,42,38,288,1.313083529472351,0.21060779690742493,3.028214693069458,0.39120277762413025,0.10546906292438507,0.10036823153495789,0.25374035554286406,0.38023649523444303,0.5481722354888916,0.435647628776713,10x_human_lymph_node_A1
Full_ARISE_v2,42,39,289,1.3110342025756836,0.21035727858543396,3.0283026695251465,0.3913199305534363,0.10621677339076996,0.10060825943946838,0.25428557962202825,0.38141357139961046,0.5492420792579651,0.4370300999561295,10x_human_lymph_node_A1
Full_ARISE_v2,42,40,290,1.3085628747940063,0.21139925718307495,3.028319835662842,0.39080920815467834,0.10651395469903946,0.10026563704013824,0.2529215816197327,0.37917510231318347,0.5496083498001099,0.43458649068144406,10x_human_lymph_node_A1
Full_ARISE_v2,42,41,291,1.3053041696548462,0.2103741317987442,3.0279123783111572,0.3918723464012146,0.10583662241697311,0.10013210773468018,0.2545738794824123,0.38095112272466836,0.5551781058311462,0.4364876979875875,10x_human_lymph_node_A1
Full_ARISE_v2,42,42,292,1.3001599311828613,0.2100636214017868,3.0268847942352295,0.3909614086151123,0.10534077882766724,0.09875214099884033,0.2525653649272881,0.38004572757817734,0.558655858039856,0.435708065700618,10x_human_lymph_node_A1
Full_ARISE_v2,42,43,293,1.297147512435913,0.20916737616062164,3.026545524597168,0.3902914524078369,0.10603233426809311,0.0991046130657196,0.2544086470122176,0.3810970150004924,0.5652417540550232,0.4370151347809793,10x_human_lymph_node_A1
Full_ARISE_v2,42,44,294,1.2942724227905273,0.2090805470943451,3.0271410942077637,0.3922462463378906,0.10471371561288834,0.09795770049095154,0.25226288363428484,0.38002713078824385,0.566230833530426,0.43538002426889794,10x_human_lymph_node_A1
Full_ARISE_v2,42,45,295,1.291393518447876,0.20960843563079834,3.0262298583984375,0.39057108759880066,0.10593552142381668,0.09807628393173218,0.2537861994486226,0.3800107579610605,0.5690870881080627,0.4358903976817784,10x_human_lymph_node_A1
Full_ARISE_v2,42,46,296,1.288311243057251,0.20857946574687958,3.0257728099823,0.3906709551811218,0.1059277206659317,0.09841619431972504,0.25487828293867715,0.38059789531165433,0.5736768841743469,0.4364963433938968,10x_human_lymph_node_A1
Full_ARISE_v2,42,47,297,1.2841018438339233,0.20871101319789886,3.026740312576294,0.3921518325805664,0.10381811112165451,0.09617339074611664,0.25178883892267734,0.37978303141304465,0.573127269744873,0.4352206278747448,10x_human_lymph_node_A1
Full_ARISE_v2,42,48,298,1.2834779024124146,0.2078341692686081,3.027348279953003,0.389758825302124,0.10738884657621384,0.0981285572052002,0.25585575259456156,0.38129022002596025,0.5806403160095215,0.4374020335554449,10x_human_lymph_node_A1
Full_ARISE_v2,42,49,299,1.277710199356079,0.2075527310371399,3.0267670154571533,0.39170530438423157,0.10409949719905853,0.09555458277463913,0.25212392497573066,0.3797392975912871,0.582549512386322,0.43523155686914833,10x_human_lymph_node_A1
Full_ARISE_v2,42,50,300,1.2744098901748657,0.20684093236923218,3.024899959564209,0.3906939625740051,0.10510363429784775,0.09611855447292328,0.2535441041745561,0.38002062531987624,0.5889466404914856,0.43598226226175246,10x_human_lymph_node_A1
Full_ARISE_v2,42,51,301,1.2708125114440918,0.20634464919567108,3.024354934692383,0.3905133306980133,0.1052173599600792,0.0954379141330719,0.2526003723025047,0.3789731196090462,0.592108964920044,0.4346595398983207,10x_human_lymph_node_A1
Full_ARISE_v2,42,52,302,1.2672584056854248,0.20638838410377502,3.024141311645508,0.3916943371295929,0.10363404452800751,0.09456318616867065,0.2512334834333511,0.3796424492175099,0.5938476324081421,0.435376156093033,10x_human_lymph_node_A1
Full_ARISE_v2,42,53,303,1.2658270597457886,0.20622970163822174,3.0239734649658203,0.3903017044067383,0.10598324239253998,0.09539807587862015,0.2545413496843653,0.3807918649355837,0.5983377695083618,0.4369017534368098,10x_human_lymph_node_A1
Full_ARISE_v2,42,54,304,1.2621805667877197,0.20589850842952728,3.0243730545043945,0.39126381278038025,0.1048499345779419,0.09410881996154785,0.24926633857327188,0.37795246069024746,0.6002416014671326,0.43339724156112147,10x_human_lymph_node_A1
Full_ARISE_v2,42,55,305,1.2589858770370483,0.20554794371128082,3.0232644081115723,0.3909453749656677,0.10497599840164185,0.09425882995128632,0.2534537774971227,0.38046759796747803,0.6051532626152039,0.4365088251994907,10x_human_lymph_node_A1
Full_ARISE_v2,42,56,306,1.2552090883255005,0.20490315556526184,3.02262544631958,0.3903374969959259,0.1049838438630104,0.09395080804824829,0.2507189461500547,0.37855315536099754,0.6083426475524902,0.4345793793551236,10x_human_lymph_node_A1
Full_ARISE_v2,42,57,307,1.25198233127594,0.2047206312417984,3.0223634243011475,0.39141860604286194,0.10412809997797012,0.09308136999607086,0.2508483867298391,0.3791967208629978,0.6101967692375183,0.43508658689589363,10x_human_lymph_node_A1
Full_ARISE_v2,42,58,308,1.2499369382858276,0.20449474453926086,3.0221359729766846,0.3903481364250183,0.10565199702978134,0.09357675164937973,0.25212880971397666,0.3795502917771386,0.6143036484718323,0.435557099655885,10x_human_lymph_node_A1
Full_ARISE_v2,42,59,309,1.24665105342865,0.20425628125667572,3.0220468044281006,0.3912512958049774,0.10465396195650101,0.09286288917064667,0.24960817697800838,0.37811365678209946,0.6141279935836792,0.43381884369125284,10x_human_lymph_node_A1
Full_ARISE_v2,42,60,310,1.2446434497833252,0.20533297955989838,3.0213780403137207,0.3908902108669281,0.10517024248838425,0.09287583827972412,0.25321773695486904,0.3802686934515475,0.618299663066864,0.4363761488628796,10x_human_lymph_node_A1
Full_ARISE_v2,42,61,311,1.2455495595932007,0.20583657920360565,3.02284574508667,0.3908500373363495,0.10697269439697266,0.09471143037080765,0.2515038222605617,0.38129346246196655,0.6129695773124695,0.43773787006832776,10x_human_lymph_node_A1
Full_ARISE_v2,42,62,312,1.2459502220153809,0.2086283564567566,3.027284860610962,0.3922635018825531,0.10658537596464157,0.09312896430492401,0.24995185933182704,0.3791550605430257,0.5962749123573303,0.4349266104233078,10x_human_lymph_node_A1
Full_ARISE_v2,42,63,313,1.245184302330017,0.20715123414993286,3.0294742584228516,0.39039427042007446,0.10914995521306992,0.09480617195367813,0.25126631886856493,0.38225042525956116,0.6063516736030579,0.43910500017928583,10x_human_lymph_node_A1
Full_ARISE_v2,42,64,314,1.234266757965088,0.20459774136543274,3.024261474609375,0.3902460038661957,0.1052514910697937,0.09185542911291122,0.2482639698327673,0.3776679930428016,0.6096876263618469,0.43370434533049124,10x_human_lymph_node_A1
Full_ARISE_v2,42,65,315,1.230007529258728,0.2052728533744812,3.020998001098633,0.3910970985889435,0.10365940630435944,0.09130136668682098,0.24961667456177836,0.37788867692608075,0.6195834875106812,0.4340061297064863,10x_human_lymph_node_A1
Full_ARISE_v2,42,66,316,1.2344785928726196,0.2060500681400299,3.0261051654815674,0.3907929062843323,0.10772077739238739,0.09390433132648468,0.25096710759681934,0.3804157507845508,0.6095326542854309,0.4369098200085724,10x_human_lymph_node_A1
Full_ARISE_v2,42,67,317,1.225511074066162,0.2051379531621933,3.0230751037597656,0.39075323939323425,0.1042461022734642,0.0906391590833664,0.24863219585742613,0.3759591832770658,0.6197346448898315,0.43154694299260693,10x_human_lymph_node_A1
Full_ARISE_v2,42,68,318,1.2198988199234009,0.20354574918746948,3.0204992294311523,0.39034339785575867,0.10321518778800964,0.09031498432159424,0.24960095640484561,0.3770210160319804,0.6257740259170532,0.432982983927686,10x_human_lymph_node_A1
Full_ARISE_v2,42,69,319,1.222271203994751,0.2055586278438568,3.0237104892730713,0.3902038335800171,0.10517209768295288,0.09184955060482025,0.25185757944601544,0.3817416744627423,0.6187947392463684,0.4386019105588133,10x_human_lymph_node_A1
Full_ARISE_v2,42,70,320,1.2134838104248047,0.20347848534584045,3.0199198722839355,0.39122286438941956,0.10157334059476852,0.08932758867740631,0.2476706269748708,0.37633631076697766,0.6273708939552307,0.43218750099612985,10x_human_lymph_node_A1
Full_ARISE_v2,42,71,321,1.2121843099594116,0.20288537442684174,3.021341562271118,0.39030003547668457,0.10366557538509369,0.08945656567811966,0.24904535094326682,0.3759792345236968,0.6285197138786316,0.43178244169648167,10x_human_lymph_node_A1
Full_ARISE_v2,42,72,322,1.2109984159469604,0.20290762186050415,3.0207650661468506,0.3895960748195648,0.10514523088932037,0.09066633135080338,0.25190154939236187,0.381138247364575,0.6286681890487671,0.43789940806788524,10x_human_lymph_node_A1
Full_ARISE_v2,42,73,323,1.2051820755004883,0.20323729515075684,3.019109010696411,0.39180564880371094,0.10104632377624512,0.08850377798080444,0.2500133699570615,0.3791686120505741,0.6327598094940186,0.4354763594386302,10x_human_lymph_node_A1
Full_ARISE_v2,42,74,324,1.2029544115066528,0.20202867686748505,3.0201737880706787,0.3904704749584198,0.10292491316795349,0.0886191725730896,0.24824151636337233,0.3764878905558176,0.6335173845291138,0.4322143183343791,10x_human_lymph_node_A1
Full_ARISE_v2,42,75,325,1.2006025314331055,0.20115171372890472,3.0179331302642822,0.38890257477760315,0.10512716323137283,0.08991213142871857,0.2517149581006183,0.37964971324953667,0.6384965181350708,0.4363156117573523,10x_human_lymph_node_A1
Full_ARISE_v2,42,76,326,1.1971126794815063,0.20253922045230865,3.018446683883667,0.3916492462158203,0.1015288457274437,0.08793672919273376,0.25016236535195485,0.3805525757029015,0.6388362646102905,0.4371725893948464,10x_human_lymph_node_A1
Full_ARISE_v2,42,77,327,1.1930487155914307,0.20063698291778564,3.017667055130005,0.3912419080734253,0.10205152630805969,0.08750234544277191,0.2488642254841514,0.37709019202344446,0.6435385942459106,0.433018269030866,10x_human_lymph_node_A1
Full_ARISE_v2,42,78,328,1.1920913457870483,0.19994531571865082,3.0171334743499756,0.38883814215660095,0.10570651292800903,0.08900322765111923,0.25118211505207616,0.3786731996530587,0.6467031240463257,0.4351702082734408,10x_human_lymph_node_A1
Full_ARISE_v2,42,79,329,1.1884816884994507,0.20112036168575287,3.016651153564453,0.3907734453678131,0.1025928258895874,0.0878254622220993,0.2514861352558428,0.38082712901622673,0.6492128372192383,0.4375848540688821,10x_human_lymph_node_A1
Full_ARISE_v2,42,80,330,1.1846566200256348,0.2001616656780243,3.0164670944213867,0.39160311222076416,0.10172569751739502,0.08681066334247589,0.25082108598367325,0.38091079753081414,0.6509419679641724,0.4375619785294435,10x_human_lymph_node_A1
Full_ARISE_v2,42,81,331,1.1826945543289185,0.19896399974822998,3.0155346393585205,0.3893348276615143,0.10514196008443832,0.08764143288135529,0.2503841199900645,0.3776537244674637,0.6547535061836243,0.4339090707261963,10x_human_lymph_node_A1
Full_ARISE_v2,42,82,332,1.179844617843628,0.1994059532880783,3.0155584812164307,0.3900461494922638,0.10370153188705444,0.08734384924173355,0.25148769802582477,0.3808797484980718,0.6591669917106628,0.43788637789504203,10x_human_lymph_node_A1
Full_ARISE_v2,42,83,333,1.1768012046813965,0.19940106570720673,3.015242338180542,0.39133310317993164,0.10251054167747498,0.08654386550188065,0.24920785965532924,0.3794063371167875,0.6585972905158997,0.43599150435342243,10x_human_lymph_node_A1
Full_ARISE_v2,42,84,334,1.1742913722991943,0.19848433136940002,3.0150694847106934,0.3899901807308197,0.10456696152687073,0.08644041419029236,0.2501477490134485,0.37865879390763074,0.6624894738197327,0.4350804962879047,10x_human_lymph_node_A1
Full_ARISE_v2,42,85,335,1.1712758541107178,0.1977643370628357,3.0151190757751465,0.38989177346229553,0.10435262322425842,0.08641621470451355,0.25116995299499717,0.3796836983246287,0.66642165184021,0.43639957975789756,10x_human_lymph_node_A1
Full_ARISE_v2,42,86,336,1.1678028106689453,0.19858688116073608,3.014254093170166,0.3912907838821411,0.10195321589708328,0.08567926287651062,0.24881704194854587,0.379342355464749,0.664752721786499,0.4359474462377359,10x_human_lymph_node_A1
Full_ARISE_v2,42,87,337,1.166553258895874,0.19746175408363342,3.014967441558838,0.38980022072792053,0.10518306493759155,0.08598295599222183,0.2506558826336288,0.3793231960030507,0.6705042719841003,0.43602545653019986,10x_human_lymph_node_A1
Full_ARISE_v2,42,88,338,1.162341833114624,0.19676686823368073,3.0137157440185547,0.39038002490997314,0.10388778150081635,0.08538654446601868,0.2511324953439953,0.38025116356454297,0.6732370257377625,0.43703391521681045,10x_human_lymph_node_A1
Full_ARISE_v2,42,89,339,1.1594536304473877,0.19742542505264282,3.0137529373168945,0.3909095227718353,0.10253707319498062,0.08489061892032623,0.2490733907403015,0.37874209550501575,0.67369145154953,0.43542723444048914,10x_human_lymph_node_A1
Full_ARISE_v2,42,90,340,1.1586685180664062,0.1963234692811966,3.01348614692688,0.3891054689884186,0.10646797716617584,0.08588878810405731,0.25230136136729053,0.3809801354591096,0.6758168339729309,0.43801647415477984,10x_human_lymph_node_A1
Full_ARISE_v2,42,91,341,1.153620958328247,0.19688795506954193,3.012983560562134,0.3916967511177063,0.10213633626699448,0.08379951864480972,0.24888001596165424,0.378297885063493,0.6762381792068481,0.43461829275583813,10x_human_lymph_node_A1
Full_ARISE_v2,42,92,342,1.1523337364196777,0.19595828652381897,3.012584686279297,0.3895130753517151,0.10507000982761383,0.0853503942489624,0.25053983170268446,0.3805533674104039,0.6816116571426392,0.4376801453828562,10x_human_lymph_node_A1
Full_ARISE_v2,42,93,343,1.1497057676315308,0.19642972946166992,3.012974262237549,0.3899405896663666,0.10446721315383911,0.08452634513378143,0.2496860884706647,0.3796010888267582,0.6811313033103943,0.43644229998144324,10x_human_lymph_node_A1
Full_ARISE_v2,42,94,344,1.1472079753875732,0.1962306648492813,3.0125389099121094,0.3911474049091339,0.10391242802143097,0.08407892286777496,0.2498427936414977,0.37967037964718264,0.6829560399055481,0.43630209091348127,10x_human_lymph_node_A1
Full_ARISE_v2,42,95,345,1.1452819108963013,0.19720692932605743,3.0128285884857178,0.38967135548591614,0.1043720543384552,0.08454862236976624,0.2481051355780709,0.37882412455130304,0.6826516389846802,0.43580109262297995,10x_human_lymph_node_A1
Full_ARISE_v2,42,96,346,1.1434332132339478,0.19634602963924408,3.012118101119995,0.3897876441478729,0.10589930415153503,0.0846390649676323,0.2510915878926049,0.37989366648979717,0.6849003434181213,0.43670785189680317,10x_human_lymph_node_A1
Full_ARISE_v2,42,97,347,1.1398876905441284,0.19834472239017487,3.0116610527038574,0.3917967677116394,0.10254640877246857,0.08290749788284302,0.24819898166694335,0.3774102628032391,0.6805766224861145,0.4336292703154241,10x_human_lymph_node_A1
Full_ARISE_v2,42,98,348,1.1403205394744873,0.19697530567646027,3.011152744293213,0.38847702741622925,0.10802347213029861,0.08571217209100723,0.25209669511997296,0.384276471144178,0.6841287612915039,0.4421583659375917,10x_human_lymph_node_A1
Full_ARISE_v2,42,99,349,1.1338036060333252,0.1969713717699051,3.0106189250946045,0.3908347487449646,0.10318688303232193,0.0828351303935051,0.247844673179496,0.3785778701213109,0.6859285831451416,0.435358553313719,10x_human_lymph_node_A1
Full_ARISE_v2,42,100,350,1.1297944784164429,0.19492676854133606,3.009596347808838,0.39070799946784973,0.10319621115922928,0.08286739885807037,0.24972998620745251,0.3797737299025136,0.6913573145866394,0.4366459265714326,10x_human_lymph_node_A1
Full_ARISE_v2,42,101,351,1.1276150941848755,0.19428128004074097,3.009584426879883,0.38911497592926025,0.10479642450809479,0.08347134292125702,0.2513452168377774,0.3812087750840515,0.6931701898574829,0.43852531538759715,10x_human_lymph_node_A1
Full_ARISE_v2,42,102,352,1.123568058013916,0.19446176290512085,3.0092270374298096,0.39101603627204895,0.1022137776017189,0.08188311755657196,0.24804946895602234,0.3780081171151527,0.6928531527519226,0.4345875491617265,10x_human_lymph_node_A1
Full_ARISE_v2,42,103,353,1.1222724914550781,0.1941632479429245,3.0085813999176025,0.3899860084056854,0.10430081933736801,0.08267958462238312,0.2503912439416459,0.3804661401185936,0.695434033870697,0.43751594468124105,10x_human_lymph_node_A1
Full_ARISE_v2,42,104,354,1.1213809251785278,0.19581736624240875,3.0098743438720703,0.3892737627029419,0.10435602813959122,0.08307868987321854,0.24946915795480146,0.3796334093672277,0.6944034099578857,0.4368293073817952,10x_human_lymph_node_A1
Full_ARISE_v2,42,105,355,1.118890404701233,0.19543346762657166,3.0098891258239746,0.3907569944858551,0.10377980023622513,0.08227486163377762,0.24994936164325368,0.3799628149503418,0.6950533390045166,0.4368029096464404,10x_human_lymph_node_A1
Full_ARISE_v2,42,106,356,1.1149766445159912,0.19531483948230743,3.0085809230804443,0.3898991644382477,0.10330905020236969,0.0820731520652771,0.24935173495118584,0.3802720996410773,0.6984666585922241,0.4375986712488969,10x_human_lymph_node_A1
Full_ARISE_v2,42,107,357,1.1120455265045166,0.19316795468330383,3.0079848766326904,0.38929474353790283,0.1047951877117157,0.08239686489105225,0.24901236403042315,0.3790484713492062,0.7026705145835876,0.4360494553586955,10x_human_lymph_node_A1
Full_ARISE_v2,42,108,358,1.1083407402038574,0.19332897663116455,3.0078160762786865,0.39149126410484314,0.10243433713912964,0.08067910373210907,0.24882623297532297,0.37998164475746504,0.7034488320350647,0.4367756689075663,10x_human_lymph_node_A1
Full_ARISE_v2,42,109,359,1.1061451435089111,0.1922050565481186,3.0069782733917236,0.38866716623306274,0.1049005314707756,0.08232533931732178,0.2492036329515901,0.37936727150904664,0.7059842348098755,0.43659303511361447,10x_human_lymph_node_A1
Full_ARISE_v2,42,110,360,1.102526307106018,0.1917295753955841,3.006847858428955,0.39044734835624695,0.10336531698703766,0.08081882447004318,0.24888801190800092,0.3804407651599141,0.707347571849823,0.4375975436041503,10x_human_lymph_node_A1
Full_ARISE_v2,42,111,361,1.099861741065979,0.19195857644081116,3.0070297718048096,0.3903706669807434,0.10270819067955017,0.08068664371967316,0.24785288090183932,0.37956796835768314,0.7102941274642944,0.43660735215479096,10x_human_lymph_node_A1
Full_ARISE_v2,42,112,362,1.098852276802063,0.19131794571876526,3.0064268112182617,0.3887750208377838,0.10560540109872818,0.08179876208305359,0.24845801302498655,0.3803423757910617,0.7119749784469604,0.43774096706266197,10x_human_lymph_node_A1
Full_ARISE_v2,42,113,363,1.0951253175735474,0.19291901588439941,3.0062673091888428,0.39141491055488586,0.1018683910369873,0.07974132150411606,0.24711595259799785,0.377752451423672,0.7098856568336487,0.4343507036785161,10x_human_lymph_node_A1
Full_ARISE_v2,42,114,364,1.0960612297058105,0.19236381351947784,3.0058670043945312,0.3885307013988495,0.1071588397026062,0.08208818733692169,0.2512022131582497,0.3826403348188093,0.7116108536720276,0.44019904125771364,10x_human_lymph_node_A1
Full_ARISE_v2,42,115,365,1.0928974151611328,0.19504286348819733,3.0062949657440186,0.39039671421051025,0.10330334305763245,0.08039005845785141,0.24657458079965447,0.3779747761496902,0.7054928541183472,0.43500318337209587,10x_human_lymph_node_A1
Full_ARISE_v2,42,116,366,1.093432068824768,0.19505314528942108,3.0065200328826904,0.3904264271259308,0.10626345127820969,0.08097454905509949,0.2514710059476584,0.38338784643335705,0.7094088196754456,0.44089114284582553,10x_human_lymph_node_A1
Full_ARISE_v2,42,117,367,1.091315746307373,0.19621047377586365,3.007025718688965,0.3885059952735901,0.10634765774011612,0.08156068623065948,0.24601866063032235,0.37641775692587987,0.7028481960296631,0.4334352760757456,10x_human_lymph_node_A1
Full_ARISE_v2,42,118,368,1.083761215209961,0.19235435128211975,3.005312442779541,0.3898642063140869,0.103668212890625,0.08001372218132019,0.24855566927903505,0.3803123849940622,0.7158088088035583,0.43765504384127263,10x_human_lymph_node_A1
Full_ARISE_v2,42,119,369,1.0796911716461182,0.19162309169769287,3.00522780418396,0.3911316990852356,0.10205291956663132,0.07864028215408325,0.2478352033461692,0.37926293571864944,0.7169420719146729,0.4363162558688658,10x_human_lymph_node_A1
Full_ARISE_v2,42,120,370,1.0806188583374023,0.19223256409168243,3.005918502807617,0.38828885555267334,0.10575471818447113,0.08090616762638092,0.24739260406535193,0.3786188512387843,0.7115513682365417,0.4360051428920568,10x_human_lymph_node_A1
Full_ARISE_v2,42,121,371,1.076171875,0.19180697202682495,3.0044732093811035,0.3897911310195923,0.10375667363405228,0.07958254218101501,0.2501646042158898,0.38242062780261715,0.7165277004241943,0.44010557789140564,10x_human_lymph_node_A1
Full_ARISE_v2,42,122,372,1.0721633434295654,0.19190843403339386,3.0047688484191895,0.3909919857978821,0.10125581175088882,0.07831578701734543,0.24826645321654695,0.37959339745193177,0.7172471880912781,0.43668743021349127,10x_human_lymph_node_A1
Full_ARISE_v2,42,123,373,1.072750449180603,0.19054032862186432,3.0055620670318604,0.3879890441894531,0.10629653930664062,0.08059380948543549,0.248230306194927,0.3792781838563065,0.7184964418411255,0.43676105900575013,10x_human_lymph_node_A1
Full_ARISE_v2,42,124,374,1.0683773756027222,0.19195710122585297,3.0041146278381348,0.3909621834754944,0.10227612406015396,0.07839968800544739,0.24852463224787497,0.3803951592262158,0.7203803062438965,0.43761056068191917,10x_human_lymph_node_A1
Full_ARISE_v2,42,125,375,1.0668466091156006,0.19220608472824097,3.0032169818878174,0.38991570472717285,0.10351215302944183,0.07922746241092682,0.24793510128297402,0.3791119280091723,0.7186418175697327,0.43618577402757885,10x_human_lymph_node_A1
Full_ARISE_v2,42,126,376,1.0648317337036133,0.19088301062583923,3.0046048164367676,0.38920360803604126,0.10501251369714737,0.07911117374897003,0.2501251456978274,0.3820093542604193,0.7244077920913696,0.4396135396080864,10x_human_lymph_node_A1
Full_ARISE_v2,42,127,377,1.060693621635437,0.19060945510864258,3.0055110454559326,0.3898349106311798,0.10201193392276764,0.07871147990226746,0.24685719506845324,0.3797634665698453,0.727051854133606,0.43731367765799767,10x_human_lymph_node_A1
Full_ARISE_v2,42,128,378,1.0579590797424316,0.1885596364736557,3.0040271282196045,0.3900887668132782,0.10461658239364624,0.07767687737941742,0.2491122919616935,0.3798272447154338,0.7269246578216553,0.4368814611251028,10x_human_lymph_node_A1
Full_ARISE_v2,42,129,379,1.0548806190490723,0.18882142007350922,3.0023722648620605,0.3889383375644684,0.10395694524049759,0.07876574993133545,0.24759438564522399,0.37941903924028286,0.7302984595298767,0.4368012720729329,10x_human_lymph_node_A1
Full_ARISE_v2,42,130,380,1.0514194965362549,0.18874546885490417,3.002223014831543,0.3899058997631073,0.10251970589160919,0.07773983478546143,0.24701507286507698,0.3789857455074311,0.7314302921295166,0.43619211560919846,10x_human_lymph_node_A1
Full_ARISE_v2,42,131,381,1.0510985851287842,0.1882888823747635,3.0035150051116943,0.38988789916038513,0.10503248125314713,0.07747995853424072,0.2498708660735235,0.38057598095408113,0.7331769466400146,0.43784320535884075,10x_human_lymph_node_A1
Full_ARISE_v2,42,132,382,1.0487388372421265,0.18941937386989594,3.003180980682373,0.38862448930740356,0.1037936583161354,0.0787830725312233,0.24614796037303624,0.3791682078780737,0.7329282164573669,0.43687936664627786,10x_human_lymph_node_A1
Full_ARISE_v2,42,133,383,1.0451456308364868,0.18816518783569336,3.0007846355438232,0.39042308926582336,0.10444322228431702,0.07684770226478577,0.2484190522461657,0.3800695730529482,0.7360297441482544,0.43731982820247367,10x_human_lymph_node_A1
Full_ARISE_v2,42,134,384,1.042956829071045,0.18781614303588867,3.0004587173461914,0.38923540711402893,0.10485430806875229,0.07795166969299316,0.24768048297020723,0.37966330381203933,0.7369248867034912,0.4370516073616637,10x_human_lymph_node_A1
Full_ARISE_v2,42,135,385,1.040808916091919,0.18916386365890503,3.000821113586426,0.3896417021751404,0.10341433435678482,0.07765888422727585,0.2469670111989711,0.37981227241984433,0.7364229559898376,0.4373401793696926,10x_human_lymph_node_A1
Full_ARISE_v2,42,136,386,1.0401849746704102,0.18828023970127106,3.0002949237823486,0.3893597424030304,0.10698559135198593,0.07740618288516998,0.24908652309991883,0.3801812517802207,0.7348545789718628,0.4373761299896244,10x_human_lymph_node_A1
Full_ARISE_v2,42,137,387,1.036996603012085,0.19124145805835724,3.000430107116699,0.3907008469104767,0.10217318683862686,0.07690785825252533,0.2469219455675804,0.3802007234100667,0.7322351932525635,0.4377024885669731,10x_human_lymph_node_A1
Full_ARISE_v2,42,138,388,1.041375756263733,0.19174078106880188,3.0006086826324463,0.38795003294944763,0.11043192446231842,0.0792413055896759,0.25136828451601273,0.3841943010010251,0.7295117974281311,0.44225562290231357,10x_human_lymph_node_A1
Full_ARISE_v2,42,139,389,1.036133885383606,0.19372591376304626,3.000656843185425,0.38985416293144226,0.10490567982196808,0.07715475559234619,0.24687534771740613,0.3790676433457865,0.7254437804222107,0.4362667601806985,10x_human_lymph_node_A1
Full_ARISE_v2,42,140,390,1.0303032398223877,0.1906418800354004,2.999479293823242,0.3904024064540863,0.10317380726337433,0.07680164277553558,0.24922817656067364,0.38359822715838593,0.7368783354759216,0.4416489785165846,10x_human_lymph_node_A1
Full_ARISE_v2,42,141,391,1.027746558189392,0.18838262557983398,2.999028444290161,0.388102650642395,0.10625146329402924,0.07752741873264313,0.2501013115184541,0.3823411648322568,0.7371007800102234,0.44028938961553993,10x_human_lymph_node_A1
Full_ARISE_v2,42,142,392,1.022919774055481,0.18877854943275452,2.998713493347168,0.39010223746299744,0.10197392851114273,0.07621202617883682,0.24753549533680674,0.3799998288436885,0.735396683216095,0.43744231224415275,10x_human_lymph_node_A1
Full_ARISE_v2,42,143,393,1.0219075679779053,0.18882352113723755,2.9985227584838867,0.390632688999176,0.10355058312416077,0.07565914839506149,0.25019804921423483,0.38258897795461516,0.7389039397239685,0.44024515234239703,10x_human_lymph_node_A1
Full_ARISE_v2,42,144,394,1.0214624404907227,0.18959057331085205,2.9995663166046143,0.3877267837524414,0.105269655585289,0.07764608412981033,0.24771911270335895,0.37979111839214813,0.7377662658691406,0.4375387716336961,10x_human_lymph_node_A1
Full_ARISE_v2,42,145,395,1.016689419746399,0.18846718966960907,2.9981541633605957,0.38939741253852844,0.10293646156787872,0.07662148773670197,0.24790104169247845,0.38089309423090717,0.7404789328575134,0.4386622009313868,10x_human_lymph_node_A1
Full_ARISE_v2,42,146,396,1.0152983665466309,0.1891593039035797,2.998607635498047,0.39151933789253235,0.10288799554109573,0.07483705133199692,0.24921763585298712,0.3811954556026957,0.7407382726669312,0.4384575007755032,10x_human_lymph_node_A1
Full_ARISE_v2,42,147,397,1.0138424634933472,0.1882905811071396,2.999295711517334,0.38742196559906006,0.10534161329269409,0.07747562229633331,0.24699863701866417,0.38002347199138686,0.7386488914489746,0.43815854588197095,10x_human_lymph_node_A1
Full_ARISE_v2,42,148,398,1.0076416730880737,0.186024472117424,2.9979135990142822,0.3890032172203064,0.10300494730472565,0.07570048421621323,0.24767712495340888,0.3809349959635856,0.7460789084434509,0.43881507539003645,10x_human_lymph_node_A1
Full_ARISE_v2,42,149,399,1.006460189819336,0.187730610370636,2.99796199798584,0.39142081141471863,0.10196951776742935,0.07416971772909164,0.24845496113807963,0.38094378871200646,0.7458245158195496,0.43830946017697686,10x_human_lymph_node_A1
Full_ARISE_v2,42,150,400,1.0060663223266602,0.18744169175624847,2.9975838661193848,0.3877350687980652,0.10533846169710159,0.07685525715351105,0.2480998109931653,0.3800902619230284,0.7432385683059692,0.438057049355065,10x_human_lymph_node_A1
wo_Potts_MRF,42,1,251,1.4336309432983398,0.2142084538936615,3.0231971740722656,0.3889569044113159,0.10418029129505157,0.12596279382705688,0.25000044389015436,0.3741235389986532,0.3060438632965088,0.4245783667535387,10x_human_lymph_node_A1
wo_Potts_MRF,42,2,252,1.4371579885482788,0.2140778750181198,3.027090072631836,0.3923853635787964,0.10660899430513382,0.12689176201820374,0.2501910811748528,0.3750567396539804,0.3196004331111908,0.425002883276494,10x_human_lymph_node_A1
wo_Potts_MRF,42,3,253,1.4314391613006592,0.21463410556316376,3.0266408920288086,0.3889208734035492,0.10685137659311295,0.12509289383888245,0.25179490691970907,0.37195769235558884,0.3267131447792053,0.42250037927577455,10x_human_lymph_node_A1
wo_Potts_MRF,42,4,254,1.4311702251434326,0.21505364775657654,3.028529644012451,0.38831058144569397,0.1089392825961113,0.12580566108226776,0.252556307690906,0.3729104037878085,0.33149442076683044,0.42411903083561964,10x_human_lymph_node_A1
wo_Potts_MRF,42,5,255,1.4280849695205688,0.21454736590385437,3.0315258502960205,0.39247211813926697,0.10633248090744019,0.1225205808877945,0.25409030818687567,0.37817829279916204,0.34843042492866516,0.42909986939151185,10x_human_lymph_node_A1
wo_Potts_MRF,42,6,256,1.4262571334838867,0.21453750133514404,3.0336713790893555,0.3921341300010681,0.10763141512870789,0.12182300537824631,0.25556427753391403,0.3794873625449956,0.3595621585845947,0.4306012366975652,10x_human_lymph_node_A1
wo_Potts_MRF,42,7,257,1.4212918281555176,0.2145853340625763,3.033489227294922,0.39068713784217834,0.10692442208528519,0.12088645994663239,0.25504569414211253,0.377967499985631,0.3652466833591461,0.4293854119491933,10x_human_lymph_node_A1
wo_Potts_MRF,42,8,258,1.4189401865005493,0.21489830315113068,3.0345048904418945,0.3901042640209198,0.1075570210814476,0.12084674090147018,0.25707519390779643,0.38161602188403987,0.37267372012138367,0.43447847088710745,10x_human_lymph_node_A1
wo_Potts_MRF,42,9,259,1.4159960746765137,0.2145128846168518,3.035202980041504,0.39066508412361145,0.10783099383115768,0.1199418306350708,0.25885482169478136,0.38377867661084375,0.384889155626297,0.43680529749552033,10x_human_lymph_node_A1
wo_Potts_MRF,42,10,260,1.4127591848373413,0.2138572782278061,3.036532402038574,0.39098799228668213,0.10840576142072678,0.11839447915554047,0.2611048125714791,0.383858977524422,0.39435890316963196,0.436585526600659,10x_human_lymph_node_A1
wo_Potts_MRF,42,11,261,1.4084744453430176,0.21342578530311584,3.0359230041503906,0.3906823992729187,0.10846562683582306,0.11739161610603333,0.2595600720435484,0.3825653646729309,0.40159639716148376,0.43548382966898747,10x_human_lymph_node_A1
wo_Potts_MRF,42,12,262,1.4053372144699097,0.21324698626995087,3.036733865737915,0.390606164932251,0.10862674564123154,0.11674957722425461,0.2621188369178961,0.38503012541918974,0.40972986817359924,0.4384321886061046,10x_human_lymph_node_A1
wo_Potts_MRF,42,13,263,1.4013924598693848,0.21310390532016754,3.0360374450683594,0.39111390709877014,0.10825147479772568,0.11574764549732208,0.2608518894507834,0.3834811238847522,0.41758790612220764,0.43698710991363027,10x_human_lymph_node_A1
wo_Potts_MRF,42,14,264,1.3980343341827393,0.21258078515529633,3.0367095470428467,0.3912104070186615,0.10870017856359482,0.11468321084976196,0.26079167038386736,0.3833229214434965,0.4257437586784363,0.43673073855652195,10x_human_lymph_node_A1
wo_Potts_MRF,42,15,265,1.3943812847137451,0.21230365335941315,3.0361385345458984,0.3908657729625702,0.10906682908535004,0.11422040313482285,0.2597147201386746,0.38171054617165817,0.43377140164375305,0.4349371351051187,10x_human_lymph_node_A1
wo_Potts_MRF,42,16,266,1.3908751010894775,0.2120646834373474,3.0362093448638916,0.3908402621746063,0.10913478583097458,0.11354835331439972,0.260771035974192,0.3819943103423236,0.4395536780357361,0.4356380524184956,10x_human_lymph_node_A1
wo_Potts_MRF,42,17,267,1.3867731094360352,0.21155335009098053,3.035663604736328,0.39109668135643005,0.10900024324655533,0.11248975992202759,0.26124035685241,0.3826685016643111,0.44703465700149536,0.43633923422177906,10x_human_lymph_node_A1
wo_Potts_MRF,42,18,268,1.38308846950531,0.21117828786373138,3.0356526374816895,0.3913648724555969,0.10890879482030869,0.11156284809112549,0.2617182852639285,0.38343579854051346,0.45366841554641724,0.43698016846052273,10x_human_lymph_node_A1
wo_Potts_MRF,42,19,269,1.3794670104980469,0.21079663932323456,3.0350725650787354,0.39132577180862427,0.10912975668907166,0.11103848367929459,0.26046210013445203,0.3825722893879569,0.46072930097579956,0.436368278420427,10x_human_lymph_node_A1
wo_Potts_MRF,42,20,270,1.3760368824005127,0.21066056191921234,3.0347423553466797,0.3909916281700134,0.10940685123205185,0.11066880822181702,0.2619688285789855,0.3830539889708151,0.4672304391860962,0.4371012216157133,10x_human_lymph_node_A1
wo_Potts_MRF,42,21,271,1.3723207712173462,0.21018733084201813,3.034665107727051,0.39098507165908813,0.10947908461093903,0.10986705124378204,0.2605121556304826,0.38174514753584254,0.4723990261554718,0.4358337225048648,10x_human_lymph_node_A1
wo_Potts_MRF,42,22,272,1.368712306022644,0.2095927596092224,3.034712076187134,0.3916175663471222,0.10908464342355728,0.10907851159572601,0.26044031064363016,0.3830263622671093,0.4786447584629059,0.43725411485835763,10x_human_lymph_node_A1
wo_Potts_MRF,42,23,273,1.3655352592468262,0.20968776941299438,3.0353455543518066,0.39131876826286316,0.10916301608085632,0.10845077037811279,0.26082919308032493,0.3826157860591043,0.4816628098487854,0.4369201897385782,10x_human_lymph_node_A1
wo_Potts_MRF,42,24,274,1.3650155067443848,0.20949378609657288,3.0365850925445557,0.39179298281669617,0.11021064966917038,0.10987558960914612,0.2609252894982731,0.3838184247496933,0.4823217988014221,0.4386356532833463,10x_human_lymph_node_A1
wo_Potts_MRF,42,25,275,1.362802505493164,0.20905129611492157,3.0397207736968994,0.3912335932254791,0.1110001653432846,0.10914585739374161,0.2607890932037626,0.38088417858545015,0.47545188665390015,0.43480548714426875,10x_human_lymph_node_A1
wo_Potts_MRF,42,26,276,1.358811378479004,0.2088264375925064,3.0401434898376465,0.3926878571510315,0.10925325751304626,0.10776742547750473,0.26133758163385035,0.38510623117768905,0.4931885898113251,0.44001467777417375,10x_human_lymph_node_A1
wo_Potts_MRF,42,27,277,1.351142168045044,0.20807598531246185,3.0362768173217773,0.3914434015750885,0.10814332962036133,0.10583320260047913,0.2604155356630854,0.3820570757353788,0.5028778910636902,0.43637314991517206,10x_human_lymph_node_A1
wo_Potts_MRF,42,28,278,1.3493776321411133,0.2084888219833374,3.0381762981414795,0.3906542956829071,0.10875803977251053,0.10613447427749634,0.2608271105430362,0.38374115971161865,0.5028996467590332,0.4384239062535318,10x_human_lymph_node_A1
wo_Potts_MRF,42,29,279,1.3474767208099365,0.20807349681854248,3.038652181625366,0.39205700159072876,0.10857472568750381,0.10638339817523956,0.26080476790949186,0.38427600645805654,0.5072834491729736,0.4392427438677818,10x_human_lymph_node_A1
wo_Potts_MRF,42,30,280,1.3396825790405273,0.2076760083436966,3.0333471298217773,0.39199069142341614,0.10720372200012207,0.10390627384185791,0.2614003541594441,0.3837738890349599,0.5116627216339111,0.43832467289696575,10x_human_lymph_node_A1
wo_Potts_MRF,42,31,281,1.3370471000671387,0.2070072740316391,3.035015821456909,0.39092785120010376,0.10775235295295715,0.10419590771198273,0.2606645435100242,0.3832531103368321,0.5190230011940002,0.43799301505046195,10x_human_lymph_node_A1
wo_Potts_MRF,42,32,282,1.3348687887191772,0.20702503621578217,3.035539388656616,0.39124438166618347,0.10781457275152206,0.10440792888402939,0.261162300967613,0.3843960916027382,0.521615207195282,0.4395432086338235,10x_human_lymph_node_A1
wo_Potts_MRF,42,33,283,1.3289881944656372,0.20722034573554993,3.0322928428649902,0.3920883536338806,0.10598602890968323,0.10259757936000824,0.2617281452548305,0.3855563061704938,0.5243813395500183,0.44069031949987286,10x_human_lymph_node_A1
wo_Potts_MRF,42,34,284,1.3264235258102417,0.20618663728237152,3.033763885498047,0.39117884635925293,0.10701549053192139,0.10272807627916336,0.260770516256948,0.383663687153046,0.5302244424819946,0.4387606523774154,10x_human_lymph_node_A1
wo_Potts_MRF,42,35,285,1.323350429534912,0.20582395792007446,3.033386707305908,0.39081037044525146,0.10745799541473389,0.10268363356590271,0.26102012722972295,0.3837045648534619,0.5344582796096802,0.43883650382648,10x_human_lymph_node_A1
wo_Potts_MRF,42,36,286,1.3188388347625732,0.2064381092786789,3.0316002368927,0.3916674554347992,0.10568118840456009,0.10157716274261475,0.2606938493821803,0.3852696978339066,0.5367569923400879,0.44069241567642425,10x_human_lymph_node_A1
wo_Potts_MRF,42,37,287,1.3163197040557861,0.20567530393600464,3.0326051712036133,0.39158135652542114,0.10614845156669617,0.10154502838850021,0.26006582982539656,0.3834955441894963,0.5411115288734436,0.43869564976222536,10x_human_lymph_node_A1
wo_Potts_MRF,42,38,288,1.3126556873321533,0.2053157091140747,3.0319736003875732,0.39090853929519653,0.10686042159795761,0.10076779127120972,0.26085395994323857,0.383846299584576,0.5451433658599854,0.4389931940378897,10x_human_lymph_node_A1
wo_Potts_MRF,42,39,289,1.3083457946777344,0.20483368635177612,3.0302321910858154,0.3911297619342804,0.10595011711120605,0.10050632804632187,0.2607574251359274,0.38402010588442154,0.5503518581390381,0.43941854668498237,10x_human_lymph_node_A1
wo_Potts_MRF,42,40,290,1.3050731420516968,0.20471884310245514,3.0300283432006836,0.39149972796440125,0.10543269664049149,0.1000400185585022,0.2604779687527341,0.3843084887128818,0.5538845062255859,0.4397146300280501,10x_human_lymph_node_A1
wo_Potts_MRF,42,41,291,1.3024120330810547,0.20453529059886932,3.0305168628692627,0.39093849062919617,0.10636237263679504,0.09956954419612885,0.2595360451202601,0.38312813220608816,0.5578305125236511,0.43841180718016554,10x_human_lymph_node_A1
wo_Potts_MRF,42,42,292,1.2986737489700317,0.203921377658844,3.028503656387329,0.3912501335144043,0.10616794973611832,0.09955473244190216,0.2604376904016227,0.3838145992528108,0.5605877041816711,0.4392340836727407,10x_human_lymph_node_A1
wo_Potts_MRF,42,43,293,1.2957046031951904,0.20463070273399353,3.0293731689453125,0.39150547981262207,0.10520875453948975,0.09875926375389099,0.25986700053117695,0.3846030231357157,0.5624694228172302,0.44004735539861833,10x_human_lymph_node_A1
wo_Potts_MRF,42,44,294,1.2933859825134277,0.20363600552082062,3.0288634300231934,0.3912658989429474,0.10652587562799454,0.09925542026758194,0.2607760111921302,0.38435004368969855,0.5665271282196045,0.4398927269070276,10x_human_lymph_node_A1
wo_Potts_MRF,42,45,295,1.2891526222229004,0.20432372391223907,3.0278148651123047,0.391430139541626,0.10556191205978394,0.09780057519674301,0.2580395896983344,0.3818604760139062,0.5688214898109436,0.4369791581331495,10x_human_lymph_node_A1
wo_Potts_MRF,42,46,296,1.2868680953979492,0.20347554981708527,3.0285110473632812,0.3912140727043152,0.10563794523477554,0.09871885925531387,0.25975251016762646,0.38375125095484275,0.5728087425231934,0.4394582362196529,10x_human_lymph_node_A1
wo_Potts_MRF,42,47,297,1.2822719812393188,0.20337148010730743,3.0269546508789062,0.3910093307495117,0.10536855459213257,0.09731121361255646,0.25832162371396583,0.3825188478157288,0.5761679410934448,0.43789150199410437,10x_human_lymph_node_A1
wo_Potts_MRF,42,48,298,1.2792468070983887,0.20224590599536896,3.026909828186035,0.39148634672164917,0.10539133101701736,0.09718523919582367,0.2589384864092714,0.3835705720180869,0.5796029567718506,0.43912257933437204,10x_human_lymph_node_A1
wo_Potts_MRF,42,49,299,1.2754151821136475,0.20231850445270538,3.0262291431427,0.3910258114337921,0.10491447150707245,0.09665794670581818,0.25851718514184835,0.3827967070886039,0.5840951800346375,0.43830821227117067,10x_human_lymph_node_A1
wo_Potts_MRF,42,50,300,1.272079348564148,0.201540008187294,3.025819778442383,0.3910204768180847,0.1050400659441948,0.09634441137313843,0.257916068477046,0.38226656248656565,0.5879222750663757,0.4378092662842047,10x_human_lymph_node_A1
wo_Potts_MRF,42,51,301,1.2686467170715332,0.20099925994873047,3.0255093574523926,0.3913465738296509,0.10503475368022919,0.0954529345035553,0.258311436725457,0.3823760177480329,0.5911574959754944,0.4377563003646458,10x_human_lymph_node_A1
wo_Potts_MRF,42,52,302,1.2655889987945557,0.20111553370952606,3.0251967906951904,0.39117303490638733,0.10476615279912949,0.09527633339166641,0.2579113142354481,0.3825096386148267,0.5944103598594666,0.43802443063523055,10x_human_lymph_node_A1
wo_Potts_MRF,42,53,303,1.262782096862793,0.20068220794200897,3.02492094039917,0.3910786807537079,0.10498249530792236,0.09531920403242111,0.25764314692203455,0.38219792990897183,0.5968303680419922,0.4377098439709909,10x_human_lymph_node_A1
wo_Potts_MRF,42,54,304,1.259883165359497,0.20109759271144867,3.0246999263763428,0.3911616802215576,0.1050010398030281,0.09452831000089645,0.2582538122351511,0.38235656158843073,0.6000944375991821,0.4376933519229711,10x_human_lymph_node_A1
wo_Potts_MRF,42,55,305,1.258695125579834,0.20089824497699738,3.0249431133270264,0.39125123620033264,0.10574568808078766,0.09566543996334076,0.2573159861205381,0.38241431515806606,0.6012261509895325,0.4379948854506079,10x_human_lymph_node_A1
wo_Potts_MRF,42,56,306,1.2573069334030151,0.20382750034332275,3.025580644607544,0.3915892243385315,0.10543343424797058,0.09454323351383209,0.25663106928921464,0.3815086541733322,0.5943855047225952,0.4368214231835818,10x_human_lymph_node_A1
wo_Potts_MRF,42,57,307,1.257781744003296,0.20213598012924194,3.026106119155884,0.39095088839530945,0.10840392857789993,0.09755703806877136,0.2583604377248268,0.3843209855887028,0.5922672748565674,0.44051739776123566,10x_human_lymph_node_A1
wo_Potts_MRF,42,58,308,1.2494592666625977,0.20196533203125,3.025123357772827,0.391780823469162,0.10475482791662216,0.0928676426410675,0.25743442837153885,0.38272825487614387,0.5997251272201538,0.43803484779502966,10x_human_lymph_node_A1
wo_Potts_MRF,42,59,309,1.2445104122161865,0.199562206864357,3.0231189727783203,0.39039286971092224,0.1049560010433197,0.09360864758491516,0.2584055434498778,0.38421556009992014,0.6110953092575073,0.4403736848452851,10x_human_lymph_node_A1
wo_Potts_MRF,42,60,310,1.243536353111267,0.20053042471408844,3.0237343311309814,0.3918502628803253,0.1041901484131813,0.09401485323905945,0.2569393605804482,0.38238892924021944,0.6069791913032532,0.43829215509126673,10x_human_lymph_node_A1
wo_Potts_MRF,42,61,311,1.2415688037872314,0.20210222899913788,3.02426815032959,0.391389936208725,0.10509004443883896,0.09274349361658096,0.2571249833651713,0.3818602119201972,0.6066884994506836,0.4373342026529012,10x_human_lymph_node_A1
wo_Potts_MRF,42,62,312,1.2365673780441284,0.19862139225006104,3.0232150554656982,0.3899741768836975,0.10590555518865585,0.09318835288286209,0.25993863271666656,0.3847857446393839,0.6136565804481506,0.44099750849908503,10x_human_lymph_node_A1
wo_Potts_MRF,42,63,313,1.2319976091384888,0.19943825900554657,3.022655725479126,0.39225125312805176,0.10199076682329178,0.09159670770168304,0.2574266177707665,0.3831306900895269,0.615915060043335,0.43898145765810215,10x_human_lymph_node_A1
wo_Potts_MRF,42,64,314,1.230520486831665,0.20026828348636627,3.0221328735351562,0.39044782519340515,0.10428140312433243,0.09205357730388641,0.25679795749701917,0.38153968229145035,0.6168599724769592,0.4373761718151774,10x_human_lymph_node_A1
wo_Potts_MRF,42,65,315,1.2281324863433838,0.19823160767555237,3.0222065448760986,0.39046862721443176,0.1056583896279335,0.09244340658187866,0.25834508560168995,0.38386608525972576,0.6189634799957275,0.43987754316895245,10x_human_lymph_node_A1
wo_Potts_MRF,42,66,316,1.2225558757781982,0.19825680553913116,3.021740436553955,0.39235764741897583,0.10198775678873062,0.09015825390815735,0.25720138109180785,0.3830102294469957,0.6240769028663635,0.4386961764924353,10x_human_lymph_node_A1
wo_Potts_MRF,42,67,317,1.2215213775634766,0.1991034299135208,3.0209712982177734,0.3900684416294098,0.104240283370018,0.09180217236280441,0.25781493970897,0.38283023417426726,0.627017617225647,0.4390868689227122,10x_human_lymph_node_A1
wo_Potts_MRF,42,68,318,1.219170093536377,0.19813552498817444,3.021012544631958,0.39040738344192505,0.10495859384536743,0.0917016938328743,0.2572724989146535,0.38244584239803636,0.627153217792511,0.43845818643834467,10x_human_lymph_node_A1
wo_Potts_MRF,42,69,319,1.2140611410140991,0.19801615178585052,3.0206873416900635,0.3924035429954529,0.10236669331789017,0.08894392848014832,0.25687888752232585,0.38288327644087977,0.629923939704895,0.4385480716157774,10x_human_lymph_node_A1
wo_Potts_MRF,42,70,320,1.2126774787902832,0.19733667373657227,3.0201478004455566,0.38973093032836914,0.10491733998060226,0.0912708267569542,0.2582472308039913,0.38433580758493036,0.6340540647506714,0.44085829439315444,10x_human_lymph_node_A1
wo_Potts_MRF,42,71,321,1.2092210054397583,0.1974077969789505,3.0199925899505615,0.3906683325767517,0.10359569638967514,0.0902940034866333,0.25671753510062756,0.38321981646113895,0.6363958716392517,0.439473826847626,10x_human_lymph_node_A1
wo_Potts_MRF,42,72,322,1.2053745985031128,0.19692137837409973,3.0196802616119385,0.3918483555316925,0.10281628370285034,0.08856143057346344,0.2570699236238934,0.3830346007007196,0.6402643918991089,0.43892198706298524,10x_human_lymph_node_A1
wo_Potts_MRF,42,73,323,1.2035388946533203,0.19616958498954773,3.019242525100708,0.38993778824806213,0.10487882047891617,0.09000264108181,0.25762020307758476,0.3838513507909986,0.6428274512290955,0.44032606095683746,10x_human_lymph_node_A1
wo_Potts_MRF,42,74,324,1.2010295391082764,0.19688613712787628,3.019866466522217,0.3908744156360626,0.10335030406713486,0.08957143127918243,0.25647009196917975,0.3828721448763796,0.6436777114868164,0.4391441044513309,10x_human_lymph_node_A1
wo_Potts_MRF,42,75,325,1.1973687410354614,0.1956341713666916,3.0193800926208496,0.39125990867614746,0.103976771235466,0.08817490935325623,0.25819429988778275,0.3840646674331806,0.6503216624259949,0.4402525951164666,10x_human_lymph_node_A1
wo_Potts_MRF,42,76,326,1.194006323814392,0.1947798877954483,3.018612861633301,0.3901200294494629,0.10428602248430252,0.0887356847524643,0.25736295302890994,0.38373121069041777,0.6523156762123108,0.44016244438340546,10x_human_lymph_node_A1
wo_Potts_MRF,42,77,327,1.191351294517517,0.19578951597213745,3.018371343612671,0.3911074995994568,0.10288392007350922,0.08812173455953598,0.25580682883258876,0.38282307706364405,0.6506035923957825,0.4391419850947893,10x_human_lymph_node_A1
wo_Potts_MRF,42,78,328,1.18998122215271,0.19475679099559784,3.018883228302002,0.39051544666290283,0.10533931851387024,0.08828043192625046,0.2570083229854102,0.3835286307729838,0.6555286645889282,0.4398373102079007,10x_human_lymph_node_A1
wo_Potts_MRF,42,79,329,1.1859307289123535,0.195002943277359,3.0186667442321777,0.39076706767082214,0.10329557210206985,0.08767206966876984,0.25671134170883364,0.3835623057523515,0.6574586033821106,0.44005730198772286,10x_human_lymph_node_A1
wo_Potts_MRF,42,80,330,1.18307626247406,0.19409988820552826,3.0171127319335938,0.39058220386505127,0.10415861010551453,0.0879182517528534,0.2570945834498377,0.3841906606695867,0.6613913774490356,0.4406864412799665,10x_human_lymph_node_A1
wo_Potts_MRF,42,81,331,1.1816303730010986,0.19596649706363678,3.017366886138916,0.39112547039985657,0.10424626618623734,0.08691781759262085,0.2569764292443633,0.38345107118773825,0.6620351076126099,0.43970842308500735,10x_human_lymph_node_A1
wo_Potts_MRF,42,82,332,1.1803094148635864,0.19560253620147705,3.017618179321289,0.39061275124549866,0.10509736090898514,0.08817484974861145,0.25609266050581636,0.38370909438376205,0.6623356938362122,0.4402432654198884,10x_human_lymph_node_A1
wo_Potts_MRF,42,83,333,1.177342414855957,0.19680677354335785,3.0172290802001953,0.3913011848926544,0.10425251722335815,0.08673357963562012,0.2570548542454694,0.38441586037348907,0.6597298383712769,0.44105138249840437,10x_human_lymph_node_A1
wo_Potts_MRF,42,84,334,1.1755276918411255,0.19475939869880676,3.016777992248535,0.39007967710494995,0.10664224624633789,0.08822518587112427,0.2574912205174545,0.38587519597303477,0.6628997921943665,0.44295562771171776,10x_human_lymph_node_A1
wo_Potts_MRF,42,85,335,1.1716006994247437,0.19595257937908173,3.017923355102539,0.39097899198532104,0.1038527563214302,0.08638352155685425,0.25647234832592036,0.3835219365512223,0.6601963043212891,0.4399483809217233,10x_human_lymph_node_A1
wo_Potts_MRF,42,86,336,1.1671054363250732,0.19299009442329407,3.0167369842529297,0.3905278146266937,0.10438258945941925,0.08645637333393097,0.2577338265084483,0.38566629819801346,0.6703478097915649,0.4426161350436715,10x_human_lymph_node_A1
wo_Potts_MRF,42,87,337,1.1624945402145386,0.19232186675071716,3.015028953552246,0.3903089761734009,0.10338949412107468,0.08598894625902176,0.25764760169417855,0.38465127326044335,0.6732637286186218,0.44127884581412075,10x_human_lymph_node_A1
wo_Potts_MRF,42,88,338,1.1602529287338257,0.1932968944311142,3.0151138305664062,0.3908737897872925,0.10281797498464584,0.08530095964670181,0.2570205302768042,0.3843141135155476,0.6716997623443604,0.44099754435021016,10x_human_lymph_node_A1
wo_Potts_MRF,42,89,339,1.159612774848938,0.1927635222673416,3.015819787979126,0.390357106924057,0.10500238835811615,0.08604060113430023,0.25761756017040083,0.38581100771117116,0.6746074557304382,0.44284707286318603,10x_human_lymph_node_A1
wo_Potts_MRF,42,90,340,1.1565935611724854,0.19451378285884857,3.0154614448547363,0.3904591500759125,0.1034429594874382,0.08525324612855911,0.256167535407449,0.38300448269125,0.6720837354660034,0.43959863735496185,10x_human_lymph_node_A1
wo_Potts_MRF,42,91,341,1.153186321258545,0.1927672177553177,3.0139267444610596,0.3905097246170044,0.10379993170499802,0.08564143627882004,0.25687815325755975,0.3841669869720417,0.6777989864349365,0.4408969831610049,10x_human_lymph_node_A1
wo_Potts_MRF,42,92,342,1.1504731178283691,0.19321328401565552,3.0139427185058594,0.39088377356529236,0.10361697524785995,0.08456344902515411,0.25816066252799,0.38535331504455766,0.6802217364311218,0.442132740495186,10x_human_lymph_node_A1
wo_Potts_MRF,42,93,343,1.146998643875122,0.1916572004556656,3.013770818710327,0.39010360836982727,0.10354936122894287,0.08518993109464645,0.2563830132000798,0.3840280483270746,0.6817712187767029,0.440826778984807,10x_human_lymph_node_A1
wo_Potts_MRF,42,94,344,1.1429089307785034,0.19082117080688477,3.012817144393921,0.3908526599407196,0.10278899222612381,0.08402852714061737,0.25710542254789914,0.384104595555737,0.6858082413673401,0.440721311810705,10x_human_lymph_node_A1
wo_Potts_MRF,42,95,345,1.1408764123916626,0.19105243682861328,3.01253080368042,0.390302836894989,0.10359019786119461,0.08408552408218384,0.25768175477147093,0.38460491039393174,0.6869872808456421,0.4413027725645931,10x_human_lymph_node_A1
wo_Potts_MRF,42,96,346,1.1387786865234375,0.19119411706924438,3.0125558376312256,0.3902576267719269,0.10333412885665894,0.0845264121890068,0.2574707712631213,0.38450603654349813,0.6881059408187866,0.4413169467677864,10x_human_lymph_node_A1
wo_Potts_MRF,42,97,347,1.136583685874939,0.192121222615242,3.01235294342041,0.391025573015213,0.10321013629436493,0.08339860290288925,0.2574240137271963,0.3835072149436819,0.6898080110549927,0.439924539217537,10x_human_lymph_node_A1
wo_Potts_MRF,42,98,348,1.1345206499099731,0.19071148335933685,3.0117552280426025,0.3895631730556488,0.10507827997207642,0.084736168384552,0.25736113967690205,0.38436675415443466,0.6915817260742188,0.44118208026266725,10x_human_lymph_node_A1
wo_Potts_MRF,42,99,349,1.1311289072036743,0.1921551376581192,3.011859178543091,0.39142629504203796,0.1022559106349945,0.08301438391208649,0.25612952690617796,0.3840997352299283,0.6895422339439392,0.44084968873069197,10x_human_lymph_node_A1
wo_Potts_MRF,42,100,350,1.1313408613204956,0.19093790650367737,3.012040853500366,0.3895966112613678,0.10678114742040634,0.08458290994167328,0.25802384669329215,0.38645300297859664,0.6920289993286133,0.44375814366688954,10x_human_lymph_node_A1
wo_Potts_MRF,42,101,351,1.1280709505081177,0.19292500615119934,3.012465715408325,0.39066922664642334,0.10370383411645889,0.08337604999542236,0.2556290923214459,0.38280225103661913,0.6869199275970459,0.4394162340088581,10x_human_lymph_node_A1
wo_Potts_MRF,42,102,352,1.1241556406021118,0.19065771996974945,3.0113601684570312,0.3905107378959656,0.10416170209646225,0.08335334062576294,0.2573471430796008,0.3855636907011763,0.6966086030006409,0.44270163454488076,10x_human_lymph_node_A1
wo_Potts_MRF,42,103,353,1.120959758758545,0.19074876606464386,3.0102851390838623,0.3895496428012848,0.10454951971769333,0.08309514820575714,0.25721554669004537,0.38456668113430176,0.69659024477005,0.4416411992482464,10x_human_lymph_node_A1
wo_Potts_MRF,42,104,354,1.117363691329956,0.19040417671203613,3.0103626251220703,0.3912065625190735,0.10192815959453583,0.08259789645671844,0.25734575381050234,0.38587947985229826,0.6977488398551941,0.4429747823054747,10x_human_lymph_node_A1
wo_Potts_MRF,42,105,355,1.1149437427520752,0.18944460153579712,3.009564161300659,0.39010998606681824,0.10419757664203644,0.08240727335214615,0.2581398785734245,0.3855423514207755,0.701361358165741,0.4426107941369145,10x_human_lymph_node_A1
wo_Potts_MRF,42,106,356,1.1110692024230957,0.18893741071224213,3.009221076965332,0.3897872865200043,0.10306861996650696,0.0822635367512703,0.2573333970890107,0.3853354580843556,0.7027421593666077,0.4425744631147081,10x_human_lymph_node_A1
wo_Potts_MRF,42,107,357,1.1086061000823975,0.18887978792190552,3.0089621543884277,0.39104920625686646,0.10232990235090256,0.08171941339969635,0.2567848641234194,0.38465585817014564,0.7068176865577698,0.4415525756911652,10x_human_lymph_node_A1
wo_Potts_MRF,42,108,358,1.1088919639587402,0.19032403826713562,3.008896827697754,0.3897836208343506,0.10507943481206894,0.0823914110660553,0.25819097853276657,0.38509580707131613,0.7050809860229492,0.4421084904464244,10x_human_lymph_node_A1
wo_Potts_MRF,42,109,359,1.1058928966522217,0.19024012982845306,3.0088694095611572,0.3904005289077759,0.10350197553634644,0.08244629949331284,0.256937316469222,0.38530104691414474,0.7054141759872437,0.442450478296613,10x_human_lymph_node_A1
wo_Potts_MRF,42,110,360,1.1030513048171997,0.1907326877117157,3.0086166858673096,0.391516774892807,0.10280856490135193,0.08100467175245285,0.25815159413842836,0.3867794684750285,0.7060310244560242,0.4439725864165409,10x_human_lymph_node_A1
wo_Potts_MRF,42,111,361,1.1020065546035767,0.18866296112537384,3.0083858966827393,0.38834330439567566,0.10685229301452637,0.08345295488834381,0.25883718150168833,0.38700249392324026,0.7074545621871948,0.44471127912653796,10x_human_lymph_node_A1
wo_Potts_MRF,42,112,362,1.0965522527694702,0.1901353895664215,3.008380174636841,0.39229270815849304,0.10085976123809814,0.08013927936553955,0.2564119856255658,0.3842735554701448,0.7066130638122559,0.4409475591338778,10x_human_lymph_node_A1
wo_Potts_MRF,42,113,363,1.094658374786377,0.18713490664958954,3.007751703262329,0.3895416557788849,0.1055377721786499,0.0814332515001297,0.25843407105391736,0.38627938762508346,0.7131681442260742,0.4435838900739307,10x_human_lymph_node_A1
wo_Potts_MRF,42,114,364,1.0909271240234375,0.18743909895420074,3.007636308670044,0.3890506327152252,0.10360146313905716,0.08159511536359787,0.2569541291018943,0.3849928260037466,0.7140231132507324,0.4422004648847666,10x_human_lymph_node_A1
wo_Potts_MRF,42,115,365,1.0874513387680054,0.1878662407398224,3.0072813034057617,0.3923603892326355,0.10083822906017303,0.07939241081476212,0.25685054316276906,0.3851302321054037,0.7148682475090027,0.44192918213631804,10x_human_lymph_node_A1
wo_Potts_MRF,42,116,366,1.088117241859436,0.18691782653331757,3.006974458694458,0.3879464566707611,0.10708662122488022,0.08214260637760162,0.2578042106181744,0.3849880460851112,0.7150389552116394,0.4423158652107986,10x_human_lymph_node_A1
wo_Potts_MRF,42,117,367,1.0820820331573486,0.1874724179506302,3.0066518783569336,0.3914332389831543,0.10088059306144714,0.0796380415558815,0.2564008182856601,0.3844953963767338,0.7176512479782104,0.44157411314837003,10x_human_lymph_node_A1
wo_Potts_MRF,42,118,368,1.0798763036727905,0.18560098111629486,3.005892515182495,0.38994863629341125,0.10409879684448242,0.07985331118106842,0.2580314877878413,0.38513193193664086,0.7215080857276917,0.4423050864204158,10x_human_lymph_node_A1
wo_Potts_MRF,42,119,369,1.07774019241333,0.18583901226520538,3.005526304244995,0.3891080319881439,0.10432831197977066,0.08048217743635178,0.25717270116787777,0.38495707872922585,0.722845196723938,0.4423319206208107,10x_human_lymph_node_A1
wo_Potts_MRF,42,120,370,1.0749914646148682,0.1869131177663803,3.005711078643799,0.39172232151031494,0.10140635818243027,0.07920344918966293,0.25589797047942164,0.3850200940316488,0.7225090861320496,0.44207529824958935,10x_human_lymph_node_A1
wo_Potts_MRF,42,121,371,1.0752986669540405,0.18642179667949677,3.0057828426361084,0.38835227489471436,0.10682740807533264,0.08070588856935501,0.25737750661122544,0.38392515990142423,0.7201971411705017,0.44099900333737957,10x_human_lymph_node_A1
wo_Potts_MRF,42,122,372,1.0700948238372803,0.18668250739574432,3.0055551528930664,0.39130523800849915,0.10163605958223343,0.079001784324646,0.2562264343691458,0.38475830361793123,0.7253957390785217,0.4418903102411554,10x_human_lymph_node_A1
wo_Potts_MRF,42,123,373,1.0680875778198242,0.1855458915233612,3.004725694656372,0.38922011852264404,0.1044958159327507,0.07976022362709045,0.25654120601487757,0.38462652541296527,0.7260797023773193,0.44180326012869287,10x_human_lymph_node_A1
wo_Potts_MRF,42,124,374,1.0660312175750732,0.185211181640625,3.0044572353363037,0.3900667428970337,0.10500001907348633,0.0790824294090271,0.2580486402925767,0.38601936131684533,0.7293463349342346,0.4433679348095978,10x_human_lymph_node_A1
wo_Potts_MRF,42,125,375,1.0635602474212646,0.1876756250858307,3.0053632259368896,0.3907024562358856,0.10161060839891434,0.07889451086521149,0.2560177131723574,0.3849517260438991,0.7219899892807007,0.44228744770676365,10x_human_lymph_node_A1
wo_Potts_MRF,42,126,376,1.0641134977340698,0.18592041730880737,3.004889965057373,0.3888135850429535,0.10776850581169128,0.07992719113826752,0.25998209296380226,0.3880093299265003,0.7262331247329712,0.44576726190572563,10x_human_lymph_node_A1
wo_Potts_MRF,42,127,377,1.059227466583252,0.18805421888828278,3.004362106323242,0.3910554349422455,0.10202927887439728,0.07836276292800903,0.2568382132185277,0.3851752113910729,0.7264077663421631,0.44239727050313776,10x_human_lymph_node_A1
wo_Potts_MRF,42,128,378,1.0589661598205566,0.18791823089122772,3.0037806034088135,0.39005476236343384,0.10460158437490463,0.07965709269046783,0.2576405131338263,0.38680621233735607,0.7300230264663696,0.44441413284955944,10x_human_lymph_node_A1
wo_Potts_MRF,42,129,379,1.0600523948669434,0.1908387690782547,3.0044667720794678,0.3894607424736023,0.10684917867183685,0.07940970361232758,0.2579319559339469,0.3850450057648895,0.7267792224884033,0.44229610715191836,10x_human_lymph_node_A1
wo_Potts_MRF,42,130,380,1.053227186203003,0.18861813843250275,3.003997564315796,0.39091092348098755,0.10209976136684418,0.07879434525966644,0.25711429037532285,0.38694047490637884,0.7298620343208313,0.44447604233118965,10x_human_lymph_node_A1
wo_Potts_MRF,42,131,381,1.0469862222671509,0.18512660264968872,3.0023093223571777,0.389962762594223,0.10240980237722397,0.07789142429828644,0.25794041455005406,0.3865004336107446,0.734795868396759,0.4442237029334761,10x_human_lymph_node_A1
wo_Potts_MRF,42,132,382,1.0458252429962158,0.18381884694099426,3.002321481704712,0.38879716396331787,0.10538531839847565,0.07848227024078369,0.2581790217265192,0.3858182771153451,0.735532283782959,0.44327470816417214,10x_human_lymph_node_A1
wo_Potts_MRF,42,133,383,1.043156623840332,0.18615253269672394,3.0027191638946533,0.3913578987121582,0.10104247182607651,0.0775112435221672,0.25544317639694486,0.3844887756219164,0.7339734435081482,0.441687036775929,10x_human_lymph_node_A1
wo_Potts_MRF,42,134,384,1.0417989492416382,0.18537582457065582,3.001988410949707,0.3892902433872223,0.10425924509763718,0.07832431048154831,0.2581993131577697,0.3864059968213254,0.7370786070823669,0.44414874045903435,10x_human_lymph_node_A1
wo_Potts_MRF,42,135,385,1.0385771989822388,0.1837272047996521,3.0013158321380615,0.3890095353126526,0.10498633235692978,0.07823331654071808,0.25859799306224834,0.3863059665030519,0.7376832962036133,0.4438884179144768,10x_human_lymph_node_A1
wo_Potts_MRF,42,136,386,1.0350738763809204,0.18581540882587433,3.001851797103882,0.39182937145233154,0.10006262362003326,0.0766528844833374,0.2568774455006251,0.38605509579198943,0.7352575063705444,0.4435146127548591,10x_human_lymph_node_A1
wo_Potts_MRF,42,137,387,1.0353331565856934,0.1835593730211258,3.0012989044189453,0.3882259130477905,0.10701370239257812,0.07849030941724777,0.2598110847305229,0.38855704939945873,0.7394134998321533,0.4466008540163003,10x_human_lymph_node_A1
wo_Potts_MRF,42,138,388,1.0298049449920654,0.1836002916097641,3.0008811950683594,0.3900294303894043,0.10240232199430466,0.07714282721281052,0.25717961150641894,0.38594132333079617,0.7400619983673096,0.44343832372506636,10x_human_lymph_node_A1
wo_Potts_MRF,42,139,389,1.0274347066879272,0.18384619057178497,3.000667095184326,0.39122065901756287,0.10181304067373276,0.07622111588716507,0.25595777483219856,0.3847659096929008,0.744090735912323,0.4420547121278417,10x_human_lymph_node_A1
wo_Potts_MRF,42,140,390,1.0289405584335327,0.1843082159757614,3.0012259483337402,0.3873233497142792,0.10671346634626389,0.07904075086116791,0.2574971197431162,0.38519449845775733,0.7411284446716309,0.4428906048814389,10x_human_lymph_node_A1
wo_Potts_MRF,42,141,391,1.0226459503173828,0.1835756003856659,3.0004992485046387,0.39129355549812317,0.10174655169248581,0.07588028162717819,0.257634398773936,0.38634506327129897,0.7463797926902771,0.44382921106048806,10x_human_lymph_node_A1
wo_Potts_MRF,42,142,392,1.0198791027069092,0.18250635266304016,2.9999568462371826,0.3895585536956787,0.10276719182729721,0.07684661448001862,0.25721385673900854,0.3853540991159975,0.746279776096344,0.4429469602448732,10x_human_lymph_node_A1
wo_Potts_MRF,42,143,393,1.019577145576477,0.1821308583021164,2.999445915222168,0.3886353075504303,0.10608414560556412,0.07735882699489594,0.2584085824793696,0.3869123958677431,0.7485710382461548,0.4447782628504063,10x_human_lymph_node_A1
wo_Potts_MRF,42,144,394,1.0147392749786377,0.18307934701442719,2.999213695526123,0.39124205708503723,0.10118389874696732,0.07557293772697449,0.25663980588587226,0.38523174093298335,0.7500070333480835,0.4425932546358174,10x_human_lymph_node_A1
wo_Potts_MRF,42,145,395,1.0127811431884766,0.18099544942378998,2.998497486114502,0.38894930481910706,0.1045660749077797,0.07672689855098724,0.2580232397625303,0.3864439711829215,0.7524190545082092,0.4441963140126829,10x_human_lymph_node_A1
wo_Potts_MRF,42,146,396,1.010603904724121,0.181627556681633,2.998328447341919,0.3894462287425995,0.10397783666849136,0.07630669325590134,0.25769780456379593,0.3857197024899356,0.7539732456207275,0.4434127496939085,10x_human_lymph_node_A1
wo_Potts_MRF,42,147,397,1.0089856386184692,0.1827755868434906,2.9985339641571045,0.3905605971813202,0.10297220945358276,0.0758148655295372,0.2565226534420252,0.38528692997776304,0.753899097442627,0.4427752990128254,10x_human_lymph_node_A1
wo_Potts_MRF,42,148,398,1.0074021816253662,0.18298031389713287,2.998065233230591,0.38952791690826416,0.10450200736522675,0.07598577439785004,0.257547641342428,0.38626724442437116,0.7549625635147095,0.4440125925030576,10x_human_lymph_node_A1
wo_Potts_MRF,42,149,399,1.0059515237808228,0.18236084282398224,2.997758388519287,0.3884655833244324,0.10610435158014297,0.07691240310668945,0.2576346319780399,0.38673004592453897,0.7552601099014282,0.44463958596241066,10x_human_lymph_node_A1
wo_Potts_MRF,42,150,400,1.0043452978134155,0.18624471127986908,2.9985599517822266,0.3925425708293915,0.10134503990411758,0.0747188925743103,0.2564536924211243,0.385477585595773,0.7449465990066528,0.44260140373251594,10x_human_lymph_node_A1
wo_Sinkhorn_OT,42,1,251,1.498415231704712,0.2214539647102356,3.0225791931152344,0.39096546173095703,0.10270942747592926,0.12471713870763779,0.24993381576577295,0.37566735932324913,0.3093010485172272,0.42528963845462553,10x_human_lymph_node_A1
wo_Sinkhorn_OT,42,2,252,1.4972513914108276,0.22213058173656464,3.024613618850708,0.3874173164367676,0.10551151633262634,0.12644781172275543,0.25031374488116714,0.3724796486635037,0.3141862154006958,0.4231300703757378,10x_human_lymph_node_A1
wo_Sinkhorn_OT,42,3,253,1.4968661069869995,0.22246360778808594,3.0258607864379883,0.3866879642009735,0.10780411958694458,0.12797527015209198,0.2510128243133859,0.3708151412970476,0.3237280547618866,0.4215886768538001,10x_human_lymph_node_A1
wo_Sinkhorn_OT,42,4,254,1.4956378936767578,0.2226271629333496,3.02653431892395,0.3861919939517975,0.10925284028053284,0.12854664027690887,0.25337122922998095,0.3718732159197078,0.33447372913360596,0.42306416176687,10x_human_lymph_node_A1
wo_Sinkhorn_OT,42,5,255,1.4938287734985352,0.22302617132663727,3.0274734497070312,0.3859463632106781,0.1093585342168808,0.12795408070087433,0.25598340226163274,0.37547173759906066,0.34439846873283386,0.4276193365820875,10x_human_lymph_node_A1
wo_Sinkhorn_OT,42,6,256,1.4922277927398682,0.22335702180862427,3.028862237930298,0.3870566785335541,0.10833307355642319,0.12689101696014404,0.25680115510031293,0.3779605869837047,0.35513031482696533,0.43027633687064465,10x_human_lymph_node_A1
wo_Sinkhorn_OT,42,7,257,1.49085533618927,0.22352682054042816,3.029629707336426,0.38738590478897095,0.1089944988489151,0.12722167372703552,0.2569120301741228,0.37819937129535447,0.3646341860294342,0.43102831103944944,10x_human_lymph_node_A1
wo_Sinkhorn_OT,42,8,258,1.4888551235198975,0.22361595928668976,3.0299246311187744,0.3869694471359253,0.10982697457075119,0.12781447172164917,0.2568638909673093,0.3796528532016909,0.3754812777042389,0.43306313378174177,10x_human_lymph_node_A1
wo_Sinkhorn_OT,42,9,259,1.4869714975357056,0.22346638143062592,3.030740976333618,0.3868299722671509,0.1104690358042717,0.128147155046463,0.25806990445581607,0.3806284558172291,0.3861355185508728,0.434227170620448,10x_human_lymph_node_A1
wo_Sinkhorn_OT,42,10,260,1.485066533088684,0.2229786068201065,3.0310208797454834,0.38664573431015015,0.11173518747091293,0.12818625569343567,0.25638649106516537,0.37828278621988265,0.39618930220603943,0.43194251553144114,10x_human_lymph_node_A1
wo_Sinkhorn_OT,42,11,261,1.4825761318206787,0.2227373868227005,3.0308916568756104,0.3862244784832001,0.11241348087787628,0.12833279371261597,0.25678405590915254,0.3797635228780037,0.40403303503990173,0.4338570677703804,10x_human_lymph_node_A1
wo_Sinkhorn_OT,42,12,262,1.4803893566131592,0.22239050269126892,3.0311408042907715,0.3868310749530792,0.11241140961647034,0.12810778617858887,0.25720386730783346,0.3806016625134605,0.414559543132782,0.43472377690821595,10x_human_lymph_node_A1
wo_Sinkhorn_OT,42,13,263,1.4779433012008667,0.22224190831184387,3.031022548675537,0.3864684998989105,0.11302907764911652,0.1282142996788025,0.25712823658691325,0.38022190630227626,0.42226552963256836,0.43453798269612887,10x_human_lymph_node_A1
wo_Sinkhorn_OT,42,14,264,1.4760228395462036,0.22196003794670105,3.0315797328948975,0.3867416977882385,0.11351583898067474,0.12842734158039093,0.25748593600686953,0.3796293997260981,0.43173661828041077,0.43399418345880447,10x_human_lymph_node_A1
wo_Sinkhorn_OT,42,15,265,1.4738950729370117,0.22165624797344208,3.0323195457458496,0.38600772619247437,0.11457029730081558,0.12833712995052338,0.25847672288351325,0.37966474167038183,0.43884843587875366,0.4342233978326623,10x_human_lymph_node_A1
wo_Sinkhorn_OT,42,16,266,1.473299264907837,0.22107817232608795,3.034759998321533,0.3877739906311035,0.1146865040063858,0.12855415046215057,0.2578402768031808,0.3817764984971809,0.4443347156047821,0.43652005735800037,10x_human_lymph_node_A1
wo_Sinkhorn_OT,42,17,267,1.4720364809036255,0.2207239717245102,3.0383763313293457,0.38625964522361755,0.11609917879104614,0.12810227274894714,0.256997071802785,0.37833421948024337,0.4460233151912689,0.4324866039701849,10x_human_lymph_node_A1
wo_Sinkhorn_OT,42,18,268,1.4720691442489624,0.21974775195121765,3.04140043258667,0.3894011676311493,0.1157640591263771,0.12968392670154572,0.25796182244077387,0.38322899802781274,0.4485384523868561,0.43820971922817836,10x_human_lymph_node_A1
wo_Sinkhorn_OT,42,19,269,1.4643471240997314,0.2196906954050064,3.033726215362549,0.3866921663284302,0.11510232836008072,0.12682299315929413,0.2577143324895896,0.379814669714676,0.4677138030529022,0.43444840757731495,10x_human_lymph_node_A1
wo_Sinkhorn_OT,42,20,270,1.4614425897598267,0.2201673984527588,3.0304620265960693,0.38598954677581787,0.1166563332080841,0.12840119004249573,0.25813838803383504,0.3791089949199306,0.4707317054271698,0.43415595367395654,10x_human_lymph_node_A1
wo_Sinkhorn_OT,42,21,271,1.4624838829040527,0.21819010376930237,3.0356030464172363,0.3896128833293915,0.11684954911470413,0.13008250296115875,0.25994900139620564,0.38556671888040245,0.4633018374443054,0.4411629893118731,10x_human_lymph_node_A1
wo_Sinkhorn_OT,42,22,272,1.4554228782653809,0.21782751381397247,3.030769109725952,0.3874947726726532,0.11510270088911057,0.12584930658340454,0.2586359888587718,0.3810865014492257,0.48302552103996277,0.43590627304514423,10x_human_lymph_node_A1
wo_Sinkhorn_OT,42,23,273,1.456455111503601,0.21919885277748108,3.0328528881073,0.38581207394599915,0.11955409497022629,0.1306222677230835,0.25959108112703255,0.3803090843359162,0.47239330410957336,0.435789104258779,10x_human_lymph_node_A1
wo_Sinkhorn_OT,42,24,274,1.4515349864959717,0.21715839207172394,3.0310566425323486,0.38823869824409485,0.11609531939029694,0.12895002961158752,0.2589692930489645,0.3850890344026961,0.4832804799079895,0.4412684119332394,10x_human_lymph_node_A1
wo_Sinkhorn_OT,42,25,275,1.4480218887329102,0.2166171818971634,3.030386209487915,0.3886820077896118,0.11479269713163376,0.12641946971416473,0.2589826746870535,0.3833119283287608,0.4950738847255707,0.43857451313857004,10x_human_lymph_node_A1
wo_Sinkhorn_OT,42,26,276,1.4454365968704224,0.21723133325576782,3.0299758911132812,0.3868977129459381,0.11594197154045105,0.1258232593536377,0.2596799764940121,0.3820439197011218,0.4921468198299408,0.43733922930950814,10x_human_lymph_node_A1
wo_Sinkhorn_OT,42,27,277,1.4427847862243652,0.21720387041568756,3.0290567874908447,0.3857215940952301,0.11719152331352234,0.12801483273506165,0.2631923700620535,0.38668215039563186,0.5062633752822876,0.4434354128584597,10x_human_lymph_node_A1
wo_Sinkhorn_OT,42,28,278,1.440173625946045,0.2164599895477295,3.0296311378479004,0.3876473605632782,0.11516734212636948,0.12814384698867798,0.2592517863871739,0.385585581980329,0.5058165192604065,0.44214246316127737,10x_human_lymph_node_A1
wo_Sinkhorn_OT,42,29,279,1.4359142780303955,0.2157660573720932,3.0287716388702393,0.3883803188800812,0.11263399571180344,0.12381690740585327,0.25856042179121796,0.38311003299051233,0.5125153660774231,0.43873701599948906,10x_human_lymph_node_A1
wo_Sinkhorn_OT,42,30,280,1.434393286705017,0.21595650911331177,3.0289390087127686,0.38662031292915344,0.11525993049144745,0.12516675889492035,0.2588215856166958,0.3817888496222628,0.5182119011878967,0.43752409090639605,10x_human_lymph_node_A1
wo_Sinkhorn_OT,42,31,281,1.4325673580169678,0.21566519141197205,3.0287022590637207,0.38586869835853577,0.11705600470304489,0.12842345237731934,0.2613161655070845,0.3854275796005916,0.5216730833053589,0.44241101258422544,10x_human_lymph_node_A1
wo_Sinkhorn_OT,42,32,282,1.4286513328552246,0.2151765376329422,3.0289368629455566,0.3874553143978119,0.11335022002458572,0.12527231872081757,0.2569835096130737,0.38266300932084246,0.5285305976867676,0.43881739607382997,10x_human_lymph_node_A1
wo_Sinkhorn_OT,42,33,283,1.4261258840560913,0.21493364870548248,3.028653621673584,0.38739943504333496,0.11338521540164948,0.12390962243080139,0.2587216910737665,0.3830478386582611,0.5324088335037231,0.4390724243963943,10x_human_lymph_node_A1
wo_Sinkhorn_OT,42,34,284,1.423991084098816,0.21441230177879333,3.0273284912109375,0.3859894871711731,0.1161225289106369,0.12645918130874634,0.259496647436629,0.3835606827556815,0.5383653044700623,0.44005997064821717,10x_human_lymph_node_A1
wo_Sinkhorn_OT,42,35,285,1.421457290649414,0.21433861553668976,3.0289499759674072,0.38651424646377563,0.11430498212575912,0.12551334500312805,0.25829066059252453,0.38309069505484716,0.5425529479980469,0.4396393285259045,10x_human_lymph_node_A1
wo_Sinkhorn_OT,42,36,286,1.4174991846084595,0.21374185383319855,3.0256125926971436,0.38677486777305603,0.11391737312078476,0.12460357695817947,0.25808062557340594,0.3836153582036037,0.5470259189605713,0.43988497298551715,10x_human_lymph_node_A1
wo_Sinkhorn_OT,42,37,287,1.4165656566619873,0.213331401348114,3.0274758338928223,0.38641494512557983,0.11542054265737534,0.12535369396209717,0.25747548799916176,0.3816068947515904,0.5508366227149963,0.4375717227735667,10x_human_lymph_node_A1
wo_Sinkhorn_OT,42,38,288,1.4126921892166138,0.2133929282426834,3.0251386165618896,0.3868892788887024,0.11380146443843842,0.1238955408334732,0.2567126510605305,0.38187764155654086,0.555173397064209,0.4381446683979564,10x_human_lymph_node_A1
wo_Sinkhorn_OT,42,39,289,1.4107266664505005,0.21306069195270538,3.024435520172119,0.3859766125679016,0.11569733172655106,0.12590982019901276,0.25919796396950273,0.3850122622790157,0.5604300498962402,0.44196908731008405,10x_human_lymph_node_A1
wo_Sinkhorn_OT,42,40,290,1.4077006578445435,0.21234215795993805,3.0240910053253174,0.38627442717552185,0.11495602130889893,0.12425966560840607,0.2570831373910998,0.38260678624614675,0.5646247267723083,0.438957826882087,10x_human_lymph_node_A1
wo_Sinkhorn_OT,42,41,291,1.4048130512237549,0.21186812222003937,3.023071765899658,0.3866000771522522,0.1145622730255127,0.12410006672143936,0.2562338013256598,0.3816257822491911,0.5707265138626099,0.437793303907287,10x_human_lymph_node_A1
wo_Sinkhorn_OT,42,42,292,1.4028879404067993,0.2116621881723404,3.0231542587280273,0.3862749934196472,0.11534494906663895,0.12493465095758438,0.25820441009767325,0.3842889848804404,0.57332444190979,0.44102469607961087,10x_human_lymph_node_A1
wo_Sinkhorn_OT,42,43,293,1.3998699188232422,0.21147048473358154,3.0219688415527344,0.3863033950328827,0.11487963795661926,0.12374002486467361,0.25730081722054055,0.3831450467765712,0.576728880405426,0.43974279696343016,10x_human_lymph_node_A1
wo_Sinkhorn_OT,42,44,294,1.398332953453064,0.2109372913837433,3.022240400314331,0.3862086534500122,0.11613588780164719,0.12498187273740768,0.2583437558774477,0.38333987752095217,0.5797632336616516,0.43992774263322076,10x_human_lymph_node_A1
wo_Sinkhorn_OT,42,45,295,1.39510977268219,0.21143431961536407,3.021383285522461,0.38699090480804443,0.11385740339756012,0.1228121966123581,0.25707818471381855,0.38199275700632757,0.5821878910064697,0.4384083378331598,10x_human_lymph_node_A1
wo_Sinkhorn_OT,42,46,296,1.3947217464447021,0.2109326720237732,3.0218446254730225,0.3858332335948944,0.11765310913324356,0.12629616260528564,0.25963987018315554,0.38490408903929385,0.5860394835472107,0.4420316660883177,10x_human_lymph_node_A1
wo_Sinkhorn_OT,42,47,297,1.3910980224609375,0.21169190108776093,3.0208513736724854,0.387042373418808,0.11420763283967972,0.1218835860490799,0.2565280262300701,0.3817318368534789,0.5850783586502075,0.437974407345162,10x_human_lymph_node_A1
wo_Sinkhorn_OT,42,48,298,1.3897345066070557,0.21088199317455292,3.020655632019043,0.3863043487071991,0.11676891893148422,0.1259605437517166,0.25845449545137333,0.3847411048949444,0.5892369151115417,0.4418214807166851,10x_human_lymph_node_A1
wo_Sinkhorn_OT,42,49,299,1.385301947593689,0.21018695831298828,3.0199427604675293,0.38626545667648315,0.11437402665615082,0.12264721095561981,0.2571698527441353,0.38152461469107596,0.5965497493743896,0.437948578150488,10x_human_lymph_node_A1
wo_Sinkhorn_OT,42,50,300,1.382826328277588,0.20876573026180267,3.0191709995269775,0.3858521282672882,0.11581087112426758,0.12367570400238037,0.2588072454975065,0.38410840758232867,0.6015822887420654,0.4411253621117141,10x_human_lymph_node_A1
wo_Sinkhorn_OT,42,51,301,1.3799893856048584,0.20827773213386536,3.018580198287964,0.3863970935344696,0.1149105355143547,0.1230655238032341,0.25838799332901524,0.3839246800581051,0.6045393943786621,0.44070513787464544,10x_human_lymph_node_A1
wo_Sinkhorn_OT,42,52,302,1.3779021501541138,0.20911383628845215,3.0182933807373047,0.3864305019378662,0.11430826038122177,0.12171845138072968,0.25770570716168234,0.38304698525593583,0.6052274107933044,0.4397222904882254,10x_human_lymph_node_A1
wo_Sinkhorn_OT,42,53,303,1.377450942993164,0.20880290865898132,3.0183727741241455,0.3855953514575958,0.11764630675315857,0.12488392740488052,0.2589510507211837,0.384022555316721,0.6072269082069397,0.4411278159690904,10x_human_lymph_node_A1
wo_Sinkhorn_OT,42,54,304,1.3736979961395264,0.20901593565940857,3.018521308898926,0.3867300748825073,0.11381824314594269,0.12103131413459778,0.2554323921222979,0.3808933007201607,0.6074301600456238,0.4371527413680334,10x_human_lymph_node_A1
wo_Sinkhorn_OT,42,55,305,1.3722960948944092,0.20807982981204987,3.017690420150757,0.38590389490127563,0.1167740523815155,0.1238752156496048,0.25896781566755095,0.3848189875107996,0.6139140129089355,0.44208345326857845,10x_human_lymph_node_A1
wo_Sinkhorn_OT,42,56,306,1.3682916164398193,0.20730820298194885,3.0167417526245117,0.38568004965782166,0.11530904471874237,0.12198124825954437,0.25718076569195203,0.3821873667690694,0.6183789372444153,0.43893975869168145,10x_human_lymph_node_A1
wo_Sinkhorn_OT,42,57,307,1.3656542301177979,0.2065470665693283,3.0162441730499268,0.38620004057884216,0.11483009159564972,0.12193836271762848,0.2578438629905194,0.38338885290364794,0.6219736933708191,0.4403793707822702,10x_human_lymph_node_A1
wo_Sinkhorn_OT,42,58,308,1.3635154962539673,0.206281840801239,3.015751838684082,0.38591131567955017,0.11542212218046188,0.12200033664703369,0.2582306565073682,0.3844378514542682,0.6252437233924866,0.4417765374860064,10x_human_lymph_node_A1
wo_Sinkhorn_OT,42,59,309,1.3612864017486572,0.20631113648414612,3.0157365798950195,0.38574352860450745,0.11524545401334763,0.12151411175727844,0.25775415628261644,0.38297885577810875,0.6271630525588989,0.4400799417913084,10x_human_lymph_node_A1
wo_Sinkhorn_OT,42,60,310,1.360288381576538,0.2064250260591507,3.0158586502075195,0.3858908712863922,0.11637499183416367,0.12289221584796906,0.25843786193839463,0.3841698660592389,0.6304372549057007,0.4415623323909354,10x_human_lymph_node_A1
wo_Sinkhorn_OT,42,61,311,1.3580654859542847,0.20744310319423676,3.015711784362793,0.38621166348457336,0.1149555891752243,0.12078376114368439,0.25679909683393537,0.38248814908646056,0.628537654876709,0.43939122252365875,10x_human_lymph_node_A1
wo_Sinkhorn_OT,42,62,312,1.3579093217849731,0.20718486607074738,3.0151803493499756,0.3855164051055908,0.11874733865261078,0.12429659813642502,0.2594180271062017,0.38482975126083546,0.6289422512054443,0.44232521379732387,10x_human_lymph_node_A1
wo_Sinkhorn_OT,42,63,313,1.3540370464324951,0.207844540476799,3.0151658058166504,0.3866482079029083,0.11438849568367004,0.11943182349205017,0.2569133582444505,0.3826809021775467,0.6303838491439819,0.4396649730125183,10x_human_lymph_node_A1
wo_Sinkhorn_OT,42,64,314,1.3524019718170166,0.2063632607460022,3.014625072479248,0.38551679253578186,0.11749236285686493,0.12351102381944656,0.2587962533128959,0.3851702658080976,0.6374753713607788,0.44292126805845417,10x_human_lymph_node_A1
wo_Sinkhorn_OT,42,65,315,1.3480311632156372,0.20527233183383942,3.0136210918426514,0.38586509227752686,0.11517859250307083,0.12002518773078918,0.2574348941854573,0.3833811971825548,0.6405263543128967,0.4405176207066441,10x_human_lymph_node_A1
wo_Sinkhorn_OT,42,66,316,1.345259666442871,0.20395202934741974,3.012974262237549,0.3857371211051941,0.11560097336769104,0.1208556741476059,0.2583096757229702,0.38567081193718544,0.6457215547561646,0.44345538993768113,10x_human_lymph_node_A1
wo_Sinkhorn_OT,42,67,317,1.3430476188659668,0.20380575954914093,3.012784242630005,0.38561856746673584,0.11556463688611984,0.12118721008300781,0.25805972134961386,0.3846605616896494,0.6483444571495056,0.4423741939924167,10x_human_lymph_node_A1
wo_Sinkhorn_OT,42,68,318,1.3413187265396118,0.20440150797367096,3.012617826461792,0.3858583867549896,0.11522220075130463,0.11944034695625305,0.2577495558465982,0.38274744363683383,0.6478924751281738,0.43984709830356367,10x_human_lymph_node_A1
wo_Sinkhorn_OT,42,69,319,1.3408522605895996,0.20477195084095,3.0125508308410645,0.3852390646934509,0.11762607097625732,0.12250538170337677,0.2602917611856056,0.38768784660601363,0.6506628394126892,0.4459622589248271,10x_human_lymph_node_A1
wo_Sinkhorn_OT,42,70,320,1.3379342555999756,0.20573730766773224,3.0130152702331543,0.3860853910446167,0.11433286964893341,0.11932595819234848,0.25625040303975,0.38258983218102194,0.6464076638221741,0.439877116501091,10x_human_lymph_node_A1
wo_Sinkhorn_OT,42,71,321,1.3376401662826538,0.20441773533821106,3.0127511024475098,0.3851586580276489,0.11878979206085205,0.12219379842281342,0.2605913134472928,0.38785078494208874,0.6531628966331482,0.4460641362292782,10x_human_lymph_node_A1
wo_Sinkhorn_OT,42,72,322,1.3328052759170532,0.2037186622619629,3.0124552249908447,0.38564741611480713,0.1149301752448082,0.11925546079874039,0.25689987639236167,0.3830804791628382,0.6551179885864258,0.44052795304762665,10x_human_lymph_node_A1
wo_Sinkhorn_OT,42,73,323,1.3299213647842407,0.20229074358940125,3.011035680770874,0.3856937289237976,0.115481898188591,0.1200256496667862,0.2574095105625431,0.3848107377123374,0.661691427230835,0.442588518217853,10x_human_lymph_node_A1
wo_Sinkhorn_OT,42,74,324,1.3277180194854736,0.20156626403331757,3.0103073120117188,0.3851570188999176,0.11658025532960892,0.120174840092659,0.2580919215900551,0.38482148994047044,0.6634329557418823,0.4425146209934126,10x_human_lymph_node_A1
wo_Sinkhorn_OT,42,75,325,1.3256462812423706,0.20276743173599243,3.010582685470581,0.38590770959854126,0.11444353312253952,0.11845527589321136,0.25653798384758825,0.3830024900785,0.6643155813217163,0.4404148879957402,10x_human_lymph_node_A1
wo_Sinkhorn_OT,42,76,326,1.3261345624923706,0.20325294137001038,3.010688304901123,0.38523992896080017,0.11797178536653519,0.12141627073287964,0.259742597899446,0.3866134342304307,0.6654515266418457,0.4447716114283792,10x_human_lymph_node_A1
wo_Sinkhorn_OT,42,77,327,1.3238122463226318,0.20490248501300812,3.010763168334961,0.385597825050354,0.11556275188922882,0.1183585375547409,0.2559502490874307,0.3812064176867603,0.6608688831329346,0.43835017638122564,10x_human_lymph_node_A1
wo_Sinkhorn_OT,42,78,328,1.3222767114639282,0.20355594158172607,3.0098073482513428,0.3852566182613373,0.11802727729082108,0.12140572816133499,0.2591002056176175,0.38753241546751777,0.6672753095626831,0.4459562269991206,10x_human_lymph_node_A1
wo_Sinkhorn_OT,42,79,329,1.317620038986206,0.2022668868303299,3.0093743801116943,0.38568902015686035,0.11502426117658615,0.11812356114387512,0.25655638480503123,0.3828308025906165,0.6705735921859741,0.4403289200109658,10x_human_lymph_node_A1
wo_Sinkhorn_OT,42,80,330,1.3152024745941162,0.20025764405727386,3.0086488723754883,0.3849376440048218,0.1170739158987999,0.11961370706558228,0.2582476058154351,0.3863078502790915,0.6756436228752136,0.4444376716355739,10x_human_lymph_node_A1
wo_Sinkhorn_OT,42,81,331,1.311918020248413,0.1999189704656601,3.0079684257507324,0.38588079810142517,0.1148252934217453,0.11803241074085236,0.2575184665121238,0.3850878133687046,0.6781110763549805,0.442970345160083,10x_human_lymph_node_A1
wo_Sinkhorn_OT,42,82,332,1.3106251955032349,0.20063796639442444,3.0079193115234375,0.3849857449531555,0.11588872224092484,0.11874205619096756,0.2565137038745241,0.38322666246209475,0.6773698329925537,0.4409107078235285,10x_human_lymph_node_A1
wo_Sinkhorn_OT,42,83,333,1.310473918914795,0.20089387893676758,3.0079171657562256,0.38495954871177673,0.11807726323604584,0.11986351758241653,0.2593901960218967,0.3880638612331685,0.6793655753135681,0.44667547401876057,10x_human_lymph_node_A1
wo_Sinkhorn_OT,42,84,334,1.3075764179229736,0.2021752893924713,3.0079591274261475,0.3861960172653198,0.11430012434720993,0.11665906012058258,0.2565481744237537,0.38291558582723684,0.6753522753715515,0.4405281390588065,10x_human_lymph_node_A1
wo_Sinkhorn_OT,42,85,335,1.307806134223938,0.20133225619792938,3.007472038269043,0.38426563143730164,0.12002118676900864,0.12124308198690414,0.25922018061762886,0.3877196120557651,0.6819466948509216,0.44647960635429457,10x_human_lymph_node_A1
wo_Sinkhorn_OT,42,86,336,1.3033126592636108,0.20122018456459045,3.0073742866516113,0.38588669896125793,0.11490283906459808,0.11648915708065033,0.2560161954480576,0.38187500567163757,0.6815101504325867,0.4392310614114928,10x_human_lymph_node_A1
wo_Sinkhorn_OT,42,87,337,1.3006749153137207,0.19938689470291138,3.006424903869629,0.3853180408477783,0.11639461666345596,0.11857105791568756,0.2579226414935741,0.3865401654392285,0.6893070340156555,0.44499058096104555,10x_human_lymph_node_A1
wo_Sinkhorn_OT,42,88,338,1.2982745170593262,0.198303684592247,3.005800724029541,0.3844841718673706,0.11765211820602417,0.1184108555316925,0.25652971974144045,0.383589497740221,0.6910860538482666,0.4416291892446991,10x_human_lymph_node_A1
wo_Sinkhorn_OT,42,89,339,1.2950221300125122,0.19816775619983673,3.0056464672088623,0.3860771954059601,0.11433466523885727,0.11589279770851135,0.25557339163978965,0.3832206839228215,0.6925622224807739,0.4409409392903296,10x_human_lymph_node_A1
wo_Sinkhorn_OT,42,90,340,1.2947518825531006,0.19844873249530792,3.0054163932800293,0.38442137837409973,0.11794990301132202,0.11934182792901993,0.2567973510537203,0.38498709877326837,0.6947810053825378,0.4434099019197296,10x_human_lymph_node_A1
wo_Sinkhorn_OT,42,91,341,1.2926193475723267,0.19946257770061493,3.0052597522735596,0.3855193853378296,0.11566240340471268,0.11598055064678192,0.25587530837663963,0.3821777544674535,0.6916652917861938,0.43982524496624487,10x_human_lymph_node_A1
wo_Sinkhorn_OT,42,92,342,1.292370080947876,0.20000611245632172,3.00514817237854,0.3852953612804413,0.11762572824954987,0.11874943971633911,0.25778370613404866,0.3870178562370542,0.6962039470672607,0.4457253858152335,10x_human_lymph_node_A1
wo_Sinkhorn_OT,42,93,343,1.2910315990447998,0.20143038034439087,3.0053844451904297,0.3846811056137085,0.11750168353319168,0.11759231984615326,0.25513801717319184,0.38235875203976105,0.6918069124221802,0.44033449696889737,10x_human_lymph_node_A1
wo_Sinkhorn_OT,42,94,344,1.2891896963119507,0.1997557282447815,3.0049731731414795,0.3854671120643616,0.11834114789962769,0.1176958829164505,0.25978965166950113,0.38826473859011096,0.6966492533683777,0.44698202546075416,10x_human_lymph_node_A1
wo_Sinkhorn_OT,42,95,345,1.28445565700531,0.1992352306842804,3.0044503211975098,0.3851461708545685,0.11530011892318726,0.11646686494350433,0.255601109164172,0.38326589674301287,0.6981030106544495,0.441401161184551,10x_human_lymph_node_A1
wo_Sinkhorn_OT,42,96,346,1.2824513912200928,0.19653569161891937,3.0039143562316895,0.38460874557495117,0.1181245967745781,0.11711117625236511,0.2573699752154341,0.38623704673182174,0.7041237950325012,0.4448316043801319,10x_human_lymph_node_A1
wo_Sinkhorn_OT,42,97,347,1.2795600891113281,0.19729550182819366,3.0038604736328125,0.385736346244812,0.11489171534776688,0.11589890718460083,0.255645781662212,0.3836895313166005,0.7041658163070679,0.4417853594458015,10x_human_lymph_node_A1
wo_Sinkhorn_OT,42,98,348,1.2798389196395874,0.19909271597862244,3.0031821727752686,0.38471752405166626,0.1174960508942604,0.11675852537155151,0.25609664019537,0.3858820041555782,0.7043263912200928,0.4446005106850708,10x_human_lymph_node_A1
wo_Sinkhorn_OT,42,99,349,1.2792145013809204,0.19967420399188995,3.0034584999084473,0.3850134313106537,0.1181473582983017,0.11860847473144531,0.25532676919912295,0.3829884341720941,0.6993511915206909,0.4409631280620161,10x_human_lymph_node_A1
wo_Sinkhorn_OT,42,100,350,1.27584969997406,0.19926944375038147,3.003464698791504,0.38663598895072937,0.11474872380495071,0.11318200826644897,0.2567120550850463,0.3851409712536422,0.7068334817886353,0.44328849523345293,10x_human_lymph_node_A1
wo_Sinkhorn_OT,42,101,351,1.274145483970642,0.19729535281658173,3.0041096210479736,0.3830764591693878,0.11961417645215988,0.12037207931280136,0.25413906188818547,0.3838421975867152,0.7080034613609314,0.44258179458691127,10x_human_lymph_node_A1
wo_Sinkhorn_OT,42,102,352,1.2699838876724243,0.19559550285339355,3.003190040588379,0.3862234950065613,0.11526066809892654,0.11365439742803574,0.2575331957022284,0.3853216907662899,0.7113046646118164,0.44346116447791833,10x_human_lymph_node_A1
wo_Sinkhorn_OT,42,103,353,1.267816424369812,0.1961391717195511,3.0020346641540527,0.3851460814476013,0.11584806442260742,0.11479398608207703,0.25503555644109716,0.38431567403726213,0.71393883228302,0.44271809423387654,10x_human_lymph_node_A1
wo_Sinkhorn_OT,42,104,354,1.2672926187515259,0.19630251824855804,3.0021185874938965,0.38374167680740356,0.11868883669376373,0.11844414472579956,0.2552678128888189,0.38403801787873326,0.715309739112854,0.4425722305199145,10x_human_lymph_node_A1
wo_Sinkhorn_OT,42,105,355,1.265197515487671,0.1972775012254715,3.002739667892456,0.38681885600090027,0.1141163557767868,0.11202667653560638,0.256541194902094,0.3846370576667811,0.7143937349319458,0.44276891691819037,10x_human_lymph_node_A1
wo_Sinkhorn_OT,42,106,356,1.2632273435592651,0.19517017900943756,3.002657651901245,0.38352519273757935,0.11882796883583069,0.11800356209278107,0.2559365005638042,0.38496773046712734,0.7186870574951172,0.4437515362682554,10x_human_lymph_node_A1
wo_Sinkhorn_OT,42,107,357,1.2594441175460815,0.19458024203777313,3.001389503479004,0.3852193355560303,0.11558369547128677,0.11445669084787369,0.25526281053211963,0.38356436943300615,0.7214065194129944,0.44189399816488023,10x_human_lymph_node_A1
wo_Sinkhorn_OT,42,108,358,1.2591601610183716,0.19481030106544495,3.0005831718444824,0.3853246867656708,0.11767372488975525,0.11389601230621338,0.25865643871713195,0.38826789162281744,0.7214393019676208,0.4470160637995023,10x_human_lymph_node_A1
wo_Sinkhorn_OT,42,109,359,1.258975863456726,0.19761869311332703,3.002577304840088,0.3845292329788208,0.11708970367908478,0.11630880832672119,0.25238708513438257,0.3801163001821763,0.7139628529548645,0.43801152952981154,10x_human_lymph_node_A1
wo_Sinkhorn_OT,42,110,360,1.2621022462844849,0.1983068287372589,3.0042505264282227,0.3840123414993286,0.12274006009101868,0.11736112833023071,0.25921123000460483,0.38885472096948565,0.7123355865478516,0.44792129845337075,10x_human_lymph_node_A1
wo_Sinkhorn_OT,42,111,361,1.2561591863632202,0.19885428249835968,3.0026681423187256,0.38624534010887146,0.11519325524568558,0.11296252906322479,0.25409088737837826,0.383510018980655,0.698728084564209,0.44133027606960457,10x_human_lymph_node_A1
wo_Sinkhorn_OT,42,112,362,1.2513813972473145,0.1951809525489807,2.999417543411255,0.3846963346004486,0.11735638976097107,0.11523579061031342,0.2568676682278604,0.38731120705422833,0.7231441140174866,0.4462637927029495,10x_human_lymph_node_A1
wo_Sinkhorn_OT,42,113,363,1.253147006034851,0.19751186668872833,3.0015552043914795,0.3843420445919037,0.11930808424949646,0.11502956598997116,0.2572241312737307,0.3872266278251104,0.7193818092346191,0.4461066050750228,10x_human_lymph_node_A1
wo_Sinkhorn_OT,42,114,364,1.2481863498687744,0.19676591455936432,3.0006842613220215,0.38547778129577637,0.11491336673498154,0.11427389085292816,0.25400764597743064,0.3831819709814114,0.7162835001945496,0.4413098455999388,10x_human_lymph_node_A1
wo_Sinkhorn_OT,42,115,365,1.24369478225708,0.1935180127620697,2.9982447624206543,0.3856416344642639,0.11505232006311417,0.11175082623958588,0.25663793117802264,0.3860718162469742,0.724298357963562,0.4444727359758663,10x_human_lymph_node_A1
wo_Sinkhorn_OT,42,116,366,1.2460123300552368,0.19686801731586456,3.000032663345337,0.3841724097728729,0.11806795746088028,0.11518222093582153,0.25605566023918264,0.38654221210853557,0.7233144044876099,0.4455677078472218,10x_human_lymph_node_A1
wo_Sinkhorn_OT,42,117,367,1.242992877960205,0.19638223946094513,2.99843430519104,0.3842048645019531,0.11747622489929199,0.11671885848045349,0.2543292294930762,0.3846168442436484,0.7236236929893494,0.44347600496884926,10x_human_lymph_node_A1
wo_Sinkhorn_OT,42,118,368,1.2394620180130005,0.19439895451068878,2.998629093170166,0.38639581203460693,0.11455938220024109,0.1098996102809906,0.2570193277793355,0.3852892677634775,0.7246201634407043,0.44358034621929116,10x_human_lymph_node_A1
wo_Sinkhorn_OT,42,119,369,1.2378219366073608,0.1941312849521637,2.998046398162842,0.3843751549720764,0.11708144843578339,0.11395765841007233,0.2559942567809779,0.38655142324679537,0.7293720841407776,0.44549003821152544,10x_human_lymph_node_A1
wo_Sinkhorn_OT,42,120,370,1.2367080450057983,0.19512435793876648,2.9976704120635986,0.3833247125148773,0.11817339807748795,0.11710377782583237,0.2533804508588984,0.3840393593577048,0.7285597920417786,0.4428609401491786,10x_human_lymph_node_A1
wo_Sinkhorn_OT,42,121,371,1.2336198091506958,0.19340327382087708,2.9982964992523193,0.38599756360054016,0.11494980752468109,0.11008381843566895,0.2560377418341417,0.383919786946467,0.7309450507164001,0.44204474823230644,10x_human_lymph_node_A1
wo_Sinkhorn_OT,42,122,372,1.2316269874572754,0.19322927296161652,2.996380090713501,0.3851882815361023,0.11640452593564987,0.11223725974559784,0.25678661945415887,0.3865911994451795,0.734997570514679,0.4454027966579437,10x_human_lymph_node_A1
wo_Sinkhorn_OT,42,123,373,1.2327739000320435,0.1962718963623047,2.9984028339385986,0.3830915689468384,0.1185235008597374,0.11666463315486908,0.2528947722404162,0.3838699212235933,0.7246599793434143,0.4429701783951296,10x_human_lymph_node_A1
wo_Sinkhorn_OT,42,124,374,1.2275986671447754,0.19151468575000763,2.9958791732788086,0.38392093777656555,0.11846698075532913,0.11389443278312683,0.2569243428520962,0.3865466035221902,0.7371461987495422,0.445530166250338,10x_human_lymph_node_A1
wo_Sinkhorn_OT,42,125,375,1.22697114944458,0.19549301266670227,2.996396541595459,0.38732025027275085,0.11288601905107498,0.1084001362323761,0.25679746197458786,0.38533644565131137,0.7349086403846741,0.4436511824554084,10x_human_lymph_node_A1
wo_Sinkhorn_OT,42,126,376,1.224858045578003,0.1926441490650177,2.9961700439453125,0.38330575823783875,0.11872658878564835,0.11489017307758331,0.2551976024496945,0.3846781174315067,0.7371649742126465,0.443492490925158,10x_human_lymph_node_A1
wo_Sinkhorn_OT,42,127,377,1.220968246459961,0.19214269518852234,2.994861364364624,0.3837238848209381,0.11644326895475388,0.11410804092884064,0.2544323792344543,0.384403406915339,0.7405118942260742,0.44331566318073395,10x_human_lymph_node_A1
wo_Sinkhorn_OT,42,128,378,1.2202305793762207,0.19268552958965302,2.995513439178467,0.3863506019115448,0.11439037322998047,0.10891170799732208,0.2569926005159703,0.3866844506420269,0.7408320307731628,0.4452718716061864,10x_human_lymph_node_A1
wo_Sinkhorn_OT,42,129,379,1.2181806564331055,0.1910259872674942,2.99446964263916,0.384397953748703,0.11769822984933853,0.11199173331260681,0.2551592510717945,0.3839861860132857,0.7416558861732483,0.4424998318487795,10x_human_lymph_node_A1
wo_Sinkhorn_OT,42,130,380,1.2164497375488281,0.19321008026599884,2.994778633117676,0.3839464783668518,0.11595558375120163,0.11353477835655212,0.2543473684933564,0.3853032762477178,0.739158034324646,0.4443302215585467,10x_human_lymph_node_A1
wo_Sinkhorn_OT,42,131,381,1.2151316404342651,0.1908050775527954,2.9940903186798096,0.38438189029693604,0.11844491213560104,0.11141747236251831,0.2576793539709285,0.38763076837597243,0.7448762655258179,0.4466540692385318,10x_human_lymph_node_A1
wo_Sinkhorn_OT,42,132,382,1.2121304273605347,0.1923476606607437,2.9935717582702637,0.38624897599220276,0.11377087980508804,0.10864545404911041,0.2549350636277035,0.3839513146536446,0.7429429888725281,0.44234308293194713,10x_human_lymph_node_A1
wo_Sinkhorn_OT,42,133,383,1.2116450071334839,0.1914409101009369,2.9936883449554443,0.3835254907608032,0.11864317953586578,0.11398856341838837,0.25531755335206785,0.3858737880464337,0.7485294342041016,0.44498222099536255,10x_human_lymph_node_A1
wo_Sinkhorn_OT,42,134,384,1.2111866474151611,0.1935698390007019,2.993556022644043,0.38438770174980164,0.11757965385913849,0.11121034622192383,0.2549955122486468,0.38554153131450797,0.7475290894508362,0.4444203030921065,10x_human_lymph_node_A1
wo_Sinkhorn_OT,42,135,385,1.2097851037979126,0.19432377815246582,2.9930191040039062,0.38599103689193726,0.11596567183732986,0.1104571670293808,0.25523366558578414,0.38530208993323856,0.7452294230461121,0.44391301556476137,10x_human_lymph_node_A1
wo_Sinkhorn_OT,42,136,386,1.2057185173034668,0.19255280494689941,2.9924511909484863,0.384678453207016,0.11583488434553146,0.11017417907714844,0.25421575822094894,0.38397427321789074,0.7481223344802856,0.44265556840946746,10x_human_lymph_node_A1
wo_Sinkhorn_OT,42,137,387,1.2052959203720093,0.19155816733837128,2.9919629096984863,0.3832238018512726,0.11992853879928589,0.11364395916461945,0.25593136735519695,0.38670148134063487,0.7487085461616516,0.4460150531763928,10x_human_lymph_node_A1
wo_Sinkhorn_OT,42,138,388,1.200106143951416,0.19033080339431763,2.9918696880340576,0.3856184780597687,0.11409371346235275,0.10902588069438934,0.25398655157220207,0.3842418998126999,0.7513821125030518,0.44288760377520375,10x_human_lymph_node_A1
wo_Sinkhorn_OT,42,139,389,1.1983920335769653,0.18868103623390198,2.9910547733306885,0.3849242031574249,0.11649247258901596,0.10919781029224396,0.25570226998628004,0.3849564996967052,0.7534998059272766,0.4435695566229407,10x_human_lymph_node_A1
wo_Sinkhorn_OT,42,140,390,1.196998119354248,0.19008243083953857,2.990798234939575,0.38404425978660583,0.11651526391506195,0.11130093783140182,0.25522224820183326,0.38664672369125563,0.7537056803703308,0.44594599932643597,10x_human_lymph_node_A1
wo_Sinkhorn_OT,42,141,391,1.1941500902175903,0.18911366164684296,2.990872383117676,0.3844030499458313,0.11538946628570557,0.11047109216451645,0.25420975918357963,0.3846967567981429,0.7566689252853394,0.44353695142649313,10x_human_lymph_node_A1
wo_Sinkhorn_OT,42,142,392,1.1933059692382812,0.18859905004501343,2.9898898601531982,0.3848876357078552,0.11687661707401276,0.10905095934867859,0.25670561700883104,0.3863592516643576,0.7547057867050171,0.4451895232842058,10x_human_lymph_node_A1
wo_Sinkhorn_OT,42,143,393,1.1914595365524292,0.19036050140857697,2.9902162551879883,0.38499587774276733,0.11475767940282822,0.10920137912034988,0.2546570733662852,0.3865240868314277,0.7575483322143555,0.44574097897154374,10x_human_lymph_node_A1
wo_Sinkhorn_OT,42,144,394,1.1915887594223022,0.18932092189788818,2.989461660385132,0.38325661420822144,0.11997096985578537,0.11281035840511322,0.254744260508151,0.38608697534314684,0.7590125799179077,0.44525828904357756,10x_human_lymph_node_A1
wo_Sinkhorn_OT,42,145,395,1.1887503862380981,0.19138497114181519,2.989839792251587,0.38606929779052734,0.11368848383426666,0.10692156851291656,0.25495391279310026,0.3847884717827531,0.757688045501709,0.4434948238699628,10x_human_lymph_node_A1
wo_Sinkhorn_OT,42,146,396,1.1883046627044678,0.19011370837688446,2.9896292686462402,0.3842024505138397,0.11820440739393234,0.11070667207241058,0.2552809097023944,0.3863636651020248,0.7607158422470093,0.4454659793958178,10x_human_lymph_node_A1
wo_Sinkhorn_OT,42,147,397,1.1870648860931396,0.19174373149871826,2.9891090393066406,0.38356736302375793,0.11807664483785629,0.11096891760826111,0.25467069623173816,0.3847163386288602,0.7583343386650085,0.4435143191725962,10x_human_lymph_node_A1
wo_Sinkhorn_OT,42,148,398,1.1840544939041138,0.19008401036262512,2.9887423515319824,0.38501885533332825,0.11651042103767395,0.10896612703800201,0.25589112171644746,0.38674979691716016,0.7618297338485718,0.44586006939038625,10x_human_lymph_node_A1
wo_Sinkhorn_OT,42,149,399,1.18044114112854,0.18933992087841034,2.987809181213379,0.3849716782569885,0.11502755433320999,0.10766711086034775,0.254275126497802,0.38455998043846973,0.7626788020133972,0.44338607360945764,10x_human_lymph_node_A1
wo_Sinkhorn_OT,42,150,400,1.1785917282104492,0.18747678399085999,2.9876608848571777,0.38351351022720337,0.11780542135238647,0.1110025942325592,0.25495979206007147,0.38619309717176,0.7671775817871094,0.44539481517617846,10x_human_lymph_node_A1
wo_Dense_Gram,42,1,251,1.501677393913269,0.2215733677148819,3.022366523742676,0.3909932076931,0.1027197390794754,0.12471643835306168,0.2492590516740693,0.37526488666242935,0.3090146481990814,0.4252193222260346,10x_human_lymph_node_A1
wo_Dense_Gram,42,2,252,1.4999535083770752,0.22205939888954163,3.024947166442871,0.38776370882987976,0.10591936111450195,0.12606245279312134,0.250167333280032,0.3717364680517189,0.31597718596458435,0.42207502004071706,10x_human_lymph_node_A1
wo_Dense_Gram,42,3,253,1.4988243579864502,0.22256720066070557,3.026702404022217,0.38611531257629395,0.11047050356864929,0.12756995856761932,0.25256618030436906,0.3694982090522801,0.3252485394477844,0.420551369183956,10x_human_lymph_node_A1
wo_Dense_Gram,42,4,254,1.497064471244812,0.22236879169940948,3.028282880783081,0.38661929965019226,0.11362160742282867,0.12691275775432587,0.255755306583814,0.3706681254066411,0.33867672085762024,0.4215715396895592,10x_human_lymph_node_A1
wo_Dense_Gram,42,5,255,1.4950119256973267,0.22218076884746552,3.0302953720092773,0.38765308260917664,0.1157483160495758,0.12518645823001862,0.25982552183945695,0.373349805811754,0.35187700390815735,0.42428738706336283,10x_human_lymph_node_A1
wo_Dense_Gram,42,6,256,1.4928380250930786,0.2221672683954239,3.031733751296997,0.3885398209095001,0.11680525541305542,0.12373167276382446,0.2587724365849927,0.37310419062799344,0.3649682402610779,0.42398516761736044,10x_human_lymph_node_A1
wo_Dense_Gram,42,7,257,1.49070405960083,0.222058966755867,3.0334439277648926,0.38859450817108154,0.1187736764550209,0.1231110543012619,0.26018661206408183,0.3720110404980552,0.3759891092777252,0.4229313254421109,10x_human_lymph_node_A1
wo_Dense_Gram,42,8,258,1.4881149530410767,0.22176578640937805,3.0345187187194824,0.3883711099624634,0.12039995938539505,0.12265032529830933,0.26173308323546207,0.37551898117484317,0.386271595954895,0.42722904511425724,10x_human_lymph_node_A1
wo_Dense_Gram,42,9,259,1.4856542348861694,0.22140908241271973,3.0362708568573,0.3878895044326782,0.12167564034461975,0.12231185287237167,0.2650838541418561,0.37904330744055836,0.39704927802085876,0.4312624182519892,10x_human_lymph_node_A1
wo_Dense_Gram,42,10,260,1.4834998846054077,0.22096894681453705,3.038510322570801,0.3876088857650757,0.12339656054973602,0.12204036116600037,0.26539003441574177,0.37995408051070423,0.40610745549201965,0.43270465641248523,10x_human_lymph_node_A1
wo_Dense_Gram,42,11,261,1.4818228483200073,0.2204393893480301,3.042722702026367,0.387468546628952,0.12448777258396149,0.12126511335372925,0.26578347378114797,0.38078296253609845,0.41477730870246887,0.4336156749564606,10x_human_lymph_node_A1
wo_Dense_Gram,42,12,262,1.4802559614181519,0.21986719965934753,3.046721935272217,0.3878335952758789,0.1257941871881485,0.120346799492836,0.26683447383710374,0.382563212921935,0.42295780777931213,0.43584720077793804,10x_human_lymph_node_A1
wo_Dense_Gram,42,13,263,1.4768940210342407,0.21926535665988922,3.0468204021453857,0.38786956667900085,0.12707190215587616,0.11942002922296524,0.2688627880441268,0.38211046456262,0.43299782276153564,0.4351308785823335,10x_human_lymph_node_A1
wo_Dense_Gram,42,14,264,1.47170090675354,0.2189018577337265,3.041283369064331,0.3877684473991394,0.1296568363904953,0.11905264854431152,0.2677474105344619,0.38301838744103545,0.443036288022995,0.4365646515781391,10x_human_lymph_node_A1
wo_Dense_Gram,42,15,265,1.466896414756775,0.2180991768836975,3.03839373588562,0.38774630427360535,0.13108506798744202,0.11795873939990997,0.26866226651935843,0.3821149599122194,0.451482892036438,0.4351814627255098,10x_human_lymph_node_A1
wo_Dense_Gram,42,16,266,1.4644447565078735,0.2174355685710907,3.040328025817871,0.38801148533821106,0.13323169946670532,0.1171189695596695,0.2683719905916207,0.3818545606092757,0.46107688546180725,0.4348889924586052,10x_human_lymph_node_A1
wo_Dense_Gram,42,17,267,1.4602495431900024,0.21676620841026306,3.0381627082824707,0.38793960213661194,0.13538864254951477,0.11642888933420181,0.2684872151773754,0.382130895701775,0.46837449073791504,0.43532869102288313,10x_human_lymph_node_A1
wo_Dense_Gram,42,18,268,1.4573132991790771,0.21659713983535767,3.038003921508789,0.3883304297924042,0.13642050325870514,0.11558219790458679,0.2721521551449961,0.3838187842891609,0.4776458442211151,0.4376973464570996,10x_human_lymph_node_A1
wo_Dense_Gram,42,19,269,1.4543228149414062,0.2162121832370758,3.037583827972412,0.38842734694480896,0.1392890214920044,0.11523917317390442,0.27223887549577025,0.38365754403117264,0.48691675066947937,0.4373495642329832,10x_human_lymph_node_A1
wo_Dense_Gram,42,20,270,1.450531005859375,0.21549782156944275,3.0367424488067627,0.38794150948524475,0.1417703777551651,0.11476057767868042,0.27527786372015295,0.384943332790926,0.4907735288143158,0.43911222432931507,10x_human_lymph_node_A1
wo_Dense_Gram,42,21,271,1.4484729766845703,0.2149798721075058,3.0376672744750977,0.38871634006500244,0.14389733970165253,0.11443297564983368,0.2720215023509236,0.38343219861341216,0.49877551198005676,0.43733047629674493,10x_human_lymph_node_A1
wo_Dense_Gram,42,22,272,1.4441437721252441,0.21436730027198792,3.035867691040039,0.3886062800884247,0.14547833800315857,0.11325933039188385,0.2737055783263699,0.3835802031614117,0.5055515170097351,0.4376356569757428,10x_human_lymph_node_A1
wo_Dense_Gram,42,23,273,1.4414522647857666,0.21353976428508759,3.0374131202697754,0.3884814977645874,0.148665189743042,0.11271104216575623,0.2727410905883532,0.3817812537886193,0.5137317776679993,0.43526047617593144,10x_human_lymph_node_A1
wo_Dense_Gram,42,24,274,1.4372828006744385,0.21308673918247223,3.034928321838379,0.38869696855545044,0.14919869601726532,0.11170318722724915,0.2735491942334622,0.3835154689473437,0.5230674147605896,0.437466134801005,10x_human_lymph_node_A1
wo_Dense_Gram,42,25,275,1.4340358972549438,0.21218667924404144,3.034623146057129,0.3886733949184418,0.15115854144096375,0.1113426610827446,0.2728771879397091,0.3838208052670813,0.5315093994140625,0.43813714936447423,10x_human_lymph_node_A1
wo_Dense_Gram,42,26,276,1.4304344654083252,0.21163256466388702,3.033893585205078,0.3884690999984741,0.15336203575134277,0.1105959415435791,0.27408215287875237,0.385035542983657,0.5375105738639832,0.4392741406048016,10x_human_lymph_node_A1
wo_Dense_Gram,42,27,277,1.4274978637695312,0.2114400565624237,3.0334393978118896,0.3886079490184784,0.15422949194908142,0.11003313213586807,0.27222158367377,0.38243956526526046,0.5446539521217346,0.4364216142711651,10x_human_lymph_node_A1
wo_Dense_Gram,42,28,278,1.425122857093811,0.21096770465373993,3.033412456512451,0.3885941505432129,0.1565677672624588,0.110386922955513,0.2731894339044495,0.38591523793296273,0.5493375658988953,0.44066556544868374,10x_human_lymph_node_A1
wo_Dense_Gram,42,29,279,1.4227426052093506,0.21108052134513855,3.0335569381713867,0.3887079656124115,0.15750174224376678,0.11003591120243073,0.26995765951412215,0.3804813574420212,0.5451170206069946,0.43449197428865943,10x_human_lymph_node_A1
wo_Dense_Gram,42,30,280,1.4212689399719238,0.21043939888477325,3.0345773696899414,0.38878539204597473,0.16194598376750946,0.11110755801200867,0.27014628462060125,0.3809942961810553,0.546219527721405,0.43498277989852735,10x_human_lymph_node_A1
wo_Dense_Gram,42,31,281,1.4153578281402588,0.20940370857715607,3.033154249191284,0.3885912597179413,0.16033098101615906,0.10770100355148315,0.2707268533588478,0.3817585527518133,0.560650646686554,0.4358609228841104,10x_human_lymph_node_A1
wo_Dense_Gram,42,32,282,1.4129797220230103,0.2091177999973297,3.0321671962738037,0.3887282907962799,0.1598816215991974,0.10823673009872437,0.2697617176229694,0.3819057881773347,0.5681567788124084,0.4366490533389664,10x_human_lymph_node_A1
wo_Dense_Gram,42,33,283,1.4118123054504395,0.2092636525630951,3.0327961444854736,0.38870933651924133,0.16354766488075256,0.109390988945961,0.2681808589771557,0.3804086524173423,0.5634191632270813,0.43519149145623076,10x_human_lymph_node_A1
wo_Dense_Gram,42,34,284,1.4080880880355835,0.20905204117298126,3.0342695713043213,0.38884562253952026,0.16374634206295013,0.10649918019771576,0.27074732308315347,0.38122276929977056,0.5754360556602478,0.4357113795556229,10x_human_lymph_node_A1
wo_Dense_Gram,42,35,285,1.402777075767517,0.20710760354995728,3.0308327674865723,0.38802921772003174,0.16605447232723236,0.10635654628276825,0.27083790763313764,0.38128531866512505,0.5830336809158325,0.43583131390089175,10x_human_lymph_node_A1
wo_Dense_Gram,42,36,286,1.4005720615386963,0.20688040554523468,3.0308215618133545,0.38844603300094604,0.16547079384326935,0.10621209442615509,0.2706557005000734,0.3824654446558216,0.585666298866272,0.43752894654470414,10x_human_lymph_node_A1
wo_Dense_Gram,42,37,287,1.3987663984298706,0.20762650668621063,3.031442403793335,0.3888409733772278,0.16564983129501343,0.10551591217517853,0.2702057574419014,0.38197189252331226,0.5886929631233215,0.4369724830800259,10x_human_lymph_node_A1
wo_Dense_Gram,42,38,288,1.394959568977356,0.20634320378303528,3.030411958694458,0.3874041736125946,0.17074187099933624,0.1062021553516388,0.26858246496490085,0.3804086013145134,0.5912507176399231,0.434936019946472,10x_human_lymph_node_A1
wo_Dense_Gram,42,39,289,1.3907439708709717,0.20518766343593597,3.0290465354919434,0.3885560631752014,0.16734910011291504,0.10393308103084564,0.2705044897671142,0.3814289532323252,0.6001336574554443,0.43626529191392055,10x_human_lymph_node_A1
wo_Dense_Gram,42,40,290,1.3887569904327393,0.20541596412658691,3.0290122032165527,0.38867926597595215,0.16725856065750122,0.10396628081798553,0.26935630070236977,0.38253437451915095,0.6031638383865356,0.4378950060853592,10x_human_lymph_node_A1
wo_Dense_Gram,42,41,291,1.3868787288665771,0.2055138796567917,3.0291311740875244,0.38730716705322266,0.1723434180021286,0.1055670753121376,0.26816950857248084,0.38105049081712855,0.6045824289321899,0.4362515831068423,10x_human_lymph_node_A1
wo_Dense_Gram,42,42,292,1.3833805322647095,0.20547878742218018,3.0283055305480957,0.3883935213088989,0.17073170840740204,0.10315071791410446,0.267172796948459,0.3785907678596349,0.6095293760299683,0.43329294671527707,10x_human_lymph_node_A1
wo_Dense_Gram,42,43,293,1.3796645402908325,0.20348313450813293,3.0277631282806396,0.38813894987106323,0.1719362437725067,0.10309064388275146,0.26797499870847524,0.3803615874884166,0.6175258159637451,0.43557871159357386,10x_human_lymph_node_A1
wo_Dense_Gram,42,44,294,1.3771113157272339,0.20338210463523865,3.0272579193115234,0.3876951038837433,0.17314885556697845,0.10331696271896362,0.2679480652677182,0.3805143266463803,0.620465874671936,0.43581696431851535,10x_human_lymph_node_A1
wo_Dense_Gram,42,45,295,1.3751873970031738,0.20428721606731415,3.0273101329803467,0.3880889415740967,0.17406372725963593,0.10251733660697937,0.2661987783992277,0.3788066676796561,0.621270477771759,0.4338010363045734,10x_human_lymph_node_A1
wo_Dense_Gram,42,46,296,1.3726708889007568,0.20353785157203674,3.027174711227417,0.3875907361507416,0.17748764157295227,0.10313452780246735,0.26828231233645455,0.38065665603790194,0.623325765132904,0.435877856017552,10x_human_lymph_node_A1
wo_Dense_Gram,42,47,297,1.3702962398529053,0.20413269102573395,3.0270864963531494,0.38859400153160095,0.17455461621284485,0.10141722112894058,0.2667863538454406,0.3806531392226155,0.627072811126709,0.43611241198585327,10x_human_lymph_node_A1
wo_Dense_Gram,42,48,298,1.36626398563385,0.20203158259391785,3.0259552001953125,0.3873347043991089,0.17791463434696198,0.10221537202596664,0.2669127429437625,0.37912743947348304,0.6338860988616943,0.43436697843389704,10x_human_lymph_node_A1
wo_Dense_Gram,42,49,299,1.3630001544952393,0.20121701061725616,3.0253329277038574,0.3877662122249603,0.17738600075244904,0.10118481516838074,0.266762976814213,0.37941275531686725,0.6411921381950378,0.43481968058041287,10x_human_lymph_node_A1
wo_Dense_Gram,42,50,300,1.3608660697937012,0.20170709490776062,3.025115966796875,0.38791319727897644,0.1779768466949463,0.10073482245206833,0.26632823471849254,0.37747969660388997,0.6412919163703918,0.43262080125616115,10x_human_lymph_node_A1
wo_Dense_Gram,42,51,301,1.3588776588439941,0.2016959935426712,3.0252885818481445,0.38734713196754456,0.18285419046878815,0.10134018957614899,0.266548216612345,0.3775521562929523,0.6418435573577881,0.43249477607158004,10x_human_lymph_node_A1
wo_Dense_Gram,42,52,302,1.3567500114440918,0.20253220200538635,3.0250070095062256,0.3885461091995239,0.17980824410915375,0.09963653981685638,0.26672914985035584,0.37946381152163855,0.6444321870803833,0.4348547089253413,10x_human_lymph_node_A1
wo_Dense_Gram,42,53,303,1.353655219078064,0.20088037848472595,3.024752378463745,0.386836975812912,0.18420062959194183,0.10129491984844208,0.26669456902879357,0.3790641614954905,0.6480638384819031,0.4347076217007514,10x_human_lymph_node_A1
wo_Dense_Gram,42,54,304,1.3500795364379883,0.19978922605514526,3.0241503715515137,0.3883765935897827,0.18153180181980133,0.0989466980099678,0.26610272427302556,0.37941569538777814,0.6553904414176941,0.43498861161919783,10x_human_lymph_node_A1
wo_Dense_Gram,42,55,305,1.3470652103424072,0.19918948411941528,3.0232648849487305,0.3871123790740967,0.18527844548225403,0.09977313131093979,0.26539317146644953,0.37890338227030484,0.6578516364097595,0.43455301002589974,10x_human_lymph_node_A1
wo_Dense_Gram,42,56,306,1.3446948528289795,0.19889959692955017,3.02297306060791,0.3876173794269562,0.18575067818164825,0.09925776720046997,0.26588146051384887,0.3800970839878371,0.6616603136062622,0.4359884061372071,10x_human_lymph_node_A1
wo_Dense_Gram,42,57,307,1.343731164932251,0.20041298866271973,3.0234320163726807,0.38852202892303467,0.18480011820793152,0.0984560176730156,0.2666283990558303,0.3789043794585892,0.6607901453971863,0.4346769935622367,10x_human_lymph_node_A1
wo_Dense_Gram,42,58,308,1.3411989212036133,0.19969438016414642,3.0233254432678223,0.38618895411491394,0.1916971504688263,0.10060662031173706,0.2666820938610356,0.37948511749075897,0.6593388915061951,0.43539035474228094,10x_human_lymph_node_A1
wo_Dense_Gram,42,59,309,1.337522029876709,0.1989300400018692,3.0225470066070557,0.38829681277275085,0.18699732422828674,0.0973726212978363,0.266197171047773,0.3798062909644843,0.6674664616584778,0.43560223998458025,10x_human_lymph_node_A1
wo_Dense_Gram,42,60,310,1.3341933488845825,0.19713209569454193,3.0217208862304688,0.3876725435256958,0.18868079781532288,0.09805669635534286,0.26626989560982606,0.3804748582784278,0.672336995601654,0.4366385874879088,10x_human_lymph_node_A1
wo_Dense_Gram,42,61,311,1.3315701484680176,0.19665832817554474,3.0214128494262695,0.3865815997123718,0.19173362851142883,0.09879828244447708,0.2671156371475402,0.3807922167237314,0.6763565540313721,0.43704221552316913,10x_human_lymph_node_A1
wo_Dense_Gram,42,62,312,1.328840732574463,0.19663529098033905,3.0210349559783936,0.3884795010089874,0.189274862408638,0.0962458923459053,0.2659573133919267,0.3799896596903066,0.6789379715919495,0.4359492453407583,10x_human_lymph_node_A1
wo_Dense_Gram,42,63,313,1.3268332481384277,0.19658838212490082,3.0208652019500732,0.3870006501674652,0.19405493140220642,0.09776917845010757,0.26633827784110814,0.37889203674992766,0.6794010400772095,0.43487762176951605,10x_human_lymph_node_A1
wo_Dense_Gram,42,64,314,1.3258602619171143,0.1982899010181427,3.020986318588257,0.38767728209495544,0.19271643459796906,0.09711027890443802,0.26677869960153267,0.38046571526894307,0.6796412467956543,0.4368338901060675,10x_human_lymph_node_A1
wo_Dense_Gram,42,65,315,1.3241864442825317,0.19810013473033905,3.021286964416504,0.3879569172859192,0.19575005769729614,0.09729154407978058,0.2651461358129893,0.3797643647084652,0.6816467642784119,0.43582595907368055,10x_human_lymph_node_A1
wo_Dense_Gram,42,66,316,1.3203670978546143,0.19709190726280212,3.020373821258545,0.38733911514282227,0.1953132599592209,0.09664114564657211,0.2678822215513846,0.3811021358781165,0.6859467029571533,0.43756599586406414,10x_human_lymph_node_A1
wo_Dense_Gram,42,67,317,1.31587553024292,0.19418545067310333,3.0192317962646484,0.3870159089565277,0.19572441279888153,0.0964605063199997,0.266989567623714,0.3817138919210376,0.693501889705658,0.4383140226425922,10x_human_lymph_node_A1
wo_Dense_Gram,42,68,318,1.3129470348358154,0.19317609071731567,3.0189387798309326,0.38797780871391296,0.19512192904949188,0.09523141384124756,0.2665148555414606,0.3801136264066948,0.6966029405593872,0.43637343998049877,10x_human_lymph_node_A1
wo_Dense_Gram,42,69,319,1.3115191459655762,0.1944517195224762,3.0188772678375244,0.38659441471099854,0.19900748133659363,0.09626737982034683,0.26736683212591056,0.38028832904693416,0.6953080296516418,0.43679209333895835,10x_human_lymph_node_A1
wo_Dense_Gram,42,70,320,1.309635043144226,0.19444717466831207,3.0186216831207275,0.3880040645599365,0.19823424518108368,0.09520140290260315,0.26611341149687473,0.38010419537563533,0.6974966526031494,0.4362507925559034,10x_human_lymph_node_A1
wo_Dense_Gram,42,71,321,1.307051658630371,0.19436340034008026,3.0181777477264404,0.3877660930156708,0.19795726239681244,0.09486813843250275,0.2669141297896305,0.38017494166264215,0.6993886828422546,0.43664011269186315,10x_human_lymph_node_A1
wo_Dense_Gram,42,72,322,1.3042367696762085,0.19334712624549866,3.017871856689453,0.38604357838630676,0.20425543189048767,0.09629559516906738,0.26580113923145965,0.3796346317877892,0.6996432542800903,0.43618101667321624,10x_human_lymph_node_A1
wo_Dense_Gram,42,73,323,1.3025318384170532,0.19339780509471893,3.0186033248901367,0.38936832547187805,0.19796966016292572,0.09309683740139008,0.2665281176705811,0.38000402935485267,0.7013068795204163,0.4363854609132227,10x_human_lymph_node_A1
wo_Dense_Gram,42,74,324,1.3001524209976196,0.19298531115055084,3.0179245471954346,0.3856811821460724,0.20604905486106873,0.09664623439311981,0.2674279110670226,0.38021563686332704,0.6988728642463684,0.43701376390058216,10x_human_lymph_node_A1
wo_Dense_Gram,42,75,325,1.2960798740386963,0.19134679436683655,3.0167715549468994,0.38730061054229736,0.20301921665668488,0.09415670484304428,0.26708048246442295,0.3803668461335129,0.7116894125938416,0.4369149786416665,10x_human_lymph_node_A1
wo_Dense_Gram,42,76,326,1.2933200597763062,0.19030503928661346,3.0166664123535156,0.3884969651699066,0.20144757628440857,0.09282450377941132,0.267040150790332,0.3818275924864777,0.7137235999107361,0.4384317361163295,10x_human_lymph_node_A1
wo_Dense_Gram,42,77,327,1.2914241552352905,0.19052305817604065,3.01682448387146,0.3856826424598694,0.20796751976013184,0.09524253010749817,0.2678669154086224,0.3805896085444202,0.7125706672668457,0.43736769063356085,10x_human_lymph_node_A1
wo_Dense_Gram,42,78,328,1.2889232635498047,0.19021418690681458,3.016258955001831,0.3882352411746979,0.2035418450832367,0.09261833131313324,0.26703520445940265,0.38181511868678286,0.7170620560646057,0.43862388095913035,10x_human_lymph_node_A1
wo_Dense_Gram,42,79,329,1.2869905233383179,0.19066138565540314,3.0160181522369385,0.38709062337875366,0.20786738395690918,0.09342528134584427,0.2669106139056764,0.38116823413624856,0.7160853147506714,0.4379987078440481,10x_human_lymph_node_A1
wo_Dense_Gram,42,80,330,1.2864454984664917,0.19298534095287323,3.0160183906555176,0.38680753111839294,0.20841483771800995,0.09362992644309998,0.26668300455999194,0.38076915777658715,0.7176178693771362,0.4375376242505482,10x_human_lymph_node_A1
wo_Dense_Gram,42,81,331,1.2839837074279785,0.19203060865402222,3.015366792678833,0.38729339838027954,0.20997534692287445,0.09354941546916962,0.2664559684279766,0.3811824831839249,0.7183681726455688,0.43801666023449676,10x_human_lymph_node_A1
wo_Dense_Gram,42,82,332,1.280665636062622,0.19112549722194672,3.015108823776245,0.38829874992370605,0.2069038599729538,0.09156516939401627,0.26766745469746306,0.38153754743722407,0.7222715616226196,0.4383233439128671,10x_human_lymph_node_A1
wo_Dense_Gram,42,83,333,1.277309536933899,0.18887098133563995,3.0148561000823975,0.38566088676452637,0.2143832892179489,0.09405137598514557,0.2672854460522582,0.38053094213239735,0.7195249795913696,0.4373759850525142,10x_human_lymph_node_A1
wo_Dense_Gram,42,84,334,1.2739218473434448,0.18728682398796082,3.014228343963623,0.38823485374450684,0.20766878128051758,0.09126140177249908,0.267162677956697,0.3823351845571891,0.7293238639831543,0.43937921349826276,10x_human_lymph_node_A1
wo_Dense_Gram,42,85,335,1.2711728811264038,0.18709364533424377,3.0137481689453125,0.3872566521167755,0.21159441769123077,0.0914175882935524,0.2668701737064159,0.3801873761180433,0.7307860255241394,0.4368842959855411,10x_human_lymph_node_A1
wo_Dense_Gram,42,86,336,1.269544243812561,0.1872105449438095,3.013782262802124,0.38605424761772156,0.21493704617023468,0.09277750551700592,0.26707446842586163,0.38023586630264394,0.7308052778244019,0.43708193788160454,10x_human_lymph_node_A1
wo_Dense_Gram,42,87,337,1.2681406736373901,0.1882166713476181,3.013058662414551,0.38892459869384766,0.209843710064888,0.09027885645627975,0.2665873790994674,0.3809238035714493,0.7295554876327515,0.4377904311307942,10x_human_lymph_node_A1
wo_Dense_Gram,42,88,338,1.2657380104064941,0.18810641765594482,3.012871265411377,0.38584962487220764,0.2189730554819107,0.09262171387672424,0.2681303073147139,0.3812783750419433,0.7301337718963623,0.43846087978590764,10x_human_lymph_node_A1
wo_Dense_Gram,42,89,339,1.2630958557128906,0.18744643032550812,3.0126888751983643,0.38684821128845215,0.2146165370941162,0.09129388630390167,0.2672522305928815,0.38054456908241535,0.7380767464637756,0.4374492478686107,10x_human_lymph_node_A1
wo_Dense_Gram,42,90,340,1.260675311088562,0.18652452528476715,3.0124480724334717,0.3880041241645813,0.21369515359401703,0.0903652086853981,0.26585350415874515,0.379888391956322,0.7380455136299133,0.4368551644196225,10x_human_lymph_node_A1
wo_Dense_Gram,42,91,341,1.2577251195907593,0.18574456870555878,3.012376546859741,0.38616040349006653,0.21784014999866486,0.09130766242742538,0.2675506368942834,0.3801017228883797,0.7421334981918335,0.4370091940538506,10x_human_lymph_node_A1
wo_Dense_Gram,42,92,342,1.25407874584198,0.18354837596416473,3.0115408897399902,0.38722777366638184,0.2162812352180481,0.09017086774110794,0.26758423078675503,0.3810117176554128,0.7462015151977539,0.43809314121534204,10x_human_lymph_node_A1
wo_Dense_Gram,42,93,343,1.2518576383590698,0.18350277841091156,3.0108189582824707,0.38760796189308167,0.2162114381790161,0.08973243832588196,0.2676421633096166,0.38102851528001563,0.7475594282150269,0.4382237001587369,10x_human_lymph_node_A1
wo_Dense_Gram,42,94,344,1.249665379524231,0.18370869755744934,3.0106618404388428,0.3858908414840698,0.22252315282821655,0.09078367054462433,0.26684381649636757,0.37961149833521635,0.7469680905342102,0.43642449929606375,10x_human_lymph_node_A1
wo_Dense_Gram,42,95,345,1.2475426197052002,0.18315738439559937,3.010373115539551,0.38799411058425903,0.21717682480812073,0.08906877040863037,0.2657695466841123,0.3789476712256069,0.7508273124694824,0.4358550196116016,10x_human_lymph_node_A1
wo_Dense_Gram,42,96,346,1.2443487644195557,0.18182283639907837,3.0102121829986572,0.38640013337135315,0.2210676223039627,0.08994685113430023,0.2664633343911674,0.3792176344351548,0.7543086409568787,0.4360730222294712,10x_human_lymph_node_A1
wo_Dense_Gram,42,97,347,1.2420940399169922,0.1817360669374466,3.0098934173583984,0.3867814242839813,0.22236298024654388,0.0892745852470398,0.2672770033786822,0.3802532930126769,0.7547644972801208,0.4372179532081586,10x_human_lymph_node_A1
wo_Dense_Gram,42,98,348,1.240447998046875,0.18165220320224762,3.0097031593322754,0.38753804564476013,0.21953123807907104,0.08899711817502975,0.26726661109694005,0.38060805771251116,0.7570730447769165,0.4377316259901499,10x_human_lymph_node_A1
wo_Dense_Gram,42,99,349,1.2378648519515991,0.18181808292865753,3.009039878845215,0.3859824240207672,0.22668293118476868,0.08963513374328613,0.2666578674885144,0.3791296669141872,0.7564964890480042,0.4359975443372616,10x_human_lymph_node_A1
wo_Dense_Gram,42,100,350,1.2365143299102783,0.18217833340168,3.0085721015930176,0.3880447447299957,0.22078795731067657,0.08829057961702347,0.266067512155446,0.3790690464619563,0.7590029239654541,0.43602017136440774,10x_human_lymph_node_A1
wo_Dense_Gram,42,101,351,1.2351982593536377,0.18332865834236145,3.008664846420288,0.3855030834674835,0.22945289313793182,0.09031765162944794,0.2673747370387121,0.37993056917973206,0.7562375664710999,0.4369527735950908,10x_human_lymph_node_A1
wo_Dense_Gram,42,102,352,1.2383359670639038,0.1897382140159607,3.009615659713745,0.3889576494693756,0.2237258404493332,0.08783631026744843,0.26581900170822287,0.37985637185624155,0.749771773815155,0.4367111438280467,10x_human_lymph_node_A1
wo_Dense_Gram,42,103,353,1.2395133972167969,0.19283545017242432,3.010847330093384,0.3855561316013336,0.23423847556114197,0.09174765646457672,0.2679963318471734,0.3804987736586917,0.7325970530509949,0.43782660579541444,10x_human_lymph_node_A1
wo_Dense_Gram,42,104,354,1.233736276626587,0.18927942216396332,3.0104963779449463,0.3857201933860779,0.23137947916984558,0.08948223292827606,0.2659665208745041,0.37954324026952485,0.7523688077926636,0.43654091224177094,10x_human_lymph_node_A1
wo_Dense_Gram,42,105,355,1.2246921062469482,0.18056854605674744,3.0078256130218506,0.3877130448818207,0.2239767163991928,0.08669184148311615,0.26823019604776255,0.38118961311610594,0.7625437378883362,0.4383191209018921,10x_human_lymph_node_A1
wo_Dense_Gram,42,106,356,1.2272788286209106,0.18532413244247437,3.009133815765381,0.3869651257991791,0.2259274572134018,0.08854943513870239,0.26619415891076154,0.38149659480365405,0.7571806907653809,0.43890638734832427,10x_human_lymph_node_A1
wo_Dense_Gram,42,107,357,1.2283897399902344,0.18939663469791412,3.0105841159820557,0.3867286145687103,0.22941681742668152,0.08846162259578705,0.26585802758812854,0.37990906939444163,0.7525270581245422,0.4369009143035218,10x_human_lymph_node_A1
wo_Dense_Gram,42,108,358,1.2198240756988525,0.1826130449771881,3.0076816082000732,0.3861009478569031,0.23417960107326508,0.08723954856395721,0.2675218995980591,0.38217546315655276,0.7566417455673218,0.4394106187933344,10x_human_lymph_node_A1
wo_Dense_Gram,42,109,359,1.2182788848876953,0.18151351809501648,3.0078845024108887,0.3879392445087433,0.2234739512205124,0.08669538795948029,0.26678367129317204,0.3819923355567904,0.7668319940567017,0.43948464701007744,10x_human_lymph_node_A1
wo_Dense_Gram,42,110,360,1.2182570695877075,0.184390589594841,3.0075488090515137,0.38693663477897644,0.2275986671447754,0.08768399059772491,0.26665768771279075,0.3812743392680577,0.7615941762924194,0.4386635794475893,10x_human_lymph_node_A1
wo_Dense_Gram,42,111,361,1.2144875526428223,0.1825660765171051,3.00826096534729,0.3851492404937744,0.23773440718650818,0.08791787922382355,0.2683953536478439,0.38134920245496773,0.7549909353256226,0.4385618885352487,10x_human_lymph_node_A1
wo_Dense_Gram,42,112,362,1.2090520858764648,0.17803409695625305,3.0062742233276367,0.3878764510154724,0.22633004188537598,0.08538898825645447,0.2661879771328613,0.3797794379509697,0.7722057700157166,0.43680105806577085,10x_human_lymph_node_A1
wo_Dense_Gram,42,113,363,1.211372971534729,0.18317578732967377,3.0063745975494385,0.38787123560905457,0.22519108653068542,0.08638030290603638,0.2654672080415641,0.37985486131155627,0.7628712058067322,0.43704560518527363,10x_human_lymph_node_A1
wo_Dense_Gram,42,114,364,1.20749032497406,0.18090347945690155,3.007411241531372,0.38485509157180786,0.23820775747299194,0.08782677352428436,0.2675745542208517,0.3813177413697131,0.7639738917350769,0.43859862168182967,10x_human_lymph_node_A1
wo_Dense_Gram,42,115,365,1.202131986618042,0.17766688764095306,3.004810094833374,0.3869169056415558,0.23297345638275146,0.08521761000156403,0.2666673660022808,0.37959418190551986,0.7736132740974426,0.4365315075276095,10x_human_lymph_node_A1
wo_Dense_Gram,42,116,366,1.2050765752792358,0.18189498782157898,3.006845235824585,0.38840410113334656,0.22702188789844513,0.0854499414563179,0.26452822178966956,0.3792032761854851,0.7640919089317322,0.43629074849777433,10x_human_lymph_node_A1
wo_Dense_Gram,42,117,367,1.199120283126831,0.1779826283454895,3.005289077758789,0.3854345679283142,0.23618558049201965,0.08678379654884338,0.26731758630685587,0.38055379169185405,0.7744384407997131,0.4378733419499062,10x_human_lymph_node_A1
wo_Dense_Gram,42,118,368,1.196800708770752,0.17832131683826447,3.004939556121826,0.3860233724117279,0.2389739751815796,0.08539145439863205,0.26691540397081503,0.3799198811537608,0.7728864550590515,0.4368448812722279,10x_human_lymph_node_A1
wo_Dense_Gram,42,119,369,1.1960002183914185,0.17848171293735504,3.0053656101226807,0.38776129484176636,0.23094245791435242,0.08469956368207932,0.26584136418081256,0.37972680008234755,0.7760996222496033,0.43689929908663233,10x_human_lymph_node_A1
wo_Dense_Gram,42,120,370,1.1932520866394043,0.17789487540721893,3.003838062286377,0.38622450828552246,0.23514412343502045,0.08606062084436417,0.2658939399055441,0.38056398503451894,0.7736942768096924,0.4380632748403799,10x_human_lymph_node_A1
wo_Dense_Gram,42,121,371,1.1908560991287231,0.1777559220790863,3.00496506690979,0.3858070373535156,0.24168641865253448,0.08518649637699127,0.26617236531484906,0.3797205500999478,0.7786973118782043,0.43675351866744105,10x_human_lymph_node_A1
wo_Dense_Gram,42,122,372,1.1874581575393677,0.17640462517738342,3.002709150314331,0.38707423210144043,0.2368408739566803,0.08410200476646423,0.2672902474379347,0.381428702671607,0.7822620272636414,0.4387726848105596,10x_human_lymph_node_A1
wo_Dense_Gram,42,123,373,1.1871389150619507,0.17664147913455963,3.0049397945404053,0.3863258957862854,0.23431731760501862,0.08539052307605743,0.26564732914938877,0.38077185582573186,0.7817257642745972,0.4383362345345392,10x_human_lymph_node_A1
wo_Dense_Gram,42,124,374,1.1819100379943848,0.17430442571640015,3.00216007232666,0.3861860930919647,0.23972001671791077,0.08431041240692139,0.2658562028373421,0.37997626972397436,0.7861520051956177,0.4372324866782976,10x_human_lymph_node_A1
wo_Dense_Gram,42,125,375,1.1808229684829712,0.17520493268966675,3.0027339458465576,0.3866218328475952,0.24102351069450378,0.08372078835964203,0.26726947803537665,0.3814721000182933,0.7868936657905579,0.43879284397418417,10x_human_lymph_node_A1
wo_Dense_Gram,42,126,376,1.179333209991455,0.17482392489910126,3.002396583557129,0.38631096482276917,0.23731523752212524,0.08482205867767334,0.2656146875012053,0.38090169995893747,0.7855350971221924,0.4384416431587492,10x_human_lymph_node_A1
wo_Dense_Gram,42,127,377,1.175413727760315,0.17286592721939087,3.0015602111816406,0.386452853679657,0.24020156264305115,0.08393517881631851,0.266456801673718,0.3810631514186266,0.7908564209938049,0.4385459982379932,10x_human_lymph_node_A1
wo_Dense_Gram,42,128,378,1.1742115020751953,0.17418943345546722,3.0019021034240723,0.3863973915576935,0.24397005140781403,0.08338415622711182,0.2672376109411841,0.3819753840813962,0.7888582944869995,0.4394496114146735,10x_human_lymph_node_A1
wo_Dense_Gram,42,129,379,1.171385407447815,0.17244021594524384,3.0007224082946777,0.3862074613571167,0.2409147322177887,0.08420300483703613,0.2652505711573741,0.3801232884822209,0.7931762933731079,0.43755723089623233,10x_human_lymph_node_A1
wo_Dense_Gram,42,130,380,1.1694884300231934,0.1727299988269806,3.000173330307007,0.38672685623168945,0.24081814289093018,0.0835203230381012,0.2656599472335414,0.37929601292031573,0.7927827835083008,0.4364957889463757,10x_human_lymph_node_A1
wo_Dense_Gram,42,131,381,1.1676987409591675,0.17357684671878815,3.000176191329956,0.3859802484512329,0.2481263130903244,0.08340141922235489,0.26703897892625594,0.3803824334222728,0.792570173740387,0.4376739065475983,10x_human_lymph_node_A1
wo_Dense_Gram,42,132,382,1.1646085977554321,0.17146839201450348,2.9995310306549072,0.386355996131897,0.24344143271446228,0.08340728282928467,0.26654067530961495,0.38090435532982364,0.7978727221488953,0.43837940945461196,10x_human_lymph_node_A1
wo_Dense_Gram,42,133,383,1.1637276411056519,0.17258912324905396,2.9993584156036377,0.3863027095794678,0.24385680258274078,0.0836602970957756,0.2650141708786984,0.37955188958750663,0.7951371669769287,0.43700668961862005,10x_human_lymph_node_A1
wo_Dense_Gram,42,134,384,1.1629624366760254,0.17432473599910736,2.9999043941497803,0.38618600368499756,0.24977406859397888,0.08324788510799408,0.2653387380810254,0.37978589639854715,0.7943565249443054,0.4369778823211127,10x_human_lymph_node_A1
wo_Dense_Gram,42,135,385,1.1613677740097046,0.17429043352603912,3.0002241134643555,0.3862500786781311,0.24944369494915009,0.08322276920080185,0.2664657022362343,0.3804684877570184,0.7948505282402039,0.4378202909412817,10x_human_lymph_node_A1
wo_Dense_Gram,42,136,386,1.1626293659210205,0.17666974663734436,3.0027048587799072,0.3863714337348938,0.24458865821361542,0.08372518420219421,0.26531458435636407,0.3798491287548336,0.7866174578666687,0.4372429286156003,10x_human_lymph_node_A1
wo_Dense_Gram,42,137,387,1.1597825288772583,0.17643293738365173,3.0026750564575195,0.3855161666870117,0.2534954249858856,0.0832657590508461,0.26655565753377575,0.37981218744023454,0.791414201259613,0.43708207194416837,10x_human_lymph_node_A1
wo_Dense_Gram,42,138,388,1.1554793119430542,0.1737147569656372,3.0010430812835693,0.38663312792778015,0.24772243201732635,0.08200418204069138,0.2658669130164891,0.37998575592741984,0.7989959716796875,0.43726100491614256,10x_human_lymph_node_A1
wo_Dense_Gram,42,139,389,1.151212453842163,0.17134329676628113,2.9978063106536865,0.38613754510879517,0.24540743231773376,0.08272217959165573,0.266013299712416,0.38033529277207206,0.8005784749984741,0.4378430144882636,10x_human_lymph_node_A1
wo_Dense_Gram,42,140,390,1.1485371589660645,0.17096111178398132,2.997731924057007,0.38609403371810913,0.2498243749141693,0.08188018202781677,0.26634842255848695,0.37955383741193865,0.8020150065422058,0.43683453608174844,10x_human_lymph_node_A1
wo_Dense_Gram,42,141,391,1.1484380960464478,0.17221519351005554,2.999878406524658,0.3865198493003845,0.24932102859020233,0.08145910501480103,0.26519669193280304,0.3794645659693426,0.8027622103691101,0.43663864827544324,10x_human_lymph_node_A1
wo_Dense_Gram,42,142,392,1.1462452411651611,0.17205935716629028,2.998178720474243,0.38575732707977295,0.2503373920917511,0.082443967461586,0.26595435456085587,0.3802320090033372,0.8026910424232483,0.43779522785125036,10x_human_lymph_node_A1
wo_Dense_Gram,42,143,393,1.1432527303695679,0.1714068204164505,2.9964449405670166,0.3861718475818634,0.2496120184659958,0.08176641911268234,0.266007917427755,0.38094901198918923,0.804157018661499,0.43851778367886096,10x_human_lymph_node_A1
wo_Dense_Gram,42,144,394,1.1408920288085938,0.17057296633720398,2.9972083568573,0.3861300051212311,0.25295862555503845,0.08131971955299377,0.2656275228644739,0.3805038884085901,0.8057973384857178,0.43792715049960484,10x_human_lymph_node_A1
wo_Dense_Gram,42,145,395,1.1377087831497192,0.16864651441574097,2.9966604709625244,0.3865359425544739,0.2512640953063965,0.0809609517455101,0.26569480287998043,0.37991725263203924,0.8088140487670898,0.43731813567103955,10x_human_lymph_node_A1
wo_Dense_Gram,42,146,396,1.1358957290649414,0.16894486546516418,2.9956960678100586,0.3854884207248688,0.2515224516391754,0.08194667100906372,0.2651717808429737,0.3798380430527584,0.8079182505607605,0.43727737479605344,10x_human_lymph_node_A1
wo_Dense_Gram,42,147,397,1.1343756914138794,0.16993603110313416,2.9952499866485596,0.3863416016101837,0.2547590434551239,0.0807170420885086,0.2660294909864617,0.38030786856699295,0.8077768087387085,0.43762537275335417,10x_human_lymph_node_A1
wo_Dense_Gram,42,148,398,1.1324771642684937,0.1695605367422104,2.9952645301818848,0.38629043102264404,0.2533224821090698,0.08080531656742096,0.26559834365958335,0.38025044513489087,0.8107858896255493,0.4377146026213556,10x_human_lymph_node_A1
wo_Dense_Gram,42,149,399,1.130854606628418,0.1696544587612152,2.9946858882904053,0.3850076198577881,0.2564369738101959,0.0822344571352005,0.26481794521434093,0.3789471571316066,0.8093615770339966,0.4363527630686818,10x_human_lymph_node_A1
wo_Dense_Gram,42,150,400,1.1286466121673584,0.16967076063156128,2.9942386150360107,0.38752812147140503,0.2531302571296692,0.07943473011255264,0.2654736943485203,0.3801492719227096,0.8123297691345215,0.43749837501184147,10x_human_lymph_node_A1
wo_Spatial_Contrastive,42,1,251,1.310442566871643,0.22183829545974731,3.022581100463867,0.38910263776779175,0.1041126400232315,0.12605220079421997,0.24926695256276776,0.37468305335820096,0.3048013150691986,0.42506109749263976,10x_human_lymph_node_A1
wo_Spatial_Contrastive,42,2,252,1.313563346862793,0.22133924067020416,3.029106855392456,0.39608174562454224,0.10726331174373627,0.12727957963943481,0.24936064169219965,0.37661690125825414,0.31869080662727356,0.42616548756686534,10x_human_lymph_node_A1
wo_Spatial_Contrastive,42,3,253,1.30819833278656,0.22162789106369019,3.0288703441619873,0.39462852478027344,0.10600864142179489,0.12389332056045532,0.2506095038264939,0.375615067558079,0.3297792971134186,0.42534680179447765,10x_human_lymph_node_A1
wo_Spatial_Contrastive,42,4,254,1.306612253189087,0.22214774787425995,3.031350612640381,0.3935522139072418,0.10631775856018066,0.12301752716302872,0.2500974766380422,0.37593236049300777,0.3362131714820862,0.42639985154225374,10x_human_lymph_node_A1
wo_Spatial_Contrastive,42,5,255,1.3021681308746338,0.22179773449897766,3.031297445297241,0.3954916298389435,0.10532276332378387,0.12145854532718658,0.24957027202903528,0.3786268915082203,0.34838125109672546,0.42919219735672604,10x_human_lymph_node_A1
wo_Spatial_Contrastive,42,6,256,1.3005661964416504,0.22105538845062256,3.034478187561035,0.39681392908096313,0.10637837648391724,0.12059977650642395,0.2510789068110272,0.38061579009739815,0.36091142892837524,0.4311441273924793,10x_human_lymph_node_A1
wo_Spatial_Contrastive,42,7,257,1.297335147857666,0.22056740522384644,3.034825563430786,0.39644885063171387,0.10663112998008728,0.11967341601848602,0.2518083383745558,0.3803296785517554,0.3704948127269745,0.4307017919582483,10x_human_lymph_node_A1
wo_Spatial_Contrastive,42,8,258,1.293305516242981,0.2204151451587677,3.035015821456909,0.395240843296051,0.1058160737156868,0.1184971034526825,0.2524736730377166,0.38039217231634853,0.3784431219100952,0.43108833746516856,10x_human_lymph_node_A1
wo_Spatial_Contrastive,42,9,259,1.2906490564346313,0.2204834371805191,3.0358664989471436,0.39479339122772217,0.10588555037975311,0.11797770857810974,0.2526546381491351,0.3803644759635128,0.38589563965797424,0.4316851305661718,10x_human_lymph_node_A1
wo_Spatial_Contrastive,42,10,260,1.2867836952209473,0.21952562034130096,3.0362067222595215,0.39559096097946167,0.10595967620611191,0.11676929891109467,0.25276955473618967,0.3815201611520757,0.39522799849510193,0.4328286723678498,10x_human_lymph_node_A1
wo_Spatial_Contrastive,42,11,261,1.2839714288711548,0.21884845197200775,3.0372314453125,0.395764023065567,0.1066884770989418,0.11588595062494278,0.25422164017705223,0.383017131374406,0.40372946858406067,0.43447816834790415,10x_human_lymph_node_A1
wo_Spatial_Contrastive,42,12,262,1.2802486419677734,0.21840834617614746,3.0377724170684814,0.3957243859767914,0.1065589040517807,0.11461107432842255,0.25391794576641613,0.38144235279592525,0.41247132420539856,0.4327894965205937,10x_human_lymph_node_A1
wo_Spatial_Contrastive,42,13,263,1.2768663167953491,0.21822737157344818,3.038268566131592,0.39602649211883545,0.10633298754692078,0.11376902461051941,0.2553689495905247,0.3819949042736492,0.4192923605442047,0.4333026534992063,10x_human_lymph_node_A1
wo_Spatial_Contrastive,42,14,264,1.2738213539123535,0.21779580414295197,3.0389351844787598,0.3962566554546356,0.1066148430109024,0.11302139610052109,0.2537435628413896,0.38118304400236774,0.4283052980899811,0.43266998455852107,10x_human_lymph_node_A1
wo_Spatial_Contrastive,42,15,265,1.2703737020492554,0.2170693576335907,3.039416551589966,0.3962218463420868,0.10692165046930313,0.11198873817920685,0.2568496264171726,0.3811782009822081,0.4375516474246979,0.4321612600286195,10x_human_lymph_node_A1
wo_Spatial_Contrastive,42,16,266,1.2665085792541504,0.2168159931898117,3.038475275039673,0.39650797843933105,0.10686390846967697,0.11116170138120651,0.25522944565548544,0.3816994937593964,0.4444420635700226,0.4331910701698575,10x_human_lymph_node_A1
wo_Spatial_Contrastive,42,17,267,1.2624471187591553,0.21620631217956543,3.0369012355804443,0.3964553773403168,0.10708176344633102,0.11041092127561569,0.2537157766713308,0.3803196735049561,0.45191702246665955,0.4315752100393921,10x_human_lymph_node_A1
wo_Spatial_Contrastive,42,18,268,1.2585983276367188,0.21582941710948944,3.0362212657928467,0.39635518193244934,0.10699112713336945,0.10956142097711563,0.2559221091097156,0.3815490556746822,0.4591883718967438,0.4330831430818787,10x_human_lymph_node_A1
wo_Spatial_Contrastive,42,19,269,1.2549813985824585,0.21512968838214874,3.036212682723999,0.396986722946167,0.10702921450138092,0.10877225548028946,0.2544670051960168,0.38034931699560925,0.4652891159057617,0.43157001591817773,10x_human_lymph_node_A1
wo_Spatial_Contrastive,42,20,270,1.2514876127243042,0.214641734957695,3.036252021789551,0.3970332741737366,0.10702934861183167,0.10799691081047058,0.2545731433020418,0.3805198767546203,0.47138461470603943,0.43171187172089426,10x_human_lymph_node_A1
wo_Spatial_Contrastive,42,21,271,1.2483159303665161,0.21434883773326874,3.0359902381896973,0.39657172560691833,0.10727085173130035,0.10746656358242035,0.2542020717722215,0.3798396846850176,0.4768018126487732,0.43124309259904914,10x_human_lymph_node_A1
wo_Spatial_Contrastive,42,22,272,1.244202971458435,0.21393421292304993,3.0350899696350098,0.39680716395378113,0.10690333694219589,0.10660162568092346,0.25435919488197206,0.3799163541179366,0.4821295142173767,0.4313206313725672,10x_human_lymph_node_A1
wo_Spatial_Contrastive,42,23,273,1.2404837608337402,0.21359123289585114,3.0344104766845703,0.39720141887664795,0.10664888471364975,0.10600243508815765,0.253570048490731,0.37982478929784574,0.48743095993995667,0.4314016975433614,10x_human_lymph_node_A1
wo_Spatial_Contrastive,42,24,274,1.2370460033416748,0.21336773037910461,3.034247875213623,0.3970319330692291,0.10656607896089554,0.10523854941129684,0.2535642565707891,0.37931018085915175,0.49366432428359985,0.43092687227406884,10x_human_lymph_node_A1
wo_Spatial_Contrastive,42,25,275,1.234075903892517,0.21288606524467468,3.0340144634246826,0.39711734652519226,0.10667889565229416,0.10518980026245117,0.2532106898079307,0.3805432950375639,0.49917349219322205,0.4323432296617322,10x_human_lymph_node_A1
wo_Spatial_Contrastive,42,26,276,1.2314305305480957,0.21325111389160156,3.034675121307373,0.39681851863861084,0.10697216540575027,0.10424468666315079,0.2562274588349682,0.3808769197777467,0.49896687269210815,0.43269251234421796,10x_human_lymph_node_A1
wo_Spatial_Contrastive,42,27,277,1.2317631244659424,0.2127782255411148,3.037165641784668,0.3981527090072632,0.10801806300878525,0.10647863149642944,0.2523479798225619,0.38067710951517575,0.4972703754901886,0.4326064363462573,10x_human_lymph_node_A1
wo_Spatial_Contrastive,42,28,278,1.2282391786575317,0.21317750215530396,3.0402839183807373,0.39718952775001526,0.10723978281021118,0.10383151471614838,0.2548381086957409,0.3793676900679881,0.4987247884273529,0.4308101319030058,10x_human_lymph_node_A1
wo_Spatial_Contrastive,42,29,279,1.221711277961731,0.2116888016462326,3.0369713306427,0.3972250819206238,0.10578179359436035,0.10263301432132721,0.25362988503981065,0.38026425878868064,0.5153940916061401,0.432456608192043,10x_human_lymph_node_A1
wo_Spatial_Contrastive,42,30,280,1.2173174619674683,0.21154966950416565,3.0340416431427,0.39774540066719055,0.1053033247590065,0.1022789478302002,0.2538677043489567,0.3810756014709064,0.5192736387252808,0.4334432366992903,10x_human_lymph_node_A1
wo_Spatial_Contrastive,42,31,281,1.215332269668579,0.21234728395938873,3.035055637359619,0.3973138928413391,0.10555776953697205,0.1016949713230133,0.25635971996218,0.3808501988383065,0.5167593955993652,0.43298043983388634,10x_human_lymph_node_A1
wo_Spatial_Contrastive,42,32,282,1.2120401859283447,0.21092049777507782,3.034820556640625,0.39696255326271057,0.10575838387012482,0.10171866416931152,0.2540566321595109,0.38132620488489566,0.5260778665542603,0.4339445094926464,10x_human_lymph_node_A1
wo_Spatial_Contrastive,42,33,283,1.2067453861236572,0.21076925098896027,3.0330162048339844,0.39759019017219543,0.10423004627227783,0.1004054993391037,0.25493324256174343,0.38192576696278263,0.5317735075950623,0.4345361606145661,10x_human_lymph_node_A1
wo_Spatial_Contrastive,42,34,284,1.2036798000335693,0.21138940751552582,3.031967878341675,0.3973280191421509,0.10415664315223694,0.09983539581298828,0.25610823331805116,0.38050618408552184,0.5309141874313354,0.43287476319965346,10x_human_lymph_node_A1
wo_Spatial_Contrastive,42,35,285,1.2015224695205688,0.21017424762248993,3.0328779220581055,0.39694488048553467,0.1048600897192955,0.10014541447162628,0.2537557933794562,0.38129178958109355,0.5372118949890137,0.43401583233625673,10x_human_lymph_node_A1
wo_Spatial_Contrastive,42,36,286,1.1961115598678589,0.20994222164154053,3.031355857849121,0.3978212773799896,0.1031784787774086,0.09867757558822632,0.2544923751115667,0.381416419859464,0.5427863001823425,0.4340536191102766,10x_human_lymph_node_A1
wo_Spatial_Contrastive,42,37,287,1.1931887865066528,0.21039585769176483,3.030599355697632,0.39758017659187317,0.10307867079973221,0.09825404733419418,0.25472600157810327,0.3800262572277001,0.5446573495864868,0.4325842815486241,10x_human_lymph_node_A1
wo_Spatial_Contrastive,42,38,288,1.1918612718582153,0.20945464074611664,3.031395673751831,0.3966744542121887,0.10447199642658234,0.09888499975204468,0.2531985852457785,0.38095026295433926,0.5494611859321594,0.43381272632232465,10x_human_lymph_node_A1
wo_Spatial_Contrastive,42,39,289,1.1865015029907227,0.20915111899375916,3.029752492904663,0.39735710620880127,0.10305257886648178,0.09732097387313843,0.25515184458046963,0.3804562441911153,0.5541571974754333,0.4330100466358796,10x_human_lymph_node_A1
wo_Spatial_Contrastive,42,40,290,1.1831414699554443,0.20871402323246002,3.0294888019561768,0.39775657653808594,0.102662093937397,0.09694136679172516,0.25385576588519776,0.38074085020711285,0.5574025511741638,0.4333019677855819,10x_human_lymph_node_A1
wo_Spatial_Contrastive,42,41,291,1.1816627979278564,0.20845352113246918,3.029815912246704,0.3969181478023529,0.10366639494895935,0.09740801900625229,0.2521763325290624,0.3793439956585351,0.5622760653495789,0.43198724276171263,10x_human_lymph_node_A1
wo_Spatial_Contrastive,42,42,292,1.1774688959121704,0.20889846980571747,3.028672933578491,0.3973444700241089,0.10266804695129395,0.09618629515171051,0.2544230795845016,0.38090086275764745,0.5640225410461426,0.43355543729207136,10x_human_lymph_node_A1
wo_Spatial_Contrastive,42,43,293,1.1740039587020874,0.2076038271188736,3.0281569957733154,0.3973405361175537,0.10248162597417831,0.09624490141868591,0.2530386391121113,0.3806622871441214,0.5703715085983276,0.43341692983949415,10x_human_lymph_node_A1
wo_Spatial_Contrastive,42,44,294,1.1713438034057617,0.20728719234466553,3.0280604362487793,0.39706283807754517,0.10295633226633072,0.09577809274196625,0.2524792831667748,0.3795029195410419,0.5739110112190247,0.43234030704455334,10x_human_lymph_node_A1
wo_Spatial_Contrastive,42,45,295,1.1681435108184814,0.2079026997089386,3.027419090270996,0.3975405693054199,0.10248539596796036,0.09500341862440109,0.254037993659723,0.38033688378845903,0.5759172439575195,0.4330464183174833,10x_human_lymph_node_A1
wo_Spatial_Contrastive,42,46,296,1.1660505533218384,0.20716768503189087,3.0272600650787354,0.3973585069179535,0.10291335731744766,0.09573136270046234,0.2517922636453842,0.3791928406279416,0.5797805786132812,0.4321415466595151,10x_human_lymph_node_A1
wo_Spatial_Contrastive,42,47,297,1.162370204925537,0.2073870450258255,3.0270509719848633,0.3973742425441742,0.10236653685569763,0.09440154582262039,0.2539572357166496,0.3798648268715521,0.5817945599555969,0.4327302826356997,10x_human_lymph_node_A1
wo_Spatial_Contrastive,42,48,298,1.1592508554458618,0.20614109933376312,3.0264062881469727,0.3976709842681885,0.10247353464365005,0.09464007616043091,0.25332894146959695,0.3813682890123042,0.5865129828453064,0.4343876457722765,10x_human_lymph_node_A1
wo_Spatial_Contrastive,42,49,299,1.1554088592529297,0.20584021508693695,3.0258090496063232,0.3972800672054291,0.10200124233961105,0.09362046420574188,0.25241501653274123,0.3796536274777701,0.5916149020195007,0.43252658394411314,10x_human_lymph_node_A1
wo_Spatial_Contrastive,42,50,300,1.1525442600250244,0.20535799860954285,3.025575637817383,0.39708879590034485,0.10210057348012924,0.09336458891630173,0.25196413395098705,0.37881920789168727,0.5949833393096924,0.431763719194734,10x_human_lymph_node_A1
wo_Spatial_Contrastive,42,51,301,1.1497561931610107,0.20511922240257263,3.0252878665924072,0.3978414237499237,0.10208898782730103,0.09314654022455215,0.25136730404031116,0.37935197808262205,0.5979024767875671,0.43210401286015837,10x_human_lymph_node_A1
wo_Spatial_Contrastive,42,52,302,1.1471656560897827,0.20582611858844757,3.0250391960144043,0.3975828289985657,0.10193992406129837,0.09254250675439835,0.25218401247979577,0.3782677608542619,0.5998606085777283,0.43108840595879283,10x_human_lymph_node_A1
wo_Spatial_Contrastive,42,53,303,1.1453919410705566,0.20502357184886932,3.0249550342559814,0.3973807096481323,0.10270410031080246,0.09332013875246048,0.2515003102106363,0.37950765482681004,0.6015748381614685,0.43259848458057215,10x_human_lymph_node_A1
wo_Spatial_Contrastive,42,54,304,1.1428768634796143,0.20662929117679596,3.025557279586792,0.3981808125972748,0.10220810025930405,0.09194153547286987,0.25378888821203216,0.3795120998925872,0.60158771276474,0.43220141229249376,10x_human_lymph_node_A1
wo_Spatial_Contrastive,42,55,305,1.1423757076263428,0.205483540892601,3.0259294509887695,0.3971470296382904,0.10391636937856674,0.0935944989323616,0.2515595862971151,0.3802663994635769,0.6047707200050354,0.4338058258557306,10x_human_lymph_node_A1
wo_Spatial_Contrastive,42,56,306,1.1372506618499756,0.2062627375125885,3.025474786758423,0.3978303372859955,0.10187109559774399,0.09127692878246307,0.2530967845958785,0.37953345947149236,0.6056944727897644,0.43244490964639287,10x_human_lymph_node_A1
wo_Spatial_Contrastive,42,57,307,1.1329224109649658,0.20365920662879944,3.023655652999878,0.3974968492984772,0.10187961161136627,0.09156253933906555,0.25133375852805045,0.37979235256072574,0.6129178404808044,0.4329921885466818,10x_human_lymph_node_A1
wo_Spatial_Contrastive,42,58,308,1.1288565397262573,0.2031017243862152,3.0229952335357666,0.3973073363304138,0.10132519155740738,0.0904679149389267,0.2516464493565344,0.3795502161682105,0.6179401874542236,0.4326506196324658,10x_human_lymph_node_A1
wo_Spatial_Contrastive,42,59,309,1.1259533166885376,0.20328350365161896,3.0230860710144043,0.39779630303382874,0.10081308335065842,0.08994609117507935,0.2513536842341365,0.3786708707962327,0.6197665929794312,0.43157853962054094,10x_human_lymph_node_A1
wo_Spatial_Contrastive,42,60,310,1.1247276067733765,0.20302478969097137,3.0228662490844727,0.3975176513195038,0.10184432566165924,0.09078387916088104,0.25126426799008367,0.38008928363789873,0.6207013130187988,0.43346326348976255,10x_human_lymph_node_A1
wo_Spatial_Contrastive,42,61,311,1.1224268674850464,0.20454442501068115,3.0228357315063477,0.3978867828845978,0.10156811773777008,0.08982455730438232,0.25283734086413523,0.3801506913756909,0.6215839982032776,0.4332318295282643,10x_human_lymph_node_A1
wo_Spatial_Contrastive,42,62,312,1.1191048622131348,0.20274199545383453,3.022024631500244,0.3974621593952179,0.10156498104333878,0.09029800444841385,0.2514395864783746,0.37985023200238877,0.6273078918457031,0.43322452956509755,10x_human_lymph_node_A1
wo_Spatial_Contrastive,42,63,313,1.114545226097107,0.20230314135551453,3.0216143131256104,0.3978935778141022,0.10044746100902557,0.08879581093788147,0.2518246396060823,0.378743883016803,0.63010174036026,0.43182871682279933,10x_human_lymph_node_A1
wo_Spatial_Contrastive,42,64,314,1.1116708517074585,0.20106342434883118,3.021275758743286,0.39737480878829956,0.10085757076740265,0.08876664191484451,0.25040982845166415,0.37867863889840364,0.6343649625778198,0.43179279098365053,10x_human_lymph_node_A1
wo_Spatial_Contrastive,42,65,315,1.1092594861984253,0.20092104375362396,3.0209710597991943,0.3977871835231781,0.10088679939508438,0.08882713317871094,0.25034018567333033,0.3787632219729792,0.636872410774231,0.4318174773904409,10x_human_lymph_node_A1
wo_Spatial_Contrastive,42,66,316,1.1069015264511108,0.2019401639699936,3.020880699157715,0.397700697183609,0.10061383247375488,0.08817892521619797,0.2508406290297775,0.3780672780580224,0.6392945647239685,0.4310508940231978,10x_human_lymph_node_A1
wo_Spatial_Contrastive,42,67,317,1.1056166887283325,0.20126856863498688,3.0206072330474854,0.39719724655151367,0.10179124027490616,0.08908222615718842,0.2506789058368143,0.3786911447063344,0.6415776014328003,0.43211906362006225,10x_human_lymph_node_A1
wo_Spatial_Contrastive,42,68,318,1.1025869846343994,0.20269036293029785,3.0207290649414062,0.398382306098938,0.10088248550891876,0.0876569002866745,0.2511955955637184,0.37828368159984466,0.6400458812713623,0.4312017861003401,10x_human_lymph_node_A1
wo_Spatial_Contrastive,42,69,319,1.1017792224884033,0.20140807330608368,3.020824909210205,0.39690789580345154,0.10253696888685226,0.08904135972261429,0.25011898853290176,0.37930243346729603,0.643608808517456,0.4329466674098631,10x_human_lymph_node_A1
wo_Spatial_Contrastive,42,70,320,1.097524642944336,0.2021230012178421,3.020808458328247,0.39789658784866333,0.10096816718578339,0.08720260113477707,0.2517415487895462,0.37897381060075414,0.6429516077041626,0.43192477984860855,10x_human_lymph_node_A1
wo_Spatial_Contrastive,42,71,321,1.0938302278518677,0.19967009127140045,3.019622564315796,0.3972565531730652,0.10140302777290344,0.08741037547588348,0.2502802323968539,0.3789895283781783,0.6501592993736267,0.432484961331786,10x_human_lymph_node_A1
wo_Spatial_Contrastive,42,72,322,1.0894144773483276,0.19935384392738342,3.019127368927002,0.3979465663433075,0.09977800399065018,0.08650047332048416,0.2500061520302738,0.37880672080602323,0.6526599526405334,0.43195315529250555,10x_human_lymph_node_A1
wo_Spatial_Contrastive,42,73,323,1.0870088338851929,0.19874747097492218,3.018902540206909,0.3976811170578003,0.10034249722957611,0.08632232248783112,0.24996128389649,0.3778369546837756,0.6558962464332581,0.4309217220226519,10x_human_lymph_node_A1
wo_Spatial_Contrastive,42,74,324,1.0853924751281738,0.19884030520915985,3.018714427947998,0.39747750759124756,0.10080310702323914,0.08672700822353363,0.25037488115006684,0.3787781981769979,0.6583322882652283,0.4322869454373662,10x_human_lymph_node_A1
wo_Spatial_Contrastive,42,75,325,1.08295738697052,0.20055267214775085,3.0184683799743652,0.39817294478416443,0.10011571645736694,0.0858040601015091,0.2515937136751538,0.3796791422981749,0.6563038229942322,0.4330342445900917,10x_human_lymph_node_A1
wo_Spatial_Contrastive,42,76,326,1.0829029083251953,0.19969096779823303,3.018380880355835,0.39686402678489685,0.10253438353538513,0.08716269582509995,0.25110860535969154,0.3803922962326443,0.6585421562194824,0.4342287415381452,10x_human_lymph_node_A1
wo_Spatial_Contrastive,42,77,327,1.0792124271392822,0.20157700777053833,3.0192387104034424,0.3986259400844574,0.100126713514328,0.08545340597629547,0.25093221141230554,0.3791340652459304,0.6554617285728455,0.4324172361021118,10x_human_lymph_node_A1
wo_Spatial_Contrastive,42,78,328,1.0763288736343384,0.19904670119285583,3.018010377883911,0.39747822284698486,0.10111042112112045,0.08628863096237183,0.25045160962086577,0.3791993025059914,0.6642742156982422,0.4327417414832668,10x_human_lymph_node_A1
wo_Spatial_Contrastive,42,79,329,1.0715545415878296,0.19822746515274048,3.0167837142944336,0.3973422348499298,0.10019563138484955,0.0849599689245224,0.25123596600702514,0.3790775618101677,0.6677573919296265,0.4325234714031197,10x_human_lymph_node_A1
wo_Spatial_Contrastive,42,80,330,1.0675722360610962,0.19704556465148926,3.0164530277252197,0.3982752561569214,0.09937659651041031,0.08445748686790466,0.25018407917571894,0.3789587173611099,0.670624852180481,0.4323772717510704,10x_human_lymph_node_A1
wo_Spatial_Contrastive,42,81,331,1.0662176609039307,0.19644857943058014,3.016550064086914,0.39719006419181824,0.10065872222185135,0.0847872719168663,0.24983640843764215,0.3790890854683236,0.6731657981872559,0.43264306194009683,10x_human_lymph_node_A1
wo_Spatial_Contrastive,42,82,332,1.064048171043396,0.19845353066921234,3.016633987426758,0.39799150824546814,0.09961967915296555,0.08409935981035233,0.24944572916063854,0.3780145290883436,0.6707665324211121,0.4314145396723656,10x_human_lymph_node_A1
wo_Spatial_Contrastive,42,83,333,1.0637742280960083,0.1980542093515396,3.0161397457122803,0.39762046933174133,0.1017799824476242,0.08516684174537659,0.2492335336198941,0.3788186582270817,0.6721998453140259,0.4323873152860255,10x_human_lymph_node_A1
wo_Spatial_Contrastive,42,84,334,1.061048150062561,0.1997661292552948,3.0161874294281006,0.39788639545440674,0.10058515518903732,0.08411508798599243,0.249688760225713,0.3775715703724532,0.6724292635917664,0.4309294701171604,10x_human_lymph_node_A1
wo_Spatial_Contrastive,42,85,335,1.0578826665878296,0.1974160373210907,3.015965223312378,0.3975104093551636,0.10086914151906967,0.08454450964927673,0.248490034694798,0.37814234266210234,0.6778597235679626,0.431745561423073,10x_human_lymph_node_A1
wo_Spatial_Contrastive,42,86,336,1.0537707805633545,0.19725282490253448,3.0154900550842285,0.3982151746749878,0.09990538656711578,0.08320693671703339,0.24910005019876338,0.37765291910721044,0.6776889562606812,0.4308372266243874,10x_human_lymph_node_A1
wo_Spatial_Contrastive,42,87,337,1.0508396625518799,0.19550646841526031,3.014439821243286,0.3969449996948242,0.1003381758928299,0.0837245061993599,0.25003042830307837,0.3798141089353409,0.6832295060157776,0.43376946061113064,10x_human_lymph_node_A1
wo_Spatial_Contrastive,42,88,338,1.0472006797790527,0.1957036852836609,3.0140581130981445,0.3983224928379059,0.09906282275915146,0.08297780156135559,0.24952414097594652,0.37859138872805675,0.6846122145652771,0.43198216095843694,10x_human_lymph_node_A1
wo_Spatial_Contrastive,42,89,339,1.0459266901016235,0.1957603096961975,3.0141701698303223,0.3974069654941559,0.10040154308080673,0.08274795114994049,0.2496741833074982,0.378541823486812,0.6880616545677185,0.4321299483119364,10x_human_lymph_node_A1
wo_Spatial_Contrastive,42,90,340,1.0436784029006958,0.1955285668373108,3.014580726623535,0.39748093485832214,0.09981750696897507,0.08315487205982208,0.24944350504642554,0.37922978205913094,0.6896653175354004,0.4329783843944644,10x_human_lymph_node_A1
wo_Spatial_Contrastive,42,91,341,1.0409371852874756,0.1965128630399704,3.0141563415527344,0.3987694978713989,0.09955161809921265,0.08198641985654831,0.24844672934071027,0.3769263748623011,0.6881465911865234,0.4300655447092992,10x_human_lymph_node_A1
wo_Spatial_Contrastive,42,92,342,1.0405561923980713,0.19490599632263184,3.0134501457214355,0.3963848948478699,0.10237111151218414,0.08330244570970535,0.2500959474707063,0.3803476405389557,0.6905370354652405,0.43454650175421855,10x_human_lymph_node_A1
wo_Spatial_Contrastive,42,93,343,1.0367968082427979,0.19706927239894867,3.014190912246704,0.3991473615169525,0.0991157814860344,0.08208183199167252,0.24822125922227226,0.3776319336261913,0.6861703991889954,0.43087433513952555,10x_human_lymph_node_A1
wo_Spatial_Contrastive,42,94,344,1.036810040473938,0.1953597068786621,3.014860153198242,0.39717331528663635,0.10246286541223526,0.08278965950012207,0.24932796658632186,0.38078973872381344,0.6922607421875,0.4349968339163037,10x_human_lymph_node_A1
wo_Spatial_Contrastive,42,95,345,1.0331981182098389,0.1956736445426941,3.0152688026428223,0.39658093452453613,0.10063814371824265,0.08208546042442322,0.251165420885965,0.3799688408484778,0.6923123002052307,0.43410589708064,10x_human_lymph_node_A1
wo_Spatial_Contrastive,42,96,346,1.027404546737671,0.19448599219322205,3.0131819248199463,0.39923349022865295,0.09859739989042282,0.08117657899856567,0.24892599506522242,0.3791819677371999,0.6981459259986877,0.4329714381483849,10x_human_lymph_node_A1
wo_Spatial_Contrastive,42,97,347,1.0254433155059814,0.19280558824539185,3.0113091468811035,0.39635470509529114,0.10089690238237381,0.0814882218837738,0.24850591509219294,0.3775519008076224,0.7009522318840027,0.4312467170563753,10x_human_lymph_node_A1
wo_Spatial_Contrastive,42,98,348,1.0223653316497803,0.19432038068771362,3.0121846199035645,0.39832034707069397,0.09850670397281647,0.08080102503299713,0.24851536739198576,0.3776960482304734,0.7005195617675781,0.4312498817306639,10x_human_lymph_node_A1
wo_Spatial_Contrastive,42,99,349,1.02217698097229,0.19404847919940948,3.012650966644287,0.39817777276039124,0.10059825330972672,0.08132020384073257,0.247898991115294,0.37919673433394535,0.7017463445663452,0.4330681736998592,10x_human_lymph_node_A1
wo_Spatial_Contrastive,42,100,350,1.0207315683364868,0.1955333650112152,3.0120105743408203,0.39702558517456055,0.1008341833949089,0.08102742582559586,0.24985268765760973,0.37838624758749606,0.7006576657295227,0.4321996292852024,10x_human_lymph_node_A1
wo_Spatial_Contrastive,42,101,351,1.0170717239379883,0.19406910240650177,3.0112762451171875,0.397855281829834,0.0999867245554924,0.08135643601417542,0.247881473371974,0.3792788877724076,0.7048739194869995,0.43338893337804074,10x_human_lymph_node_A1
wo_Spatial_Contrastive,42,102,352,1.0150957107543945,0.1955443024635315,3.0124824047088623,0.39909765124320984,0.09967213869094849,0.07996844500303268,0.24926037153521402,0.37829259721168845,0.7051021456718445,0.43182588067083266,10x_human_lymph_node_A1
wo_Spatial_Contrastive,42,103,353,1.0143940448760986,0.19415433704853058,3.01253604888916,0.3963136672973633,0.1011517196893692,0.08151336014270782,0.249998278725812,0.3791026124892923,0.7065075635910034,0.4332060857948843,10x_human_lymph_node_A1
wo_Spatial_Contrastive,42,104,354,1.009118676185608,0.19495229423046112,3.010568857192993,0.39912378787994385,0.09872306883335114,0.07992368936538696,0.25044656897447853,0.3806978492078063,0.7081652283668518,0.43476471102141606,10x_human_lymph_node_A1
wo_Spatial_Contrastive,42,105,355,1.0060964822769165,0.19227930903434753,3.0097084045410156,0.3975715935230255,0.10011312365531921,0.07999558746814728,0.24907995601297794,0.3778713689486853,0.709776759147644,0.43147360382187555,10x_human_lymph_node_A1
wo_Spatial_Contrastive,42,106,356,1.0030009746551514,0.1913379728794098,3.0098748207092285,0.3969833552837372,0.09938036650419235,0.08006579428911209,0.24990236083309592,0.38024055456477257,0.7146127820014954,0.43468643060894835,10x_human_lymph_node_A1
wo_Spatial_Contrastive,42,107,357,1.0000170469284058,0.19187991321086884,3.009324550628662,0.3987935185432434,0.09902306646108627,0.07901524007320404,0.24898413536667033,0.37890925323982133,0.7168100476264954,0.4327145927919427,10x_human_lymph_node_A1
wo_Spatial_Contrastive,42,108,358,1.0000600814819336,0.1917460560798645,3.0087900161743164,0.3972308039665222,0.10115902125835419,0.08010487258434296,0.24921715928692023,0.37926113680897183,0.7157596945762634,0.43317078401478587,10x_human_lymph_node_A1
wo_Spatial_Contrastive,42,109,359,0.9965234994888306,0.19309350848197937,3.00862717628479,0.39822477102279663,0.09895068407058716,0.07924117892980576,0.24961545000271254,0.3794499939480268,0.7168634533882141,0.43362234327425186,10x_human_lymph_node_A1
wo_Spatial_Contrastive,42,110,360,0.9942671656608582,0.19080261886119843,3.0083329677581787,0.397779256105423,0.10058262944221497,0.07947488129138947,0.24923007338587674,0.379560872793607,0.7212826609611511,0.4336691764077406,10x_human_lymph_node_A1
wo_Spatial_Contrastive,42,111,361,0.9908425211906433,0.1908145546913147,3.0079991817474365,0.3977721929550171,0.09960056096315384,0.07877565920352936,0.24939310799123635,0.37866527919657517,0.7231826782226562,0.43250934783250455,10x_human_lymph_node_A1
wo_Spatial_Contrastive,42,112,362,0.9892767667770386,0.1910199522972107,3.0076684951782227,0.3977605402469635,0.09985477477312088,0.07915604114532471,0.24931536838827728,0.3805527272004179,0.7226770520210266,0.4349284270273072,10x_human_lymph_node_A1
wo_Spatial_Contrastive,42,113,363,0.988572359085083,0.19219215214252472,3.0084218978881836,0.39770737290382385,0.10067031532526016,0.0787687599658966,0.24889445999066012,0.3775688649481819,0.720552384853363,0.4311726255889561,10x_human_lymph_node_A1
wo_Spatial_Contrastive,42,114,364,0.9872713685035706,0.19185517728328705,3.008225440979004,0.3974115252494812,0.1015935018658638,0.07922602444887161,0.24887307162639996,0.3806487843052642,0.7223663330078125,0.43493892793726385,10x_human_lymph_node_A1
wo_Spatial_Contrastive,42,115,365,0.983212947845459,0.1931263506412506,3.0075504779815674,0.39805081486701965,0.0988621860742569,0.07847604900598526,0.24905275498807036,0.3789403647101396,0.7183868288993835,0.43304245864592666,10x_human_lymph_node_A1
wo_Spatial_Contrastive,42,116,366,0.9826116561889648,0.1913808286190033,3.0070323944091797,0.3971753716468811,0.10227938741445541,0.07876493781805038,0.24934144694379468,0.3801529782908464,0.7236260771751404,0.4343986813101817,10x_human_lymph_node_A1
wo_Spatial_Contrastive,42,117,367,0.978054940700531,0.19273579120635986,3.0069422721862793,0.39872363209724426,0.0988902747631073,0.07764202356338501,0.24984358112538346,0.3798383940079611,0.7255237102508545,0.4339775304536973,10x_human_lymph_node_A1
wo_Spatial_Contrastive,42,118,368,0.9757900238037109,0.19118785858154297,3.006268262863159,0.39748579263687134,0.09929744899272919,0.07857739925384521,0.2487965320281876,0.3793852318853431,0.7283093333244324,0.4336834959636368,10x_human_lymph_node_A1
wo_Spatial_Contrastive,42,119,369,0.9734445214271545,0.19070155918598175,3.006093978881836,0.3979344367980957,0.10081470012664795,0.07717885076999664,0.2496760217284482,0.3793975357891516,0.7293323874473572,0.4333288289904191,10x_human_lymph_node_A1
wo_Spatial_Contrastive,42,120,370,0.9685037732124329,0.18945667147636414,3.0061748027801514,0.3986622989177704,0.09781412780284882,0.07730753719806671,0.24874085450555208,0.37984728600484746,0.7333002686500549,0.4340831458552359,10x_human_lymph_node_A1
wo_Spatial_Contrastive,42,121,371,0.9676536917686462,0.1882062554359436,3.0052762031555176,0.3964800536632538,0.10036769509315491,0.07784711569547653,0.25021028686899044,0.38002891244999853,0.7344483137130737,0.43452025486060314,10x_human_lymph_node_A1
wo_Spatial_Contrastive,42,122,372,0.9652079343795776,0.1903952956199646,3.00472092628479,0.3990437686443329,0.09945178776979446,0.07657784968614578,0.24981883529519164,0.37941041220043603,0.735769510269165,0.43348194223611536,10x_human_lymph_node_A1
wo_Spatial_Contrastive,42,123,373,0.9641563892364502,0.18986310064792633,3.005117654800415,0.3973512649536133,0.09977894276380539,0.07777566462755203,0.24862895097784393,0.3793865509170987,0.7362158894538879,0.4336292945099396,10x_human_lymph_node_A1
wo_Spatial_Contrastive,42,124,374,0.9626016616821289,0.19122503697872162,3.0053327083587646,0.39779362082481384,0.09998219460248947,0.07690271735191345,0.24971801968297005,0.3794315105681468,0.7357603311538696,0.4335651131302266,10x_human_lymph_node_A1
wo_Spatial_Contrastive,42,125,375,0.9606409072875977,0.19036969542503357,3.0044195652008057,0.39805203676223755,0.10095055401325226,0.07718135416507721,0.24818271810910625,0.37915896506842395,0.7360236048698425,0.4332525326740848,10x_human_lymph_node_A1
wo_Spatial_Contrastive,42,126,376,0.9595022797584534,0.19241361320018768,3.0051136016845703,0.397685706615448,0.10018398612737656,0.07696913182735443,0.24928294275274876,0.3792415806961487,0.730279266834259,0.4334099743529477,10x_human_lymph_node_A1
wo_Spatial_Contrastive,42,127,377,0.958573043346405,0.1904032975435257,3.005505084991455,0.3968706727027893,0.10251981765031815,0.07761093974113464,0.24946900429598026,0.3821400483630677,0.7348280549049377,0.4369124199436195,10x_human_lymph_node_A1
wo_Spatial_Contrastive,42,128,378,0.9502672553062439,0.18882182240486145,3.0039191246032715,0.39844372868537903,0.09801263362169266,0.07592462748289108,0.2489464769044528,0.37916573406189313,0.7379595637321472,0.4332546783195908,10x_human_lymph_node_A1
wo_Spatial_Contrastive,42,129,379,0.947452187538147,0.18720164895057678,3.0024874210357666,0.39766713976860046,0.09900453686714172,0.07596036791801453,0.24966229616567423,0.3795651880779606,0.7428331971168518,0.43378556756592074,10x_human_lymph_node_A1
wo_Spatial_Contrastive,42,130,380,0.9478379487991333,0.18869423866271973,3.0034239292144775,0.3977030813694,0.10005565732717514,0.07628969848155975,0.24892712703262773,0.38083881657252444,0.7392889857292175,0.43538951801223497,10x_human_lymph_node_A1
wo_Spatial_Contrastive,42,131,381,0.9448840022087097,0.18941324949264526,3.003481864929199,0.39762815833091736,0.09850646555423737,0.07590530812740326,0.2494447586915042,0.37929932152168105,0.7410341501235962,0.43340763660250786,10x_human_lymph_node_A1
wo_Spatial_Contrastive,42,132,382,0.9418577551841736,0.18761198222637177,3.0017521381378174,0.39776867628097534,0.09966395795345306,0.07579077780246735,0.24836139449102257,0.37936571128542257,0.7431319952011108,0.43359690898208575,10x_human_lymph_node_A1
wo_Spatial_Contrastive,42,133,383,0.940235435962677,0.18882417678833008,3.0018765926361084,0.39836883544921875,0.09913115203380585,0.07567363232374191,0.24986918872229488,0.38014075158727667,0.7450682520866394,0.4345188816434011,10x_human_lymph_node_A1
wo_Spatial_Contrastive,42,134,384,0.9393875598907471,0.18814076483249664,3.002480983734131,0.3970189094543457,0.10031098127365112,0.07628153264522552,0.24982889633737637,0.3805045738307869,0.7460448145866394,0.43499638645874766,10x_human_lymph_node_A1
wo_Spatial_Contrastive,42,135,385,0.934726357460022,0.1876438707113266,3.001072645187378,0.3989041745662689,0.09931477904319763,0.07488196343183517,0.24937395829171316,0.3799093925145375,0.749384343624115,0.43410283131587274,10x_human_lymph_node_A1
wo_Spatial_Contrastive,42,136,386,0.9316176772117615,0.1859477013349533,3.00053071975708,0.39717888832092285,0.09902092069387436,0.07541844248771667,0.2500968568819202,0.38085585266478145,0.7512708902359009,0.43546987915520446,10x_human_lymph_node_A1
wo_Spatial_Contrastive,42,137,387,0.9301544427871704,0.18583963811397552,3.0008790493011475,0.39748987555503845,0.09982974827289581,0.07521311193704605,0.2495343009725607,0.37942702357938923,0.7532393932342529,0.4336458107095008,10x_human_lymph_node_A1
wo_Spatial_Contrastive,42,138,388,0.9284814596176147,0.18727624416351318,3.000478506088257,0.3991937041282654,0.09969185292720795,0.07467573136091232,0.2487248151243081,0.3794980685083434,0.7540606260299683,0.4337172949079454,10x_human_lymph_node_A1
wo_Spatial_Contrastive,42,139,389,0.9267969131469727,0.18594245612621307,3.0000486373901367,0.39624956250190735,0.10029812902212143,0.07578805834054947,0.24889149941384686,0.3795393612790064,0.7562627196311951,0.4340823590072824,10x_human_lymph_node_A1
wo_Spatial_Contrastive,42,140,390,0.9227628707885742,0.18666338920593262,2.9998650550842285,0.399008572101593,0.09866359084844589,0.07419382780790329,0.24921015028503915,0.37892507718848634,0.7566730976104736,0.4329782278576221,10x_human_lymph_node_A1
wo_Spatial_Contrastive,42,141,391,0.9231163263320923,0.18632343411445618,2.9995076656341553,0.397458553314209,0.10118164867162704,0.07515229284763336,0.2493002582951177,0.38056604865183824,0.7558157444000244,0.43512475220408775,10x_human_lymph_node_A1
wo_Spatial_Contrastive,42,142,392,0.9231889247894287,0.19005630910396576,3.0004239082336426,0.3973664343357086,0.10012147575616837,0.07512998580932617,0.24888958402015812,0.3799539011892744,0.7488811612129211,0.43447417020704215,10x_human_lymph_node_A1
wo_Spatial_Contrastive,42,143,393,0.9227696657180786,0.1895671784877777,3.0004093647003174,0.3977433145046234,0.10242071747779846,0.07526630908250809,0.2488460200789041,0.3815018277744601,0.7506212592124939,0.4361892342788691,10x_human_lymph_node_A1
wo_Spatial_Contrastive,42,144,394,0.9183239340782166,0.19057512283325195,2.999256134033203,0.3983025550842285,0.09985650330781937,0.07423724234104156,0.2488539341894978,0.3793333888190489,0.7522613406181335,0.4337839757088496,10x_human_lymph_node_A1
wo_Spatial_Contrastive,42,145,395,0.9155095219612122,0.18858198821544647,2.998924732208252,0.39733919501304626,0.09946978092193604,0.07537242025136948,0.24778155631418097,0.3796775002810914,0.7544138431549072,0.4343086641949137,10x_human_lymph_node_A1
wo_Spatial_Contrastive,42,146,396,0.9120568633079529,0.1875215768814087,2.998976469039917,0.3983656167984009,0.10018336772918701,0.07364769279956818,0.25020014353322423,0.3795398846623527,0.7572959065437317,0.43375377462628995,10x_human_lymph_node_A1
wo_Spatial_Contrastive,42,147,397,0.9060389995574951,0.18534177541732788,2.9976894855499268,0.39837610721588135,0.09761083871126175,0.0734454095363617,0.24955574559053414,0.3798489534582293,0.7603406310081482,0.434230960768976,10x_human_lymph_node_A1
wo_Spatial_Contrastive,42,148,398,0.9060372114181519,0.18531274795532227,2.997347354888916,0.39682579040527344,0.09940345585346222,0.07433527708053589,0.24836804398963302,0.38012396944398863,0.759614109992981,0.4348707219738985,10x_human_lymph_node_A1
wo_Spatial_Contrastive,42,149,399,0.9062517285346985,0.1887996792793274,2.9979817867279053,0.39886701107025146,0.09967311471700668,0.07349133491516113,0.25003391400321195,0.37994065219320794,0.7589059472084045,0.4342922006326403,10x_human_lymph_node_A1
wo_Spatial_Contrastive,42,150,400,0.9029842019081116,0.18703767657279968,2.9971766471862793,0.3980030417442322,0.09930205345153809,0.07404689490795135,0.24792204147047822,0.37916547915077575,0.7606455087661743,0.433482894875729,10x_human_lymph_node_A1
wo_Reconstruction,42,1,251,0.11157187074422836,0.22189733386039734,3.0221197605133057,0.38965973258018494,0.10306136310100555,0.1251349002122879,0.24755701754885592,0.3775583009706394,0.3036723732948303,0.4294032144960093,10x_human_lymph_node_A1
wo_Reconstruction,42,2,252,0.1114002987742424,0.22209294140338898,3.0264840126037598,0.3901795744895935,0.10472796112298965,0.12528927624225616,0.24931827808145057,0.37807634639424875,0.31419697403907776,0.43019766091345973,10x_human_lymph_node_A1
wo_Reconstruction,42,3,253,0.11126101762056351,0.22297360002994537,3.0347790718078613,0.3872426450252533,0.10870706290006638,0.12630906701087952,0.25051546379124345,0.3757688913243504,0.32228609919548035,0.4290328376162065,10x_human_lymph_node_A1
wo_Reconstruction,42,4,254,0.10828449577093124,0.22226084768772125,3.043351173400879,0.3904276192188263,0.1075872927904129,0.12361613661050797,0.25212772461121186,0.3803617850163573,0.3364969789981842,0.43345568577824184,10x_human_lymph_node_A1
wo_Reconstruction,42,5,255,0.10545313358306885,0.22231191396713257,3.053575038909912,0.39144811034202576,0.10729657858610153,0.12195787578821182,0.25025409000617627,0.3806592486101086,0.3479819595813751,0.4338504203151605,10x_human_lymph_node_A1
wo_Reconstruction,42,6,256,0.10313510149717331,0.2226589471101761,3.065063238143921,0.39037179946899414,0.10786278545856476,0.12210002541542053,0.2500515334015563,0.38008425785184136,0.3583431541919708,0.4336398947752909,10x_human_lymph_node_A1
wo_Reconstruction,42,7,257,0.10032632946968079,0.2219618856906891,3.0773794651031494,0.39035531878471375,0.10866247117519379,0.12113359570503235,0.2503628463062783,0.381941426177829,0.3689844310283661,0.4358796430497651,10x_human_lymph_node_A1
wo_Reconstruction,42,8,258,0.09698580205440521,0.22111600637435913,3.0885636806488037,0.3900810778141022,0.10943721979856491,0.11981458961963654,0.2502659387185319,0.3806016764829262,0.37963351607322693,0.4345681275742207,10x_human_lymph_node_A1
wo_Reconstruction,42,9,259,0.09344936907291412,0.22068288922309875,3.099458694458008,0.38975009322166443,0.10965569317340851,0.1185309886932373,0.2528701152982531,0.3810990726280304,0.38929662108421326,0.43516971914943264,10x_human_lymph_node_A1
wo_Reconstruction,42,10,260,0.08984670042991638,0.21994523704051971,3.1123344898223877,0.3904867172241211,0.10945679992437363,0.11680182814598083,0.251350029422882,0.38128496466226897,0.3992156386375427,0.4351830487960409,10x_human_lymph_node_A1
wo_Reconstruction,42,11,261,0.08694609999656677,0.21950827538967133,3.127695322036743,0.39079806208610535,0.10983368009328842,0.11574821174144745,0.2516983719467436,0.38201240070772535,0.4076524078845978,0.4363591346612529,10x_human_lymph_node_A1
wo_Reconstruction,42,12,262,0.08318684250116348,0.21875977516174316,3.1439177989959717,0.39037004113197327,0.11043265461921692,0.11416073143482208,0.25323526019930276,0.3807189610779215,0.4168205261230469,0.4348890107169513,10x_human_lymph_node_A1
wo_Reconstruction,42,13,263,0.07962803542613983,0.21819236874580383,3.1605963706970215,0.39065101742744446,0.11035431176424026,0.11272679269313812,0.2541202303249979,0.3818373249133154,0.4252091348171234,0.43605014301907596,10x_human_lymph_node_A1
wo_Reconstruction,42,14,264,0.07635312527418137,0.21752214431762695,3.177217483520508,0.3912076950073242,0.1101529523730278,0.11165153980255127,0.25271732576169353,0.3825541150392849,0.4341447055339813,0.43698673097776297,10x_human_lymph_node_A1
wo_Reconstruction,42,15,265,0.07284121960401535,0.21717219054698944,3.192347764968872,0.3909640908241272,0.11020899564027786,0.110490582883358,0.2538850181555801,0.38205236627837025,0.4408239424228668,0.4365023209242634,10x_human_lymph_node_A1
wo_Reconstruction,42,16,266,0.0698985755443573,0.2165156751871109,3.2076456546783447,0.39158329367637634,0.11046159267425537,0.10938708484172821,0.25509316257669756,0.3832133966329678,0.4514106810092926,0.43761209714757543,10x_human_lymph_node_A1
wo_Reconstruction,42,17,267,0.06602058559656143,0.21582646667957306,3.2209689617156982,0.390811562538147,0.11100311577320099,0.107965849339962,0.25550767700133103,0.38174116495515914,0.4569089114665985,0.435929193338022,10x_human_lymph_node_A1
wo_Reconstruction,42,18,268,0.0625879094004631,0.2155858427286148,3.235297918319702,0.39133819937705994,0.11003706604242325,0.10708346217870712,0.25554125243548725,0.38371645452273445,0.46681031584739685,0.4384732350959528,10x_human_lymph_node_A1
wo_Reconstruction,42,19,269,0.05863209068775177,0.21487627923488617,3.2472729682922363,0.3915645480155945,0.10963912308216095,0.1055169552564621,0.2557402323040229,0.383358396444942,0.4738817811012268,0.4380512266257256,10x_human_lymph_node_A1
wo_Reconstruction,42,20,270,0.05508030205965042,0.21402397751808167,3.2595527172088623,0.3916846811771393,0.10946271568536758,0.10452865064144135,0.255687451121863,0.38292965561973835,0.4810542166233063,0.4375253189089679,10x_human_lymph_node_A1
wo_Reconstruction,42,21,271,0.05196636915206909,0.2136486917734146,3.2710607051849365,0.3911150097846985,0.10976336151361465,0.10398977994918823,0.25467595165192686,0.38149609628655384,0.48659199476242065,0.436214765464057,10x_human_lymph_node_A1
wo_Reconstruction,42,22,272,0.04892175644636154,0.21312624216079712,3.282874822616577,0.39151206612586975,0.10940232127904892,0.10338085889816284,0.25500875539499795,0.3837246676626603,0.49202960729599,0.43863137342549763,10x_human_lymph_node_A1
wo_Reconstruction,42,23,273,0.04603658616542816,0.21306592226028442,3.2927298545837402,0.39126262068748474,0.10979648679494858,0.10250784456729889,0.2540780627631344,0.3810698775768068,0.4921388328075409,0.4356153723045652,10x_human_lymph_node_A1
wo_Reconstruction,42,24,274,0.04484645277261734,0.21250712871551514,3.3073015213012695,0.39304083585739136,0.10939599573612213,0.10332967340946198,0.25487790114092185,0.3866089386539592,0.492556095123291,0.44194946615646286,10x_human_lymph_node_A1
wo_Reconstruction,42,25,275,0.039185427129268646,0.2121596336364746,3.3148796558380127,0.3908268213272095,0.10935940593481064,0.10088569670915604,0.25448919743923215,0.382256279432443,0.5050427913665771,0.4372033919787124,10x_human_lymph_node_A1
wo_Reconstruction,42,26,276,0.03506571054458618,0.2112046778202057,3.3257453441619873,0.3910595178604126,0.10829761624336243,0.09983183443546295,0.25689626859439174,0.38707727484225074,0.5139968395233154,0.4429581667396281,10x_human_lymph_node_A1
wo_Reconstruction,42,27,277,0.03196874260902405,0.2109590321779251,3.3347299098968506,0.3919968008995056,0.10714314877986908,0.0991215854883194,0.2551409440799108,0.3866139291881948,0.5178835391998291,0.44241827037195797,10x_human_lymph_node_A1
wo_Reconstruction,42,28,278,0.02975229173898697,0.2114778459072113,3.3396799564361572,0.3915233910083771,0.10787393152713776,0.09857206046581268,0.25109002704225625,0.38133546644371624,0.517756998538971,0.43639531239135604,10x_human_lymph_node_A1
wo_Reconstruction,42,29,279,0.027312107384204865,0.2105388194322586,3.3490281105041504,0.3918609619140625,0.10785945504903793,0.09878185391426086,0.25577888383126895,0.3859848812582728,0.5223366022109985,0.4414349429754378,10x_human_lymph_node_A1
wo_Reconstruction,42,30,280,0.022182464599609375,0.20979899168014526,3.3529410362243652,0.39103060960769653,0.10705789178609848,0.09679965674877167,0.2535007676797639,0.3830697680443681,0.5317661166191101,0.4384170968525961,10x_human_lymph_node_A1
wo_Reconstruction,42,31,281,0.018937483429908752,0.2098771631717682,3.359351634979248,0.3915729522705078,0.10570264607667923,0.09613192081451416,0.2531100003233135,0.3840087509975887,0.5374727845191956,0.43962312038213114,10x_human_lymph_node_A1
wo_Reconstruction,42,32,282,0.016829684376716614,0.20957538485527039,3.367281198501587,0.3921329379081726,0.10548942536115646,0.09626168012619019,0.2532656468736946,0.38445664091820364,0.5365265011787415,0.4400008733097571,10x_human_lymph_node_A1
wo_Reconstruction,42,33,283,0.01373206079006195,0.20973345637321472,3.371920347213745,0.3908054530620575,0.10631043463945389,0.09535972028970718,0.24947166020119751,0.37999986542236386,0.5419313907623291,0.43525012669623214,10x_human_lymph_node_A1
wo_Reconstruction,42,34,284,0.009936712682247162,0.2083008885383606,3.3789477348327637,0.39091432094573975,0.10557721555233002,0.09485375881195068,0.25296354973544827,0.3837603210227185,0.5493015646934509,0.4395936693128561,10x_human_lymph_node_A1
wo_Reconstruction,42,35,285,0.00645831972360611,0.2080315351486206,3.3825933933258057,0.39178693294525146,0.10414508730173111,0.09383364766836166,0.2520068970857376,0.3840613017349087,0.5530691742897034,0.4396953686883005,10x_human_lymph_node_A1
wo_Reconstruction,42,36,286,0.004297852516174316,0.20879997313022614,3.3851261138916016,0.39137017726898193,0.10452035814523697,0.09332874417304993,0.2500279062040646,0.37971217769811166,0.5539951324462891,0.43497986496681773,10x_human_lymph_node_A1
wo_Reconstruction,42,37,287,0.0017482861876487732,0.20767691731452942,3.3918025493621826,0.3910255432128906,0.10498054325580597,0.09359967708587646,0.25253929514294166,0.38327249544594666,0.5581737160682678,0.4387905347095566,10x_human_lymph_node_A1
wo_Reconstruction,42,38,288,-0.002054862678050995,0.2072039693593979,3.3948216438293457,0.3911132216453552,0.10417094081640244,0.09237287938594818,0.25163529937645773,0.38175469891126274,0.5652478933334351,0.4372738963279055,10x_human_lymph_node_A1
wo_Reconstruction,42,39,289,-0.005757827311754227,0.20661000907421112,3.3982460498809814,0.39206546545028687,0.1027359664440155,0.09117075800895691,0.2501641537852799,0.3813825322000719,0.5685313940048218,0.43681833381393176,10x_human_lymph_node_A1
wo_Reconstruction,42,40,290,-0.007868427783250809,0.20607125759124756,3.4036545753479004,0.39129558205604553,0.1036779135465622,0.09150237590074539,0.252088559073775,0.382248474257917,0.572070837020874,0.43774143275845745,10x_human_lymph_node_A1
wo_Reconstruction,42,41,291,-0.009497877210378647,0.20682382583618164,3.4063947200775146,0.39042726159095764,0.10467532277107239,0.09151402115821838,0.25108295629353033,0.3809133437843801,0.5761966705322266,0.43671301296477777,10x_human_lymph_node_A1
wo_Reconstruction,42,42,292,-0.012536581605672836,0.2063833326101303,3.409719944000244,0.3923659324645996,0.10281394422054291,0.09059036523103714,0.25092329575739464,0.3823144514867505,0.576196551322937,0.4378254220661734,10x_human_lymph_node_A1
wo_Reconstruction,42,43,293,-0.015645407140254974,0.20605814456939697,3.413206100463867,0.3911326825618744,0.10340393334627151,0.09006564319133759,0.25142081539735345,0.3815107387736721,0.5832685828208923,0.43717473087833814,10x_human_lymph_node_A1
wo_Reconstruction,42,44,294,-0.018880371004343033,0.20496544241905212,3.4189860820770264,0.39104849100112915,0.10318704694509506,0.08967006951570511,0.25224386481438965,0.3828666991733016,0.5870584845542908,0.4388797250963175,10x_human_lymph_node_A1
wo_Reconstruction,42,45,295,-0.022117692977190018,0.20496267080307007,3.4213008880615234,0.3916154205799103,0.1021348237991333,0.08858846127986908,0.24936702129047136,0.3801242297833734,0.5899832248687744,0.43577397265706824,10x_human_lymph_node_A1
wo_Reconstruction,42,46,296,-0.02428298443555832,0.20443211495876312,3.42598557472229,0.3907964825630188,0.10303205251693726,0.0888507068157196,0.251417462608133,0.3813857649093054,0.5951980948448181,0.4375444337894724,10x_human_lymph_node_A1
wo_Reconstruction,42,47,297,-0.027280651032924652,0.2036820352077484,3.4290571212768555,0.3911276161670685,0.10279881954193115,0.08811530470848083,0.2518752513329882,0.38262024217465657,0.5984235405921936,0.4384937876241547,10x_human_lymph_node_A1
wo_Reconstruction,42,48,298,-0.029816731810569763,0.20461967587471008,3.430509567260742,0.39177489280700684,0.10173605382442474,0.08717609941959381,0.2485590571115187,0.38043828429383447,0.5998883247375488,0.4361902663530197,10x_human_lymph_node_A1
wo_Reconstruction,42,49,299,-0.030749306082725525,0.20437023043632507,3.4380669593811035,0.3909097909927368,0.10307616740465164,0.08853444457054138,0.24902053904775387,0.3814200017163469,0.6032055616378784,0.43764193181058547,10x_human_lymph_node_A1
wo_Reconstruction,42,50,300,-0.0324266254901886,0.20622874796390533,3.438070774078369,0.3909314274787903,0.10324250906705856,0.08742976188659668,0.2457650140601048,0.3781709580030314,0.6002441048622131,0.4339423024074636,10x_human_lymph_node_A1
wo_Reconstruction,42,51,301,-0.034550800919532776,0.2049795240163803,3.444972038269043,0.39220765233039856,0.10252690315246582,0.08787061274051666,0.24931415805008486,0.38185870274833544,0.6012979745864868,0.43776727724417086,10x_human_lymph_node_A1
wo_Reconstruction,42,52,302,-0.039122529327869415,0.2043292373418808,3.446655511856079,0.3908052146434784,0.10237909853458405,0.08632975816726685,0.24624753473458688,0.3770519892032929,0.609724223613739,0.4327119765212335,10x_human_lymph_node_A1
wo_Reconstruction,42,53,303,-0.043499648571014404,0.20229439437389374,3.4521212577819824,0.3908747732639313,0.10152709484100342,0.08548551797866821,0.24968204495588642,0.38151045383046367,0.6165319085121155,0.437801035483902,10x_human_lymph_node_A1
wo_Reconstruction,42,54,304,-0.045193761587142944,0.20268943905830383,3.4569408893585205,0.39171120524406433,0.10102786123752594,0.0853813886642456,0.24824360617237937,0.3808224757001918,0.6179647445678711,0.43701725864029384,10x_human_lymph_node_A1
wo_Reconstruction,42,55,305,-0.04568050056695938,0.20464439690113068,3.458889961242676,0.39106059074401855,0.10229317843914032,0.0853729397058487,0.24563752341132514,0.3768490105816999,0.6143894195556641,0.43254256333303653,10x_human_lymph_node_A1
wo_Reconstruction,42,56,306,-0.04883112758398056,0.20258967578411102,3.4647345542907715,0.3909299373626709,0.10238315165042877,0.08552223443984985,0.24959645179179343,0.38093886701112467,0.6187443733215332,0.4369090748666076,10x_human_lymph_node_A1
wo_Reconstruction,42,57,307,-0.0540812686085701,0.20203797519207,3.4650115966796875,0.3916248083114624,0.09976820647716522,0.08335946500301361,0.24583713933420115,0.37931707737535586,0.6230452060699463,0.4352780298797799,10x_human_lymph_node_A1
wo_Reconstruction,42,58,308,-0.05438946932554245,0.2023870050907135,3.4723875522613525,0.390178382396698,0.10206522047519684,0.0846128761768341,0.2470518550422726,0.37882624997751574,0.6281214952468872,0.4352542456196187,10x_human_lymph_node_A1
wo_Reconstruction,42,59,309,-0.0566805824637413,0.2019992470741272,3.476881742477417,0.3913585841655731,0.10137134045362473,0.08412463963031769,0.2476815330478053,0.38016604729805775,0.6271975636482239,0.43631228517560244,10x_human_lymph_node_A1
wo_Reconstruction,42,60,310,-0.0606914758682251,0.20163267850875854,3.478264331817627,0.39156797528266907,0.1006004586815834,0.08219318091869354,0.24438780720754041,0.3774422400293631,0.6324561238288879,0.43333271022726055,10x_human_lymph_node_A1
wo_Reconstruction,42,61,311,-0.060452841222286224,0.2012931853532791,3.486401081085205,0.3900737166404724,0.10348561406135559,0.08420687913894653,0.2479993115883508,0.38100273075071334,0.6360126733779907,0.43780300267345756,10x_human_lymph_node_A1
wo_Reconstruction,42,62,312,-0.06547557562589645,0.2014041393995285,3.486225128173828,0.3912709653377533,0.09970863908529282,0.08246372640132904,0.24440405103750598,0.3787392733397334,0.635195791721344,0.43485060386553376,10x_human_lymph_node_A1
wo_Reconstruction,42,63,313,-0.06885194778442383,0.19944754242897034,3.490175724029541,0.3907555937767029,0.10073640197515488,0.08163341134786606,0.24577611886796186,0.37787493836165675,0.6408632397651672,0.43396300109576047,10x_human_lymph_node_A1
wo_Reconstruction,42,64,314,-0.06918680667877197,0.2000161111354828,3.496053695678711,0.39075225591659546,0.10220415890216827,0.08205515891313553,0.24999301103990568,0.38149943621244625,0.6435691714286804,0.4380230511688742,10x_human_lymph_node_A1
wo_Reconstruction,42,65,315,-0.07249689847230911,0.20088456571102142,3.496631383895874,0.39135122299194336,0.09986331313848495,0.08122643828392029,0.24269434412756516,0.37687045355810483,0.6409502625465393,0.4328730294024965,10x_human_lymph_node_A1
wo_Reconstruction,42,66,316,-0.07495423406362534,0.1989637017250061,3.5012905597686768,0.3898777961730957,0.10170862823724747,0.08173046261072159,0.2464635582396907,0.37827236125804475,0.6512201428413391,0.43483567130273987,10x_human_lymph_node_A1
wo_Reconstruction,42,67,317,-0.07666295766830444,0.2001313716173172,3.501893997192383,0.3910966217517853,0.10101218521595001,0.08068396151065826,0.24747559140635128,0.37916877331280474,0.6520679593086243,0.43569990050717133,10x_human_lymph_node_A1
wo_Reconstruction,42,68,318,-0.07944696396589279,0.19969816505908966,3.5052490234375,0.39113327860832214,0.10019561648368835,0.08067859709262848,0.244611129433924,0.3777655404518958,0.6516420841217041,0.43368204187422044,10x_human_lymph_node_A1
wo_Reconstruction,42,69,319,-0.08294422924518585,0.19809861481189728,3.5098133087158203,0.3903033435344696,0.10074889659881592,0.08011889457702637,0.2448417905025298,0.37725036601196604,0.659419059753418,0.43357010354930275,10x_human_lymph_node_A1
wo_Reconstruction,42,70,320,-0.08427883684635162,0.19871637225151062,3.512937545776367,0.39090898633003235,0.10070787370204926,0.07995492219924927,0.24713949678558267,0.37960618575628674,0.6617080569267273,0.4363338960609642,10x_human_lymph_node_A1
wo_Reconstruction,42,71,321,-0.08655363321304321,0.19865377247333527,3.5139455795288086,0.3906429708003998,0.10066117346286774,0.07986493408679962,0.2444637055658183,0.3769136252763525,0.660368025302887,0.4330380577711054,10x_human_lymph_node_A1
wo_Reconstruction,42,72,322,-0.09050246328115463,0.19694043695926666,3.5165677070617676,0.3910246193408966,0.10022172331809998,0.07860015332698822,0.24541009911232592,0.3771609891613964,0.6686208844184875,0.433371879192744,10x_human_lymph_node_A1
wo_Reconstruction,42,73,323,-0.09127940982580185,0.19761234521865845,3.5220446586608887,0.39054906368255615,0.10102174431085587,0.07932811975479126,0.24636512191321439,0.37940818772020124,0.6698371767997742,0.43632375100012033,10x_human_lymph_node_A1
wo_Reconstruction,42,74,324,-0.09311903268098831,0.1980947107076645,3.5238230228424072,0.38998132944107056,0.10113221406936646,0.07949667423963547,0.2421159180149079,0.37517803980150494,0.6668436527252197,0.43124700157783047,10x_human_lymph_node_A1
wo_Reconstruction,42,75,325,-0.0967857614159584,0.1964956372976303,3.525083541870117,0.3915940523147583,0.1003950834274292,0.07765737920999527,0.2466693517553002,0.3780404598614155,0.6766000986099243,0.43429619908280304,10x_human_lymph_node_A1
wo_Reconstruction,42,76,326,-0.09887979179620743,0.1965985894203186,3.5282435417175293,0.39008936285972595,0.10096442699432373,0.07820723950862885,0.24359941408369162,0.37569719630416143,0.6776905059814453,0.43193415589871903,10x_human_lymph_node_A1
wo_Reconstruction,42,77,327,-0.09969406574964523,0.1978519707918167,3.5326061248779297,0.39047399163246155,0.10039987415075302,0.07889047265052795,0.24390656180426948,0.3763279133752265,0.6772421598434448,0.4326487575627148,10x_human_lymph_node_A1
wo_Reconstruction,42,78,328,-0.10069525241851807,0.19980385899543762,3.5308117866516113,0.3917984068393707,0.10068485885858536,0.0770220160484314,0.24431089690043903,0.3765256735474159,0.677150309085846,0.43262898711523295,10x_human_lymph_node_A1
wo_Reconstruction,42,79,329,-0.09782437235116959,0.2002549171447754,3.5416674613952637,0.38999494910240173,0.10542343556880951,0.08026519417762756,0.24819083012415774,0.38281925202641537,0.662480354309082,0.44012872417233906,10x_human_lymph_node_A1
wo_Reconstruction,42,80,330,-0.10061823576688766,0.20297695696353912,3.5408923625946045,0.3901534974575043,0.1030113473534584,0.07899158447980881,0.23769486624734149,0.3744607865492862,0.6479321122169495,0.4307939871606223,10x_human_lymph_node_A1
wo_Reconstruction,42,81,331,-0.11008066684007645,0.1964348554611206,3.545722246170044,0.39009809494018555,0.09997043758630753,0.07712479680776596,0.24526521843832255,0.37957231917638606,0.6816202998161316,0.4367255079311979,10x_human_lymph_node_A1
wo_Reconstruction,42,82,332,-0.1085226982831955,0.1981920450925827,3.552647590637207,0.3907066583633423,0.10266271233558655,0.07719676196575165,0.2487495802249761,0.38585144464680204,0.6758041381835938,0.44375827285286784,10x_human_lymph_node_A1
wo_Reconstruction,42,83,333,-0.11000749468803406,0.2008150815963745,3.5525972843170166,0.390587717294693,0.10142166912555695,0.07689400017261505,0.24107238679394774,0.37536376200732924,0.6604443788528442,0.4316231842753974,10x_human_lymph_node_A1
wo_Reconstruction,42,84,334,-0.11468221992254257,0.19842977821826935,3.5583012104034424,0.3899770677089691,0.09959365427494049,0.07744509726762772,0.24398570441583978,0.3780504363126785,0.6730249524116516,0.4347736453294679,10x_human_lymph_node_A1
wo_Reconstruction,42,85,335,-0.11780951917171478,0.19740886986255646,3.5616908073425293,0.3915084898471832,0.0994470864534378,0.07533271610736847,0.24868524442322262,0.38377931029788265,0.6789183616638184,0.44107248729380294,10x_human_lymph_node_A1
wo_Reconstruction,42,86,336,-0.11856542527675629,0.19997958838939667,3.561758041381836,0.3910766541957855,0.0988091453909874,0.07574740052223206,0.24453431789087646,0.3781320037664303,0.6754571795463562,0.4347955622584704,10x_human_lymph_node_A1
wo_Reconstruction,42,87,337,-0.1200018972158432,0.19895052909851074,3.569000720977783,0.38909363746643066,0.1001964658498764,0.0777054876089096,0.24295129445459876,0.3769073863321395,0.6726521253585815,0.43373157603952484,10x_human_lymph_node_A1
wo_Reconstruction,42,88,338,-0.12685827910900116,0.19524985551834106,3.5692667961120605,0.3909989595413208,0.09767166525125504,0.07474139332771301,0.24478500732532849,0.3785035407371066,0.6836069822311401,0.43513830342573717,10x_human_lymph_node_A1
wo_Reconstruction,42,89,339,-0.12345695495605469,0.20068804919719696,3.5706801414489746,0.39250388741493225,0.09880980104207993,0.0748266875743866,0.24657623931466935,0.37961784730360487,0.6804159879684448,0.43637818211374235,10x_human_lymph_node_A1
wo_Reconstruction,42,90,340,-0.13019075989723206,0.1945313662290573,3.5751852989196777,0.38909414410591125,0.10008846968412399,0.07533415406942368,0.24516103858596155,0.37885885231223543,0.6885397434234619,0.4359525187786459,10x_human_lymph_node_A1
wo_Reconstruction,42,91,341,-0.1305374801158905,0.1976788491010666,3.575242042541504,0.38964328169822693,0.0984424576163292,0.07584692537784576,0.24130031629031304,0.3761540937442538,0.6843627691268921,0.43300574209371323,10x_human_lymph_node_A1
wo_Reconstruction,42,92,342,-0.1346127688884735,0.1963489055633545,3.573946952819824,0.3915604054927826,0.09724083542823792,0.07336927205324173,0.24235478293746782,0.3758453987509001,0.6908936500549316,0.4320939107872197,10x_human_lymph_node_A1
wo_Reconstruction,42,93,343,-0.1344403326511383,0.19504816830158234,3.581446886062622,0.39007294178009033,0.10156397521495819,0.07437540590763092,0.24934654682774082,0.38304992677023486,0.6909943222999573,0.44040806854583364,10x_human_lymph_node_A1
wo_Reconstruction,42,94,344,-0.13941439986228943,0.19408811628818512,3.5822219848632812,0.3894880414009094,0.09865667670965195,0.07436496019363403,0.24257545433332364,0.37659036335647494,0.6957193613052368,0.4333376668567917,10x_human_lymph_node_A1
wo_Reconstruction,42,95,345,-0.14181402325630188,0.1949578821659088,3.582186222076416,0.39049896597862244,0.09731702506542206,0.07327243685722351,0.24075175879108182,0.37603461221412104,0.6928917169570923,0.4328734487159283,10x_human_lymph_node_A1
wo_Reconstruction,42,96,346,-0.14238764345645905,0.19374576210975647,3.587074041366577,0.390319287776947,0.10037612915039062,0.07319894433021545,0.24745469655208366,0.3814878141046694,0.6993098258972168,0.43882403592581304,10x_human_lymph_node_A1
wo_Reconstruction,42,97,347,-0.14627283811569214,0.19217932224273682,3.587958335876465,0.38980814814567566,0.09971203655004501,0.07291024178266525,0.24637431191458928,0.380717077703284,0.7046536803245544,0.4380395750291974,10x_human_lymph_node_A1
wo_Reconstruction,42,98,348,-0.14763674139976501,0.1945180594921112,3.588379383087158,0.39021819829940796,0.09779448062181473,0.07307875156402588,0.24048119939847806,0.37556582492513885,0.6985216736793518,0.4322165563060338,10x_human_lymph_node_A1
wo_Reconstruction,42,99,349,-0.15107211470603943,0.19163556396961212,3.591618776321411,0.39000529050827026,0.09886112064123154,0.07253776490688324,0.2440610057518975,0.3786093521378486,0.709151029586792,0.4356605258981912,10x_human_lymph_node_A1
wo_Reconstruction,42,100,350,-0.1507951021194458,0.19263966381549835,3.5947725772857666,0.39002296328544617,0.10098881274461746,0.07243753969669342,0.24692865288698096,0.3809200583243959,0.7092851996421814,0.4381949544508108,10x_human_lymph_node_A1
wo_Reconstruction,42,101,351,-0.15565547347068787,0.19177167117595673,3.594407081604004,0.3903864622116089,0.0979272648692131,0.07177974283695221,0.24143148308471704,0.376011810090188,0.7114087343215942,0.4325495564166289,10x_human_lymph_node_A1
wo_Reconstruction,42,102,352,-0.15624840557575226,0.19218698143959045,3.597606897354126,0.38963258266448975,0.09921184927225113,0.07253749668598175,0.24259518192376406,0.37699353258598595,0.7136321663856506,0.43384159511378145,10x_human_lymph_node_A1
wo_Reconstruction,42,103,353,-0.15820258855819702,0.19114121794700623,3.5977981090545654,0.3900855779647827,0.10064253211021423,0.07144660502672195,0.24511042753179305,0.3782143384094201,0.7164538502693176,0.43508417601065963,10x_human_lymph_node_A1
wo_Reconstruction,42,104,354,-0.16180682182312012,0.1906755268573761,3.59859037399292,0.39077067375183105,0.09859587252140045,0.07083846628665924,0.24402224911720125,0.3784122937864945,0.7202392816543579,0.4354829265494891,10x_human_lymph_node_A1
wo_Reconstruction,42,105,355,-0.16241639852523804,0.1912851631641388,3.6020901203155518,0.38931789994239807,0.09979553520679474,0.07212147116661072,0.24198397633323274,0.3771549981640008,0.7200556993484497,0.43410242808518557,10x_human_lymph_node_A1
wo_Reconstruction,42,106,356,-0.16550634801387787,0.1900383085012436,3.602940559387207,0.3899407386779785,0.09990392625331879,0.07081414014101028,0.24272668493572871,0.37765145349551144,0.7240246534347534,0.4346564375625665,10x_human_lymph_node_A1
wo_Reconstruction,42,107,357,-0.16690313816070557,0.19021230936050415,3.606837272644043,0.391018807888031,0.09979701042175293,0.07033714652061462,0.24556513126682264,0.3794787183487664,0.7256836295127869,0.43652352902137126,10x_human_lymph_node_A1
wo_Reconstruction,42,108,358,-0.16898790001869202,0.18976646661758423,3.608642101287842,0.3892437219619751,0.100652776658535,0.07117344439029694,0.24154851145895836,0.3768302844937128,0.7272323966026306,0.43381797938702005,10x_human_lymph_node_A1
wo_Reconstruction,42,109,359,-0.17220741510391235,0.18903256952762604,3.6108503341674805,0.389912486076355,0.09944584965705872,0.07049501687288284,0.24302276476553716,0.3780923813426244,0.7308446764945984,0.4352249153798121,10x_human_lymph_node_A1
wo_Reconstruction,42,110,360,-0.1729852259159088,0.18958337604999542,3.61214280128479,0.3907140791416168,0.10024581849575043,0.06987772136926651,0.24555806806712677,0.3801628048516158,0.731054425239563,0.43750095995902744,10x_human_lymph_node_A1
wo_Reconstruction,42,111,361,-0.17592887580394745,0.18850606679916382,3.6151723861694336,0.38930457830429077,0.10046599060297012,0.07038568705320358,0.2419335376859504,0.3768322102217218,0.7344079613685608,0.43385867855255417,10x_human_lymph_node_A1
wo_Reconstruction,42,112,362,-0.17864200472831726,0.18850268423557281,3.61723256111145,0.3900747299194336,0.09898658841848373,0.06992421299219131,0.24260016954588148,0.37804727961383033,0.736111581325531,0.43526162780314703,10x_human_lymph_node_A1
wo_Reconstruction,42,113,363,-0.17920902371406555,0.18856891989707947,3.6176328659057617,0.390148788690567,0.10101629048585892,0.06945622712373734,0.24439360965896983,0.37869890552950747,0.7379078269004822,0.43582517251370423,10x_human_lymph_node_A1
wo_Reconstruction,42,114,364,-0.1827576905488968,0.18753601610660553,3.618626117706299,0.38992342352867126,0.09977211803197861,0.0694563090801239,0.24256816466528405,0.3778306165061125,0.7400043606758118,0.43493150936119745,10x_human_lymph_node_A1
wo_Reconstruction,42,115,365,-0.18484440445899963,0.18767738342285156,3.6200075149536133,0.38984590768814087,0.09943921864032745,0.06935712695121765,0.2414515188460601,0.37708447824893815,0.7412899732589722,0.4341810689395664,10x_human_lymph_node_A1
wo_Reconstruction,42,116,366,-0.18520665168762207,0.18749111890792847,3.622492790222168,0.38974711298942566,0.10179614275693893,0.06919769942760468,0.2464776715526968,0.3817851450444105,0.7430946826934814,0.4395335864902306,10x_human_lymph_node_A1
wo_Reconstruction,42,117,367,-0.1890878826379776,0.18756531178951263,3.622467517852783,0.39045482873916626,0.0988665372133255,0.06859695911407471,0.24132140058511597,0.37660050266537115,0.7445523738861084,0.43348187955743456,10x_human_lymph_node_A1
wo_Reconstruction,42,118,368,-0.18929077684879303,0.18708215653896332,3.626361131668091,0.3890548050403595,0.10192864388227463,0.06940294057130814,0.24329571629239516,0.37878925447566286,0.7461949586868286,0.43622473525441874,10x_human_lymph_node_A1
wo_Reconstruction,42,119,369,-0.1902955174446106,0.19050882756710052,3.6247658729553223,0.3910546600818634,0.09916564077138901,0.06835253536701202,0.2415030961055645,0.37690967962921956,0.7428749203681946,0.4339759728432357,10x_human_lymph_node_A1
wo_Reconstruction,42,120,370,-0.18640226125717163,0.19249117374420166,3.632556438446045,0.3889939486980438,0.10469802469015121,0.07059483230113983,0.24561177536514656,0.38118897588826944,0.7364259958267212,0.43904940473578863,10x_human_lymph_node_A1
wo_Reconstruction,42,121,371,-0.18730995059013367,0.1968233585357666,3.6311919689178467,0.389926552772522,0.10236523300409317,0.069440096616745,0.24012111324853616,0.375162023267533,0.7203022837638855,0.4319069253333434,10x_human_lymph_node_A1
wo_Reconstruction,42,122,372,-0.19194674491882324,0.19359807670116425,3.639468193054199,0.3904619514942169,0.10152837634086609,0.06877066195011139,0.24584861831625654,0.3844862826340603,0.7379342317581177,0.44287324671883016,10x_human_lymph_node_A1
wo_Reconstruction,42,123,373,-0.19899652898311615,0.18799126148223877,3.6414620876312256,0.3881530165672302,0.10116308182477951,0.06916342675685883,0.2430957384981952,0.3795257984743061,0.7408562898635864,0.4374659481330954,10x_human_lymph_node_A1
wo_Reconstruction,42,124,374,-0.20224852859973907,0.18824248015880585,3.6406054496765137,0.39008352160453796,0.09885140508413315,0.06749425083398819,0.24120222733079266,0.3769094092754532,0.7401833534240723,0.4340086335642467,10x_human_lymph_node_A1
wo_Reconstruction,42,125,375,-0.20004788041114807,0.19139590859413147,3.644381284713745,0.3911583423614502,0.10037948191165924,0.0674809068441391,0.2466586841673718,0.3827155142832083,0.7373880743980408,0.44051026446375413,10x_human_lymph_node_A1
wo_Reconstruction,42,126,376,-0.2038237750530243,0.19142071902751923,3.64237380027771,0.3894781172275543,0.09883615374565125,0.06789751350879669,0.24227216774829505,0.3773097049178816,0.7400842308998108,0.4344921368242906,10x_human_lymph_node_A1
wo_Reconstruction,42,127,377,-0.2079780399799347,0.1880301833152771,3.6448779106140137,0.3882223069667816,0.09920775145292282,0.06849052757024765,0.24227554256055178,0.37897369904948175,0.7457041144371033,0.4367535926880767,10x_human_lymph_node_A1
wo_Reconstruction,42,128,378,-0.20952433347702026,0.18869729340076447,3.644834518432617,0.3908884525299072,0.09836193174123764,0.0665680468082428,0.24507551260472152,0.38310761568834895,0.7478576302528381,0.4414654278667072,10x_human_lymph_node_A1
wo_Reconstruction,42,129,379,-0.21016353368759155,0.18940803408622742,3.6471445560455322,0.3901972472667694,0.09970935434103012,0.0667341947555542,0.24209238535609226,0.3780728659309101,0.7463453412055969,0.43542723860505606,10x_human_lymph_node_A1
wo_Reconstruction,42,130,380,-0.21178561449050903,0.18817965686321259,3.6542112827301025,0.3880369961261749,0.101229727268219,0.06846629828214645,0.24235866152337143,0.3787952666806384,0.7463937997817993,0.43662487746425455,10x_human_lymph_node_A1
wo_Reconstruction,42,131,381,-0.21729183197021484,0.18783621490001678,3.6487503051757812,0.39083772897720337,0.0964265838265419,0.06601476669311523,0.2433229234638137,0.379432326734961,0.7524117827415466,0.43719915866577846,10x_human_lymph_node_A1
wo_Reconstruction,42,132,382,-0.21745987236499786,0.18690070509910583,3.6485602855682373,0.3898395895957947,0.10024136304855347,0.06606881320476532,0.24250508039751395,0.37867842610328756,0.7517404556274414,0.43612683091160864,10x_human_lymph_node_A1
wo_Reconstruction,42,133,383,-0.21894541382789612,0.1864788681268692,3.652587413787842,0.3882260024547577,0.10094940662384033,0.06756597012281418,0.24297511668481128,0.37934568814033115,0.7553813457489014,0.4372548688613424,10x_human_lymph_node_A1
wo_Reconstruction,42,134,384,-0.22237661480903625,0.18764211237430573,3.6532890796661377,0.3905085027217865,0.09715931862592697,0.06599245220422745,0.24349347676730423,0.38073297335148415,0.7535150051116943,0.4388300150685697,10x_human_lymph_node_A1
wo_Reconstruction,42,135,385,-0.22210535407066345,0.1854015290737152,3.65728497505188,0.3891875147819519,0.10278118401765823,0.0662534236907959,0.2440738783512599,0.3802881963032079,0.7561615109443665,0.43801683121935886,10x_human_lymph_node_A1
wo_Reconstruction,42,136,386,-0.22714734077453613,0.18556368350982666,3.656625509262085,0.38946840167045593,0.09836329519748688,0.0659208744764328,0.24225726319782367,0.37865398166066006,0.7608708739280701,0.43631109302519744,10x_human_lymph_node_A1
wo_Reconstruction,42,137,387,-0.2287507951259613,0.18568001687526703,3.6580967903137207,0.38953137397766113,0.09839499741792679,0.06591235101222992,0.2441674490504361,0.38155322004048875,0.7642557621002197,0.43989309764895057,10x_human_lymph_node_A1
wo_Reconstruction,42,138,388,-0.2281324863433838,0.18451716005802155,3.660930871963501,0.3888019919395447,0.1031113788485527,0.06601500511169434,0.24425750855030653,0.3812962405280453,0.7630950212478638,0.43936747966394335,10x_human_lymph_node_A1
wo_Reconstruction,42,139,389,-0.23263129591941833,0.18583382666110992,3.660721778869629,0.3903508484363556,0.09768357127904892,0.06520847231149673,0.2422121794316823,0.37889470214483156,0.7635753154754639,0.4365272000213125,10x_human_lymph_node_A1
wo_Reconstruction,42,140,390,-0.2335711568593979,0.18413092195987701,3.664083480834961,0.3887896239757538,0.10103343427181244,0.0658661499619484,0.2443533217950743,0.3824739254925234,0.7681807279586792,0.4409275895827206,10x_human_lymph_node_A1
wo_Reconstruction,42,141,391,-0.23529767990112305,0.18497425317764282,3.6624889373779297,0.3892767131328583,0.1004100888967514,0.06530976295471191,0.24294151951243814,0.3799902958830171,0.7689255475997925,0.43805712761197624,10x_human_lymph_node_A1
wo_Reconstruction,42,142,392,-0.23774422705173492,0.1848897486925125,3.663609504699707,0.38966435194015503,0.09925233572721481,0.06524136662483215,0.24366451441029435,0.38093032633494756,0.7691948413848877,0.4390612539725433,10x_human_lymph_node_A1
wo_Reconstruction,42,143,393,-0.240078866481781,0.1832081824541092,3.6652956008911133,0.3892008662223816,0.10067253559827805,0.06496411561965942,0.24274336193587426,0.37997965200090233,0.7731390595436096,0.43794360696649837,10x_human_lymph_node_A1
wo_Reconstruction,42,144,394,-0.24230831861495972,0.1832502782344818,3.6668615341186523,0.3893549144268036,0.10000662505626678,0.06479752063751221,0.2439858545263586,0.382507134533298,0.7749195694923401,0.44104906844614317,10x_human_lymph_node_A1
wo_Reconstruction,42,145,395,-0.24405688047409058,0.18359944224357605,3.666374921798706,0.3894639313220978,0.09955417364835739,0.06480907648801804,0.2432331314686278,0.3805471142910658,0.7757331728935242,0.43860084270968397,10x_human_lymph_node_A1
wo_Reconstruction,42,146,396,-0.2450444996356964,0.18306885659694672,3.666595220565796,0.38925930857658386,0.10135691612958908,0.06463631242513657,0.24344339634085385,0.38002694698838146,0.7768913507461548,0.4379693626261205,10x_human_lymph_node_A1
wo_Reconstruction,42,147,397,-0.2472592294216156,0.18349626660346985,3.669754981994629,0.38925692439079285,0.10026033967733383,0.06471081078052521,0.24441765249664793,0.3830531143333692,0.7789191007614136,0.4416910308647343,10x_human_lymph_node_A1
wo_Reconstruction,42,148,398,-0.24922679364681244,0.1836106926202774,3.670109987258911,0.38910678029060364,0.10008639097213745,0.06460492312908173,0.2420870252148363,0.37873610956513815,0.7778323292732239,0.43649205646960043,10x_human_lymph_node_A1
wo_Reconstruction,42,149,399,-0.24834860861301422,0.1838177740573883,3.673640489578247,0.3894140422344208,0.10327958315610886,0.06432217359542847,0.24579956283867674,0.38305602176415865,0.7792789340019226,0.44146511258174453,10x_human_lymph_node_A1
wo_Reconstruction,42,150,400,-0.2506789565086365,0.18724392354488373,3.674826145172119,0.389544278383255,0.09879012405872345,0.06482680141925812,0.24088341272575509,0.37809251366258806,0.7699185609817505,0.4359096207587591,10x_human_lymph_node_A1
Frozen_Encoder_DEC_Only,42,1,251,1.4365599155426025,0.22167736291885376,3.022519111633301,0.3909238874912262,0.10271355509757996,0.12471571564674377,0.25068922360042817,0.3785632406795878,0.307155966758728,0.4298959560922201,10x_human_lymph_node_A1
Frozen_Encoder_DEC_Only,42,2,252,1.4365564584732056,0.22164463996887207,3.0225229263305664,0.39089566469192505,0.10273855924606323,0.1247350201010704,0.249017476052646,0.37611512478617737,0.3071223199367523,0.42708044426980474,10x_human_lymph_node_A1
Frozen_Encoder_DEC_Only,42,3,253,1.4365049600601196,0.22162124514579773,3.0225014686584473,0.3908649682998657,0.10274574160575867,0.1247110366821289,0.24937433451919286,0.37633403660816606,0.30662310123443604,0.4273086508123307,10x_human_lymph_node_A1
Frozen_Encoder_DEC_Only,42,4,254,1.4366984367370605,0.2215036153793335,3.0225415229797363,0.3909759819507599,0.10291057080030441,0.12479788064956665,0.24936347978209675,0.37779015496182006,0.30631905794143677,0.429086719908596,10x_human_lymph_node_A1
Frozen_Encoder_DEC_Only,42,5,255,1.4365477561950684,0.2214488536119461,3.022519826889038,0.3909294307231903,0.1028469055891037,0.1247326210141182,0.2493338651699389,0.3773463526896425,0.30633652210235596,0.42839393076027843,10x_human_lymph_node_A1
Frozen_Encoder_DEC_Only,42,6,256,1.4364632368087769,0.22145603597164154,3.022531509399414,0.3909037113189697,0.10275134444236755,0.12471167743206024,0.24982899134113118,0.37650362415303085,0.3069043755531311,0.4277505434572787,10x_human_lymph_node_A1
Frozen_Encoder_DEC_Only,42,7,257,1.4366627931594849,0.2215425670146942,3.022528648376465,0.3909374177455902,0.10286521166563034,0.12480388581752777,0.24962365718115961,0.37773699108147446,0.3066624104976654,0.42909283119382063,10x_human_lymph_node_A1
Frozen_Encoder_DEC_Only,42,8,258,1.4365845918655396,0.22137776017189026,3.0225367546081543,0.39096012711524963,0.10287496447563171,0.12477420270442963,0.24931099792001804,0.37854624038193857,0.3067481219768524,0.4298670281838818,10x_human_lymph_node_A1
Frozen_Encoder_DEC_Only,42,9,259,1.4365544319152832,0.22152221202850342,3.022524833679199,0.3908974528312683,0.10280149430036545,0.12475952506065369,0.24959940085985222,0.37741830770552903,0.307073175907135,0.42865919788571527,10x_human_lymph_node_A1
Frozen_Encoder_DEC_Only,42,10,260,1.4364718198776245,0.22124305367469788,3.0225324630737305,0.390938401222229,0.10282887518405914,0.12477435916662216,0.24863935475239468,0.3765231961903824,0.3068971633911133,0.42769866868300727,10x_human_lymph_node_A1
Frozen_Encoder_DEC_Only,42,11,261,1.43646240234375,0.22122623026371002,3.022519111633301,0.3909039795398712,0.10290910303592682,0.12473555654287338,0.24841524075718632,0.3770955401271258,0.3059823215007782,0.42822864590470633,10x_human_lymph_node_A1
Frozen_Encoder_DEC_Only,42,12,262,1.4364122152328491,0.22128339111804962,3.0225114822387695,0.3909580707550049,0.1027812734246254,0.12469552457332611,0.24895668501072232,0.37702861015375866,0.3064291477203369,0.42822999560421854,10x_human_lymph_node_A1
Frozen_Encoder_DEC_Only,42,13,263,1.436381459236145,0.22115473449230194,3.0225095748901367,0.39089131355285645,0.10278384387493134,0.12480819970369339,0.24950829629846416,0.3779453078517559,0.30622002482414246,0.4292638318287629,10x_human_lymph_node_A1
Frozen_Encoder_DEC_Only,42,14,264,1.4363458156585693,0.2211073935031891,3.0225322246551514,0.3908867835998535,0.10285048931837082,0.12471571564674377,0.24933401148226572,0.378338200735037,0.3066370487213135,0.4296216561964834,10x_human_lymph_node_A1
Frozen_Encoder_DEC_Only,42,15,265,1.4363290071487427,0.22109751403331757,3.022509813308716,0.3909149765968323,0.10281357914209366,0.12472064793109894,0.24956648117953056,0.37792357401772386,0.30657538771629333,0.42916937210856715,10x_human_lymph_node_A1
Frozen_Encoder_DEC_Only,42,16,266,1.4363707304000854,0.22107630968093872,3.0225119590759277,0.39097583293914795,0.10278065502643585,0.12477163970470428,0.24943188365497732,0.3782564126703417,0.30607256293296814,0.42960837314992395,10x_human_lymph_node_A1
Frozen_Encoder_DEC_Only,42,17,267,1.436495065689087,0.2211657166481018,3.022535800933838,0.3909468948841095,0.10293993353843689,0.12474895268678665,0.24831701545631574,0.3764318728036053,0.307123601436615,0.4275358944436341,10x_human_lymph_node_A1
Frozen_Encoder_DEC_Only,42,18,268,1.4362157583236694,0.22101105749607086,3.0225281715393066,0.3909420073032379,0.10265868157148361,0.12472984939813614,0.2482516483303584,0.3759646778475063,0.30642956495285034,0.4270834489213972,10x_human_lymph_node_A1
Frozen_Encoder_DEC_Only,42,19,269,1.4363675117492676,0.22103558480739594,3.0225138664245605,0.3909333348274231,0.10290569067001343,0.12471479177474976,0.25017554085197224,0.37967184769890355,0.30612409114837646,0.431234814392405,10x_human_lymph_node_A1
Frozen_Encoder_DEC_Only,42,20,270,1.436299204826355,0.22110185027122498,3.022514820098877,0.3908897936344147,0.10280875116586685,0.12469859421253204,0.24935754706105492,0.3782835345388286,0.3065282106399536,0.4296870311719036,10x_human_lymph_node_A1
Frozen_Encoder_DEC_Only,42,21,271,1.4362558126449585,0.22091667354106903,3.0225064754486084,0.39085403084754944,0.10290825366973877,0.12471423298120499,0.24823589608272356,0.37730742704777753,0.30648836493492126,0.4285685130602702,10x_human_lymph_node_A1
Frozen_Encoder_DEC_Only,42,22,272,1.4362967014312744,0.2209589034318924,3.0225305557250977,0.3909328877925873,0.10284002870321274,0.12472078204154968,0.24760319276980158,0.3767098833618844,0.30703437328338623,0.4278980574153841,10x_human_lymph_node_A1
Frozen_Encoder_DEC_Only,42,23,273,1.4363807439804077,0.22089017927646637,3.022524833679199,0.3909463584423065,0.10290906578302383,0.12482121586799622,0.2505620556458551,0.38009205584927924,0.3061336576938629,0.43157519915836556,10x_human_lymph_node_A1
Frozen_Encoder_DEC_Only,42,24,274,1.4361670017242432,0.22087736427783966,3.022524833679199,0.39089909195899963,0.10276344418525696,0.12469784170389175,0.24830941746966184,0.37792044982167466,0.3062919080257416,0.4292687264138462,10x_human_lymph_node_A1
Frozen_Encoder_DEC_Only,42,25,275,1.436308741569519,0.22078317403793335,3.0225329399108887,0.39095717668533325,0.10289508104324341,0.12479186058044434,0.24842282675740546,0.378200365467161,0.30585309863090515,0.4295794774417234,10x_human_lymph_node_A1
Frozen_Encoder_DEC_Only,42,26,276,1.4363250732421875,0.22077539563179016,3.0225346088409424,0.39094555377960205,0.1029452458024025,0.12478335201740265,0.25074680830462137,0.37974021194702584,0.3061702847480774,0.43131542815739377,10x_human_lymph_node_A1
Frozen_Encoder_DEC_Only,42,27,277,1.436193823814392,0.2207447588443756,3.022510528564453,0.39097142219543457,0.10279891639947891,0.12474207580089569,0.24994256529375106,0.3788571419012298,0.3062473237514496,0.43020736022879913,10x_human_lymph_node_A1
Frozen_Encoder_DEC_Only,42,28,278,1.4362151622772217,0.22080785036087036,3.02252197265625,0.3908774256706238,0.1028280258178711,0.12478138506412506,0.24898427760058245,0.3791971733589242,0.3063484728336334,0.43074055071163203,10x_human_lymph_node_A1
Frozen_Encoder_DEC_Only,42,29,279,1.43607497215271,0.22070221602916718,3.0225205421447754,0.39091840386390686,0.10272713005542755,0.12471072375774384,0.2496100763690901,0.3791233471097794,0.3058699369430542,0.43069610469882935,10x_human_lymph_node_A1
Frozen_Encoder_DEC_Only,42,30,280,1.4362373352050781,0.22076746821403503,3.0225071907043457,0.3909231722354889,0.10291599482297897,0.12472453713417053,0.24869865585334175,0.3777104546803791,0.3059449791908264,0.42907889559018353,10x_human_lymph_node_A1
Frozen_Encoder_DEC_Only,42,31,281,1.4362162351608276,0.22062081098556519,3.0225272178649902,0.39097335934638977,0.10285893827676773,0.12479805201292038,0.2490652498083067,0.3795132103650092,0.3059874475002289,0.4310648381898871,10x_human_lymph_node_A1
Frozen_Encoder_DEC_Only,42,32,282,1.436173915863037,0.22070550918579102,3.0225229263305664,0.3909187912940979,0.10285762697458267,0.12472740560770035,0.2493869362134065,0.3791489777236194,0.30605262517929077,0.430833672338967,10x_human_lymph_node_A1
Frozen_Encoder_DEC_Only,42,33,283,1.43612802028656,0.2206660658121109,3.0225205421447754,0.39093294739723206,0.10278531908988953,0.12474654614925385,0.2478873580396378,0.37882755362111736,0.3060861825942993,0.43036385827263196,10x_human_lymph_node_A1
Frozen_Encoder_DEC_Only,42,34,284,1.436113715171814,0.22061476111412048,3.0225343704223633,0.3909578025341034,0.10278010368347168,0.12473667412996292,0.24911874157609332,0.3797220137169007,0.30560246109962463,0.43141248152808026,10x_human_lymph_node_A1
Frozen_Encoder_DEC_Only,42,35,285,1.436055302619934,0.22057098150253296,3.022524356842041,0.39094164967536926,0.10272303223609924,0.12475913017988205,0.24933455978817132,0.3794006231667848,0.3061527609825134,0.43098371155949333,10x_human_lymph_node_A1
Frozen_Encoder_DEC_Only,42,36,286,1.4360791444778442,0.22059956192970276,3.022512912750244,0.3908455967903137,0.10284163057804108,0.12475603073835373,0.24840677714213003,0.37934380816183305,0.30578693747520447,0.4310626212857365,10x_human_lymph_node_A1
Frozen_Encoder_DEC_Only,42,37,287,1.4360100030899048,0.2205202281475067,3.0225319862365723,0.3909168839454651,0.1027584820985794,0.12471365928649902,0.2486437417250629,0.37968800713009043,0.3053666651248932,0.4313636810345064,10x_human_lymph_node_A1
Frozen_Encoder_DEC_Only,42,38,288,1.4360466003417969,0.2205224186182022,3.0225234031677246,0.3909141421318054,0.10280956327915192,0.12472492456436157,0.24750941648570945,0.3779465097301779,0.3063757121562958,0.4294087708766171,10x_human_lymph_node_A1
Frozen_Encoder_DEC_Only,42,39,289,1.435935616493225,0.22045807540416718,3.0225162506103516,0.3908710181713104,0.10271134227514267,0.12474803626537323,0.2486781436121544,0.37886416254752814,0.3060479760169983,0.43057117640299764,10x_human_lymph_node_A1
Frozen_Encoder_DEC_Only,42,40,290,1.4360697269439697,0.220463365316391,3.022524833679199,0.3909284174442291,0.10284991562366486,0.12474998831748962,0.24837418600540612,0.37996598025715045,0.3056829869747162,0.43178120523678487,10x_human_lymph_node_A1
Frozen_Encoder_DEC_Only,42,41,291,1.4359290599822998,0.2204471230506897,3.0225319862365723,0.3909004330635071,0.10270881652832031,0.12471124529838562,0.2478827311742125,0.37875520067489843,0.3061942160129547,0.43047374013974987,10x_human_lymph_node_A1
Frozen_Encoder_DEC_Only,42,42,292,1.4360061883926392,0.2204519361257553,3.0225205421447754,0.390941858291626,0.10278061032295227,0.12472081929445267,0.24846344701389875,0.37878083436722576,0.3055495619773865,0.4304353498948978,10x_human_lymph_node_A1
Frozen_Encoder_DEC_Only,42,43,293,1.4359700679779053,0.2203485071659088,3.0225305557250977,0.3909178078174591,0.10281789302825928,0.12472455203533173,0.24867425590900002,0.3804117948912398,0.30572038888931274,0.43222857662899,10x_human_lymph_node_A1
Frozen_Encoder_DEC_Only,42,44,294,1.4359328746795654,0.2203463912010193,3.02252197265625,0.3908964991569519,0.10279158502817154,0.12472154200077057,0.24889358285101143,0.3797749104231912,0.3050036132335663,0.4316087310901533,10x_human_lymph_node_A1
Frozen_Encoder_DEC_Only,42,45,295,1.4359431266784668,0.22035875916481018,3.022512435913086,0.39093753695487976,0.10280109196901321,0.12468484789133072,0.24830758304984335,0.3799133210217219,0.3055906891822815,0.43171138875395854,10x_human_lymph_node_A1
Frozen_Encoder_DEC_Only,42,46,296,1.4360769987106323,0.2203817516565323,3.0225281715393066,0.39094915986061096,0.10284125059843063,0.1248084157705307,0.24820364426074717,0.3802282030747741,0.3056744933128357,0.4321505827957879,10x_human_lymph_node_A1
Frozen_Encoder_DEC_Only,42,47,297,1.4359997510910034,0.22041542828083038,3.0225253105163574,0.39088961482048035,0.10282854735851288,0.12473838776350021,0.2496826555328016,0.3811683421951354,0.30638206005096436,0.43304898493333144,10x_human_lymph_node_A1
Frozen_Encoder_DEC_Only,42,48,298,1.436005711555481,0.2202376425266266,3.022515296936035,0.3909636437892914,0.10286659747362137,0.12477873265743256,0.2482280987758342,0.3804697688261941,0.3049727976322174,0.4324072604321389,10x_human_lymph_node_A1
Frozen_Encoder_DEC_Only,42,49,299,1.4360113143920898,0.22017940878868103,3.022519588470459,0.39095836877822876,0.10286669433116913,0.12483319640159607,0.24815598337355863,0.3793328421605199,0.3050024211406708,0.4310766960186159,10x_human_lymph_node_A1
Frozen_Encoder_DEC_Only,42,50,300,1.4359694719314575,0.22029924392700195,3.0225300788879395,0.3909122049808502,0.10285355150699615,0.12473130226135254,0.2486155118112058,0.3801479679213669,0.30519330501556396,0.4320393481033579,10x_human_lymph_node_A1
Frozen_Encoder_DEC_Only,42,51,301,1.4359318017959595,0.2202182412147522,3.0225119590759277,0.3909261226654053,0.10286308079957962,0.12472392618656158,0.24901613807365466,0.38008791375956824,0.3055984675884247,0.43195089981765183,10x_human_lymph_node_A1
Frozen_Encoder_DEC_Only,42,52,302,1.4358031749725342,0.22020992636680603,3.022531032562256,0.39097869396209717,0.10264573991298676,0.12468793988227844,0.2476015893501008,0.37866273803086753,0.3056213855743408,0.43036620398957,10x_human_lymph_node_A1
Frozen_Encoder_DEC_Only,42,53,303,1.4359211921691895,0.22028787434101105,3.022522449493408,0.3909783661365509,0.10274840891361237,0.12471164017915726,0.24692277979421234,0.3782274507587773,0.30517977476119995,0.4298906373842238,10x_human_lymph_node_A1
Frozen_Encoder_DEC_Only,42,54,304,1.4359357357025146,0.22027389705181122,3.022515296936035,0.39090996980667114,0.10281052440404892,0.12475273013114929,0.24753123594668494,0.37914267750651703,0.3058209717273712,0.430994076434753,10x_human_lymph_node_A1
Frozen_Encoder_DEC_Only,42,55,305,1.4359463453292847,0.22025568783283234,3.022524118423462,0.39093226194381714,0.10282474011182785,0.12474174797534943,0.2479542888428258,0.3802125985811716,0.3047891855239868,0.4321812373780287,10x_human_lymph_node_A1
Frozen_Encoder_DEC_Only,42,56,306,1.435776948928833,0.22006231546401978,3.0225110054016113,0.39088234305381775,0.10272291302680969,0.12478788197040558,0.2472150407973454,0.3791730915230266,0.30412179231643677,0.4311231889320091,10x_human_lymph_node_A1
Frozen_Encoder_DEC_Only,42,57,307,1.4358831644058228,0.22017785906791687,3.0225186347961426,0.39090558886528015,0.10284692049026489,0.12471254169940948,0.24697701658324897,0.37817077044318126,0.3049605190753937,0.4299629524029741,10x_human_lymph_node_A1
Frozen_Encoder_DEC_Only,42,58,308,1.435814380645752,0.22004330158233643,3.0225181579589844,0.3909502327442169,0.10277306288480759,0.12474022805690765,0.2473444321180794,0.3788475455795657,0.3045462369918823,0.4305855268138613,10x_human_lymph_node_A1
Frozen_Encoder_DEC_Only,42,59,309,1.4358762502670288,0.22018887102603912,3.022526264190674,0.3908906877040863,0.10274292528629303,0.12480486184358597,0.24708914308997337,0.3792241061847037,0.3053353428840637,0.4312978875005369,10x_human_lymph_node_A1
Frozen_Encoder_DEC_Only,42,60,310,1.43576180934906,0.2200181782245636,3.0225253105163574,0.3909063935279846,0.10280213505029678,0.12468934059143066,0.24703077015840433,0.3789466696354254,0.3049902617931366,0.4309016209042823,10x_human_lymph_node_A1
Frozen_Encoder_DEC_Only,42,61,311,1.4364051818847656,0.22015319764614105,3.0225281715393066,0.3909803032875061,0.10322907567024231,0.1250629723072052,0.24749254434166956,0.37979736128190195,0.30483710765838623,0.43171970744508836,10x_human_lymph_node_A1
Frozen_Encoder_DEC_Only,42,62,312,1.4357725381851196,0.22003579139709473,3.0225205421447754,0.3909621834754944,0.10269875079393387,0.12474264949560165,0.2464302768735967,0.37727737728483923,0.30467453598976135,0.4288780238011334,10x_human_lymph_node_A1
Frozen_Encoder_DEC_Only,42,63,313,1.4357185363769531,0.22000174224376678,3.0225236415863037,0.3909519910812378,0.10270507633686066,0.12468913197517395,0.24701365918652732,0.37919923425003316,0.3045061528682709,0.4310109291330602,10x_human_lymph_node_A1
Frozen_Encoder_DEC_Only,42,64,314,1.4358433485031128,0.2199673056602478,3.022535800933838,0.39093077182769775,0.1028500497341156,0.12477313727140427,0.24820216572126333,0.3794087556814444,0.305165559053421,0.43113340456833477,10x_human_lymph_node_A1
Frozen_Encoder_DEC_Only,42,65,315,1.435878038406372,0.21989992260932922,3.0225367546081543,0.39096781611442566,0.10296095907688141,0.12473170459270477,0.24657057075866656,0.378293942912862,0.3036263585090637,0.4300006671484914,10x_human_lymph_node_A1
Frozen_Encoder_DEC_Only,42,66,316,1.4359439611434937,0.21996982395648956,3.022531032562256,0.3909592628479004,0.1029612123966217,0.12478947639465332,0.24694487573847693,0.379490490391778,0.30495864152908325,0.4314907737340867,10x_human_lymph_node_A1
Frozen_Encoder_DEC_Only,42,67,317,1.4358166456222534,0.22001424431800842,3.02254056930542,0.3908827006816864,0.10286448895931244,0.1247270405292511,0.24718190739486512,0.37934744871642373,0.30489373207092285,0.4312736552756614,10x_human_lymph_node_A1
Frozen_Encoder_DEC_Only,42,68,318,1.4357274770736694,0.21995766460895538,3.0225162506103516,0.39088648557662964,0.10276659578084946,0.12474232912063599,0.24622224113579763,0.37845109982303266,0.30460888147354126,0.43032191650079044,10x_human_lymph_node_A1
Frozen_Encoder_DEC_Only,42,69,319,1.4357537031173706,0.21999765932559967,3.0225188732147217,0.39092057943344116,0.10279206186532974,0.124692901968956,0.24680903872731252,0.37838459429072,0.3046782612800598,0.43014790374922296,10x_human_lymph_node_A1
Frozen_Encoder_DEC_Only,42,70,320,1.435699224472046,0.21993443369865417,3.0225095748901367,0.3909231126308441,0.10272914916276932,0.12472311407327652,0.2464594255700867,0.37825339711402745,0.3041427433490753,0.4302597406411231,10x_human_lymph_node_A1
Frozen_Encoder_DEC_Only,42,71,321,1.4356658458709717,0.21991460025310516,3.022517204284668,0.39094069600105286,0.10269629955291748,0.12469866126775742,0.24788728957774514,0.37983920734065374,0.3042987883090973,0.4318013780632595,10x_human_lymph_node_A1
Frozen_Encoder_DEC_Only,42,72,322,1.4357339143753052,0.21991108357906342,3.02252197265625,0.390921413898468,0.10281883925199509,0.12469914555549622,0.2463034751621493,0.37840671884519944,0.30424532294273376,0.4304131828040491,10x_human_lymph_node_A1
Frozen_Encoder_DEC_Only,42,73,323,1.4357494115829468,0.2198525220155716,3.0225257873535156,0.3909383714199066,0.10278473049402237,0.12478099018335342,0.24619076309168825,0.37873082858405893,0.3042696714401245,0.43056008794020767,10x_human_lymph_node_A1
Frozen_Encoder_DEC_Only,42,74,324,1.4360017776489258,0.219966322183609,3.0225300788879395,0.3909556567668915,0.1029384583234787,0.12490448355674744,0.24695985212781607,0.37869944793507193,0.3046947419643402,0.4304692579456493,10x_human_lymph_node_A1
Frozen_Encoder_DEC_Only,42,75,325,1.4356443881988525,0.21993210911750793,3.0225095748901367,0.39092347025871277,0.10270035266876221,0.12467060983181,0.24574899251730037,0.37712211521017697,0.30463287234306335,0.42903455069280083,10x_human_lymph_node_A1
Frozen_Encoder_DEC_Only,42,76,326,1.4357153177261353,0.21988369524478912,3.022520065307617,0.3908582925796509,0.10283874720335007,0.12473374605178833,0.24673837374222896,0.3784802807723577,0.30472445487976074,0.43040898921376963,10x_human_lymph_node_A1
Frozen_Encoder_DEC_Only,42,77,327,1.4357448816299438,0.21985472738742828,3.0225253105163574,0.3909635841846466,0.1028093621134758,0.12472472339868546,0.24632251254520995,0.37798383884341263,0.30429163575172424,0.42984359299320934,10x_human_lymph_node_A1
Frozen_Encoder_DEC_Only,42,78,328,1.4358888864517212,0.21991582214832306,3.0225019454956055,0.39096859097480774,0.10293286293745041,0.12478354573249817,0.24672658596461122,0.3786179457681687,0.3044060468673706,0.43074592701775544,10x_human_lymph_node_A1
Frozen_Encoder_DEC_Only,42,79,329,1.4357908964157104,0.21990273892879486,3.022523880004883,0.3909264802932739,0.10287043452262878,0.12473440915346146,0.24591067968669397,0.37816426164195477,0.3039577305316925,0.4301990588247719,10x_human_lymph_node_A1
Frozen_Encoder_DEC_Only,42,80,330,1.4356695413589478,0.21985796093940735,3.0225257873535156,0.3909408450126648,0.10272953659296036,0.12470872700214386,0.24625877321280315,0.37867910116146364,0.30357232689857483,0.4307441517805614,10x_human_lymph_node_A1
Frozen_Encoder_DEC_Only,42,81,331,1.4357644319534302,0.21984218060970306,3.0225188732147217,0.39090946316719055,0.10283933579921722,0.12478962540626526,0.24608636750800494,0.3788922773785276,0.30363041162490845,0.43105314137610146,10x_human_lymph_node_A1
Frozen_Encoder_DEC_Only,42,82,332,1.4356461763381958,0.21976836025714874,3.0225014686584473,0.3909273147583008,0.1027974858880043,0.12470222264528275,0.2445067552921829,0.37755128682570444,0.30342286825180054,0.429590895424762,10x_human_lymph_node_A1
Frozen_Encoder_DEC_Only,42,83,333,1.4360630512237549,0.21974945068359375,3.022533416748047,0.3909186124801636,0.10322943329811096,0.12490835785865784,0.24563233658545938,0.37912619510259754,0.3032030463218689,0.4313950890907187,10x_human_lymph_node_A1
Frozen_Encoder_DEC_Only,42,84,334,1.4356783628463745,0.21972917020320892,3.0225343704223633,0.39093083143234253,0.1028161346912384,0.124738410115242,0.245695603872331,0.379099770373539,0.3035423755645752,0.4313543786377737,10x_human_lymph_node_A1
Frozen_Encoder_DEC_Only,42,85,335,1.4356310367584229,0.21981209516525269,3.0225348472595215,0.3909263014793396,0.10270119458436966,0.12472143024206161,0.24493671854978993,0.377773048589986,0.3030647337436676,0.42996077002225597,10x_human_lymph_node_A1
Frozen_Encoder_DEC_Only,42,86,336,1.4357750415802002,0.2197665423154831,3.022526741027832,0.3909381926059723,0.10285715013742447,0.12481267750263214,0.24539833482664142,0.3794552562680583,0.30345237255096436,0.4317366220156158,10x_human_lymph_node_A1
Frozen_Encoder_DEC_Only,42,87,337,1.4357086420059204,0.2197647988796234,3.022516965866089,0.39098060131073,0.10280858725309372,0.12472759932279587,0.24480182693799107,0.37794409647550636,0.3035127520561218,0.42995474038660525,10x_human_lymph_node_A1
Frozen_Encoder_DEC_Only,42,88,338,1.4357129335403442,0.21971072256565094,3.0225181579589844,0.390954852104187,0.102870412170887,0.1247379332780838,0.24509434469509978,0.37835548594350277,0.30339720845222473,0.4304561503594702,10x_human_lymph_node_A1
Frozen_Encoder_DEC_Only,42,89,339,1.4356449842453003,0.21973636746406555,3.022515296936035,0.39090701937675476,0.10278135538101196,0.1247510090470314,0.24438395344415267,0.3773123290918625,0.3029824495315552,0.4295989117246898,10x_human_lymph_node_A1
Frozen_Encoder_DEC_Only,42,90,340,1.4356509447097778,0.219780832529068,3.0225229263305664,0.39092910289764404,0.10275047272443771,0.12473109364509583,0.2440467386110686,0.37755855082550316,0.3033290505409241,0.4297659460157511,10x_human_lymph_node_A1
Frozen_Encoder_DEC_Only,42,91,341,1.4356509447097778,0.2197577953338623,3.022528648376465,0.3909336030483246,0.10283055901527405,0.12466264516115189,0.24408167927216573,0.37734472948408343,0.30248886346817017,0.4294435615928357,10x_human_lymph_node_A1
Frozen_Encoder_DEC_Only,42,92,342,1.435652732849121,0.219619482755661,3.022538661956787,0.39094671607017517,0.1027727797627449,0.12480650097131729,0.2445669022529147,0.3783369587861278,0.302975058555603,0.43061948723855686,10x_human_lymph_node_A1
Frozen_Encoder_DEC_Only,42,93,343,1.4357649087905884,0.21961122751235962,3.022538661956787,0.390937477350235,0.10286104679107666,0.12490338832139969,0.24345771199211913,0.3763794146444499,0.3027867078781128,0.42826013555282344,10x_human_lymph_node_A1
Frozen_Encoder_DEC_Only,42,94,344,1.435722827911377,0.21969151496887207,3.022500514984131,0.3908766806125641,0.10298065841197968,0.12474475055932999,0.24411337225779686,0.3783011678506591,0.3023827373981476,0.4305183626078071,10x_human_lymph_node_A1
Frozen_Encoder_DEC_Only,42,95,345,1.4357264041900635,0.21972812712192535,3.022522449493408,0.3909339904785156,0.10285292565822601,0.12477922439575195,0.2439623347359215,0.37772774661351277,0.3026445806026459,0.4300907055169676,10x_human_lymph_node_A1
Frozen_Encoder_DEC_Only,42,96,346,1.4356592893600464,0.2197273224592209,3.0225210189819336,0.3909095525741577,0.10281287878751755,0.12474265694618225,0.2446289041547199,0.37832223010116184,0.30236732959747314,0.4306970314630471,10x_human_lymph_node_A1
Frozen_Encoder_DEC_Only,42,97,347,1.4356573820114136,0.2197103351354599,3.022508144378662,0.3909502625465393,0.10283246636390686,0.12470240890979767,0.24484214264395723,0.37877305245617116,0.30290982127189636,0.4312621791351821,10x_human_lymph_node_A1
Frozen_Encoder_DEC_Only,42,98,348,1.435646653175354,0.21973338723182678,3.022515296936035,0.39092501997947693,0.10277323424816132,0.12474659085273743,0.24456701667893824,0.3794158241554021,0.302156925201416,0.4319220152866931,10x_human_lymph_node_A1
Frozen_Encoder_DEC_Only,42,99,349,1.4357633590698242,0.21964120864868164,3.022523880004883,0.3908916413784027,0.10288459807634354,0.12490811198949814,0.24424435018582166,0.37779727115808415,0.3022642731666565,0.42996219130749547,10x_human_lymph_node_A1
Frozen_Encoder_DEC_Only,42,100,350,1.4356446266174316,0.21958020329475403,3.0225272178649902,0.39093446731567383,0.1028476431965828,0.12476953119039536,0.243291003895588,0.37762487152974045,0.3020681142807007,0.4300820041054762,10x_human_lymph_node_A1
Frozen_Encoder_DEC_Only,42,101,351,1.4355950355529785,0.21961280703544617,3.022533893585205,0.3909701108932495,0.10276642441749573,0.1247120052576065,0.24408774282635123,0.3777403176763635,0.3020482659339905,0.43002253372273447,10x_human_lymph_node_A1
Frozen_Encoder_DEC_Only,42,102,352,1.4355196952819824,0.219615176320076,3.0225133895874023,0.3909294903278351,0.10273216664791107,0.12468203902244568,0.2434200984895499,0.378235177269632,0.3017807602882385,0.43056186676085495,10x_human_lymph_node_A1
Frozen_Encoder_DEC_Only,42,103,353,1.435658574104309,0.21966345608234406,3.022522449493408,0.3909241557121277,0.10286849737167358,0.12472034990787506,0.24357965292450162,0.3783057958570641,0.3014603555202484,0.43091717892206943,10x_human_lymph_node_A1
Frozen_Encoder_DEC_Only,42,104,354,1.4356504678726196,0.21963311731815338,3.0225343704223633,0.3909088373184204,0.10288295894861221,0.12472429126501083,0.24431125302332896,0.3792450872690936,0.30261489748954773,0.43184980302880055,10x_human_lymph_node_A1
Frozen_Encoder_DEC_Only,42,105,355,1.4355883598327637,0.2194829136133194,3.022512435913086,0.39092782139778137,0.10290747135877609,0.12471513450145721,0.2429294986451893,0.3776108257836503,0.3019430339336395,0.42993264060174147,10x_human_lymph_node_A1
Frozen_Encoder_DEC_Only,42,106,356,1.4355612993240356,0.21965311467647552,3.022515296936035,0.39089643955230713,0.10277794301509857,0.12470149993896484,0.24167349943808603,0.3764861640434743,0.30168116092681885,0.4288033131509253,10x_human_lymph_node_A1
Frozen_Encoder_DEC_Only,42,107,357,1.435774326324463,0.21964651346206665,3.022531032562256,0.39092159271240234,0.10300786793231964,0.12476782500743866,0.241730094315085,0.376511547976856,0.30242887139320374,0.42871973170012734,10x_human_lymph_node_A1
Frozen_Encoder_DEC_Only,42,108,358,1.4360723495483398,0.21959145367145538,3.0225329399108887,0.3909710943698883,0.10325125604867935,0.12496932595968246,0.2426748194964849,0.37837798519423166,0.3019302785396576,0.43077090394193795,10x_human_lymph_node_A1
Frozen_Encoder_DEC_Only,42,109,359,1.4355849027633667,0.21955424547195435,3.0225257873535156,0.3909543752670288,0.10282957553863525,0.12469920516014099,0.24373465862905522,0.3783373538133708,0.3022305965423584,0.4307903259608082,10x_human_lymph_node_A1
Frozen_Encoder_DEC_Only,42,110,360,1.4357990026474,0.21957582235336304,3.0225281715393066,0.3909706473350525,0.10295899212360382,0.12486016750335693,0.2423357854869901,0.3774504191366577,0.30168136954307556,0.43000739821116885,10x_human_lymph_node_A1
Frozen_Encoder_DEC_Only,42,111,361,1.4357273578643799,0.21961729228496552,3.022529125213623,0.39092838764190674,0.10284832864999771,0.12486939877271652,0.24204552909847601,0.3773349493044771,0.3017478883266449,0.4298140883507047,10x_human_lymph_node_A1
Frozen_Encoder_DEC_Only,42,112,362,1.4354641437530518,0.21952061355113983,3.0225234031677246,0.39090949296951294,0.10271477699279785,0.12469980120658875,0.24269107764389936,0.3771166859854911,0.30167028307914734,0.4295590637318162,10x_human_lymph_node_A1
Frozen_Encoder_DEC_Only,42,113,363,1.435617208480835,0.2196817398071289,3.0225119590759277,0.39096081256866455,0.10275793820619583,0.12472405284643173,0.24209455241886188,0.37743029502318715,0.3026708960533142,0.42992593819818775,10x_human_lymph_node_A1
Frozen_Encoder_DEC_Only,42,114,364,1.4356067180633545,0.21958231925964355,3.0225181579589844,0.3909290134906769,0.10283318907022476,0.12473586201667786,0.24232238782602972,0.3779929484821853,0.3020952343940735,0.430634353762607,10x_human_lymph_node_A1
Frozen_Encoder_DEC_Only,42,115,365,1.4355472326278687,0.21957805752754211,3.022505283355713,0.39091700315475464,0.10272026062011719,0.12477924674749374,0.24149948903158885,0.37706051541734653,0.30158209800720215,0.4296741061704967,10x_human_lymph_node_A1
Frozen_Encoder_DEC_Only,42,116,366,1.4355744123458862,0.21953997015953064,3.0225210189819336,0.39090028405189514,0.10284175723791122,0.1247367113828659,0.24116371484665142,0.3766589060375996,0.3015856444835663,0.42910103502888175,10x_human_lymph_node_A1
Frozen_Encoder_DEC_Only,42,117,367,1.4354913234710693,0.21956823766231537,3.022514820098877,0.39089345932006836,0.10272734612226486,0.12471269071102142,0.2423824860896497,0.37799323637193405,0.30145004391670227,0.4305519069548183,10x_human_lymph_node_A1
Frozen_Encoder_DEC_Only,42,118,368,1.435450792312622,0.21950843930244446,3.022512435913086,0.3908967077732086,0.10271895676851273,0.1247035413980484,0.2406134426468239,0.37649274723106524,0.30142438411712646,0.42908014539273664,10x_human_lymph_node_A1
Frozen_Encoder_DEC_Only,42,119,369,1.4355840682983398,0.2195398062467575,3.022524356842041,0.39091184735298157,0.10281659662723541,0.1247626394033432,0.24009122236717645,0.37584488188746107,0.301254540681839,0.42827111960174147,10x_human_lymph_node_A1
Frozen_Encoder_DEC_Only,42,120,370,1.4359350204467773,0.21945466101169586,3.022538661956787,0.39095383882522583,0.10318884998559952,0.1249399185180664,0.24168259699362887,0.378624095499586,0.3000895380973816,0.4312424404728653,10x_human_lymph_node_A1
Frozen_Encoder_DEC_Only,42,121,371,1.4355030059814453,0.21943733096122742,3.022531509399414,0.3909342885017395,0.1028074324131012,0.12470132857561111,0.2417314957459481,0.37711888895330237,0.3006260395050049,0.42972035926098834,10x_human_lymph_node_A1
Frozen_Encoder_DEC_Only,42,122,372,1.4355322122573853,0.21950358152389526,3.0225348472595215,0.39094164967536926,0.10282295197248459,0.12467128038406372,0.24127401586718433,0.37762576451105634,0.3007999360561371,0.4302991709696433,10x_human_lymph_node_A1
Frozen_Encoder_DEC_Only,42,123,373,1.4354915618896484,0.21948456764221191,3.0225276947021484,0.3909231126308441,0.10275289416313171,0.12471482157707214,0.2405338275701551,0.3769528182296989,0.3013547360897064,0.42949139530078295,10x_human_lymph_node_A1
Frozen_Encoder_DEC_Only,42,124,374,1.4354755878448486,0.21948635578155518,3.022528648376465,0.39093509316444397,0.10269711911678314,0.12473198026418686,0.24232641529903176,0.37975981773214146,0.3010425567626953,0.43273172929905074,10x_human_lymph_node_A1
Frozen_Encoder_DEC_Only,42,125,375,1.4355969429016113,0.21961505711078644,3.022517442703247,0.3909052610397339,0.10281543433666229,0.12473715841770172,0.24060282690550927,0.3780203207653219,0.3004879057407379,0.43082351505827304,10x_human_lymph_node_A1
Frozen_Encoder_DEC_Only,42,126,376,1.4354254007339478,0.21943609416484833,3.0225281715393066,0.3909061849117279,0.10270930826663971,0.12471047043800354,0.2418051829295406,0.3771413702229128,0.30140939354896545,0.4296726167536795,10x_human_lymph_node_A1
Frozen_Encoder_DEC_Only,42,127,377,1.4357588291168213,0.21950995922088623,3.0225348472595215,0.3909299373626709,0.1029849573969841,0.12485888600349426,0.2411506027439844,0.37740993614924745,0.3009074330329895,0.4301029776804055,10x_human_lymph_node_A1
Frozen_Encoder_DEC_Only,42,128,378,1.43556547164917,0.21960681676864624,3.022516965866089,0.39096060395240784,0.10275676101446152,0.12470079958438873,0.24052759025262127,0.37682114926848304,0.3009083569049835,0.42943497479712156,10x_human_lymph_node_A1
Frozen_Encoder_DEC_Only,42,129,379,1.4355876445770264,0.21943970024585724,3.0225234031677246,0.3909561336040497,0.1028377115726471,0.1247805655002594,0.2421845523724839,0.37880151902319975,0.30029556155204773,0.43167581179214665,10x_human_lymph_node_A1
Frozen_Encoder_DEC_Only,42,130,380,1.4355831146240234,0.219546377658844,3.022522449493408,0.3909103274345398,0.10281191766262054,0.12476341426372528,0.24027045115261095,0.37656667024475643,0.3008679449558258,0.42912887180702175,10x_human_lymph_node_A1
Frozen_Encoder_DEC_Only,42,131,381,1.4355031251907349,0.21945565938949585,3.0225157737731934,0.39090460538864136,0.10276100784540176,0.12477076053619385,0.24022968913538492,0.3758629410733165,0.3000921905040741,0.4284785002151048,10x_human_lymph_node_A1
Frozen_Encoder_DEC_Only,42,132,382,1.4355103969573975,0.21955463290214539,3.0225167274475098,0.3909640312194824,0.10271590203046799,0.12469413876533508,0.24038104987305509,0.3778361391455156,0.30056464672088623,0.43057694344737024,10x_human_lymph_node_A1
Frozen_Encoder_DEC_Only,42,133,383,1.4354735612869263,0.21937422454357147,3.0225272178649902,0.39091718196868896,0.10281385481357574,0.12471720576286316,0.23944977177106214,0.37551339520118177,0.30003032088279724,0.42811024757883875,10x_human_lymph_node_A1
Frozen_Encoder_DEC_Only,42,134,384,1.4358729124069214,0.21955199539661407,3.02254581451416,0.3909286558628082,0.10306637734174728,0.12491308897733688,0.2414424903556167,0.3784780113452517,0.30052050948143005,0.4312589832962289,10x_human_lymph_node_A1
Frozen_Encoder_DEC_Only,42,135,385,1.4358776807785034,0.21942280232906342,3.0225343704223633,0.39097490906715393,0.10308313369750977,0.12496352195739746,0.2404080068207436,0.37809297518382423,0.30063122510910034,0.43073798709691186,10x_human_lymph_node_A1
Frozen_Encoder_DEC_Only,42,136,386,1.4354932308197021,0.2194703221321106,3.0225324630737305,0.3909394145011902,0.10275343060493469,0.1247091293334961,0.24040858497537143,0.377560232000312,0.30025339126586914,0.4303089007220549,10x_human_lymph_node_A1
Frozen_Encoder_DEC_Only,42,137,387,1.4354881048202515,0.21942877769470215,3.0225114822387695,0.39093664288520813,0.102723129093647,0.12477701902389526,0.24113330275195785,0.37743886577422286,0.3002682626247406,0.43021870534433293,10x_human_lymph_node_A1
Frozen_Encoder_DEC_Only,42,138,388,1.4358389377593994,0.21947138011455536,3.0225272178649902,0.3909120559692383,0.10308314114809036,0.12493349611759186,0.24057636685770944,0.37700595309232027,0.30019688606262207,0.42978478904876266,10x_human_lymph_node_A1
Frozen_Encoder_DEC_Only,42,139,389,1.4354803562164307,0.21946044266223907,3.022514820098877,0.39088553190231323,0.10275094211101532,0.12476132810115814,0.24078438914718647,0.37762193016914186,0.299858421087265,0.4304766620938521,10x_human_lymph_node_A1
Frozen_Encoder_DEC_Only,42,140,390,1.4355592727661133,0.21949134767055511,3.022517681121826,0.3909231126308441,0.10281450301408768,0.12475716322660446,0.2406409759218638,0.37686218390011267,0.30030640959739685,0.42972107342894655,10x_human_lymph_node_A1
Frozen_Encoder_DEC_Only,42,141,391,1.4356223344802856,0.2195083647966385,3.022528648376465,0.3909044563770294,0.10283854603767395,0.12482625246047974,0.24016822027841198,0.3765753021429585,0.3000836670398712,0.4294485977054752,10x_human_lymph_node_A1
Frozen_Encoder_DEC_Only,42,142,392,1.4357810020446777,0.21942943334579468,3.022529125213623,0.39096799492836,0.10301578044891357,0.12488942593336105,0.24000275121446984,0.3763287632568878,0.299662321805954,0.42906034139085325,10x_human_lymph_node_A1
Frozen_Encoder_DEC_Only,42,143,393,1.4358093738555908,0.21944698691368103,3.0225203037261963,0.39094603061676025,0.10304775089025497,0.12491373717784882,0.2409196383610378,0.37845204802053967,0.29950734972953796,0.4313913830342149,10x_human_lymph_node_A1
Frozen_Encoder_DEC_Only,42,144,394,1.4355645179748535,0.21944040060043335,3.022521734237671,0.39094290137290955,0.10287422686815262,0.12472368776798248,0.2397099339391474,0.37625614181036343,0.3000466525554657,0.42904092947571165,10x_human_lymph_node_A1
Frozen_Encoder_DEC_Only,42,145,395,1.4358892440795898,0.2194475531578064,3.0225415229797363,0.3909682631492615,0.10309503227472305,0.12495283782482147,0.24085815513719536,0.3781015835517591,0.2996275722980499,0.4310970758689642,10x_human_lymph_node_A1
Frozen_Encoder_DEC_Only,42,146,396,1.435785174369812,0.2195999026298523,3.0225391387939453,0.3909030556678772,0.10300377011299133,0.12483551353216171,0.24080188842046865,0.3787138482519136,0.3006967306137085,0.43184316293434577,10x_human_lymph_node_A1
Frozen_Encoder_DEC_Only,42,147,397,1.435506820678711,0.21944423019886017,3.0225276947021484,0.39095693826675415,0.10279121994972229,0.124698206782341,0.24102757459556082,0.37793447920845114,0.29945382475852966,0.43084778233855087,10x_human_lymph_node_A1
Frozen_Encoder_DEC_Only,42,148,398,1.4355106353759766,0.21947219967842102,3.0225162506103516,0.3909226655960083,0.1028076708316803,0.12470646947622299,0.24118624933247584,0.37742198240105684,0.2997424602508545,0.4302562882214113,10x_human_lymph_node_A1
Frozen_Encoder_DEC_Only,42,149,399,1.4354568719863892,0.21947933733463287,3.022526264190674,0.39091575145721436,0.10270710289478302,0.12471936643123627,0.24002923349559535,0.3760875143623566,0.2998971939086914,0.4288050527258402,10x_human_lymph_node_A1
Frozen_Encoder_DEC_Only,42,150,400,1.4355218410491943,0.219526469707489,3.0225210189819336,0.390950083732605,0.10273541510105133,0.12472420930862427,0.23990826168841986,0.3768683432230216,0.2999357283115387,0.4297282988626887,10x_human_lymph_node_A1
Full_ARISE_v2,42,1,251,1.4521889686584473,0.27301090955734253,2.997755765914917,0.37917986512184143,0.09824813902378082,0.1367073357105255,0.13848040934671843,0.31147864557629407,0.28990939259529114,0.37383348053044196,10x_human_lymph_node_D1
Full_ARISE_v2,42,2,252,1.449858546257019,0.27330338954925537,2.9982619285583496,0.3787239193916321,0.0983818992972374,0.13643836975097656,0.13962509946523244,0.3120158514569088,0.29399123787879944,0.374614091960333,10x_human_lymph_node_D1
Full_ARISE_v2,42,3,253,1.447904348373413,0.2736537754535675,2.9987056255340576,0.378336638212204,0.09916902333498001,0.13630273938179016,0.14090271263528548,0.31445705716162453,0.30029913783073425,0.37769605655282995,10x_human_lymph_node_D1
Full_ARISE_v2,42,4,254,1.4459872245788574,0.2740620970726013,2.99933123588562,0.37833282351493835,0.0998409241437912,0.13599175214767456,0.14190260591396697,0.3157223661796432,0.30744853615760803,0.37928982700576314,10x_human_lymph_node_D1
Full_ARISE_v2,42,5,255,1.4439070224761963,0.27423834800720215,3.000399589538574,0.3782901465892792,0.10042747855186462,0.1355888396501541,0.14212116577156833,0.31614328098844097,0.3154113292694092,0.3796964848294398,10x_human_lymph_node_D1
Full_ARISE_v2,42,6,256,1.44174325466156,0.27433547377586365,3.0018298625946045,0.3783930540084839,0.1007976159453392,0.13506540656089783,0.1419738921670312,0.3170588335857954,0.32325053215026855,0.38082201272372335,10x_human_lymph_node_D1
Full_ARISE_v2,42,7,257,1.4393962621688843,0.274262398481369,3.002978801727295,0.37843361496925354,0.10129300504922867,0.13456785678863525,0.142177970594243,0.31818646885009966,0.33200541138648987,0.38206828428123196,10x_human_lymph_node_D1
Full_ARISE_v2,42,8,258,1.4369268417358398,0.2742869555950165,3.003598928451538,0.3782688081264496,0.10191354155540466,0.1342504620552063,0.1420503066214011,0.3183531529046664,0.34118348360061646,0.38213846481667246,10x_human_lymph_node_D1
Full_ARISE_v2,42,9,259,1.4346855878829956,0.2742660939693451,3.0044431686401367,0.3781091868877411,0.10269208252429962,0.1340465247631073,0.14135528232805136,0.3168743526373872,0.3504791259765625,0.3802733789691716,10x_human_lymph_node_D1
Full_ARISE_v2,42,10,260,1.432408332824707,0.27415451407432556,3.005518674850464,0.3779456913471222,0.10345109552145004,0.13376396894454956,0.14086207410992685,0.3173105598812336,0.35933640599250793,0.3808032894890279,10x_human_lymph_node_D1
Full_ARISE_v2,42,11,261,1.4300205707550049,0.27404019236564636,3.006455898284912,0.3780362904071808,0.10404589772224426,0.1333322674036026,0.1405450463708024,0.31695018416078835,0.36873748898506165,0.38032468803673203,10x_human_lymph_node_D1
Full_ARISE_v2,42,12,262,1.4273732900619507,0.2737920880317688,3.0070033073425293,0.3781018555164337,0.10462693870067596,0.13289225101470947,0.14150149063674747,0.31800912658617686,0.3778301179409027,0.38162732684158696,10x_human_lymph_node_D1
Full_ARISE_v2,42,13,263,1.42488694190979,0.2734989523887634,3.0074284076690674,0.37821024656295776,0.10547394305467606,0.13249793648719788,0.14126849121807886,0.3183513430843135,0.38699546456336975,0.3820382960830613,10x_human_lymph_node_D1
Full_ARISE_v2,42,14,264,1.4222153425216675,0.27313733100891113,3.0080082416534424,0.37836286425590515,0.10603106766939163,0.13202732801437378,0.14182973466455578,0.3197344547738547,0.3960935175418854,0.3837258315271936,10x_human_lymph_node_D1
Full_ARISE_v2,42,15,265,1.4196281433105469,0.272576242685318,3.008557081222534,0.37849146127700806,0.10682056099176407,0.13164260983467102,0.1404649028884652,0.31891334837065605,0.4050854742527008,0.38253237720672034,10x_human_lymph_node_D1
Full_ARISE_v2,42,16,266,1.4169509410858154,0.27195271849632263,3.0088865756988525,0.37858420610427856,0.10765880346298218,0.1312793791294098,0.14067822036123495,0.31995473732124147,0.4136444330215454,0.38375571452792934,10x_human_lymph_node_D1
Full_ARISE_v2,42,17,267,1.4143799543380737,0.2714259922504425,3.008976697921753,0.3786279857158661,0.10869335383176804,0.13098230957984924,0.1402664873024118,0.31967692588530455,0.4239426851272583,0.38336060700670493,10x_human_lymph_node_D1
Full_ARISE_v2,42,18,268,1.411588191986084,0.27075499296188354,3.009155750274658,0.3787086606025696,0.10946495085954666,0.13062651455402374,0.14057082661460937,0.321316158451443,0.4332764148712158,0.3853355929736887,10x_human_lymph_node_D1
Full_ARISE_v2,42,19,269,1.4089609384536743,0.2700417637825012,3.0094079971313477,0.37876683473587036,0.11041388660669327,0.13033641874790192,0.1400596761024436,0.3212010289985862,0.4424673020839691,0.3851381870481251,10x_human_lymph_node_D1
Full_ARISE_v2,42,20,270,1.4064226150512695,0.2692842483520508,3.0096192359924316,0.37874433398246765,0.11154678463935852,0.13011670112609863,0.14071754457809355,0.3233905986714254,0.45209604501724243,0.3878541511287425,10x_human_lymph_node_D1
Full_ARISE_v2,42,21,271,1.4038747549057007,0.26864954829216003,3.009772777557373,0.37879690527915955,0.11261170357465744,0.12979912757873535,0.14084736485186644,0.3230765575349915,0.4614676535129547,0.3874343271861852,10x_human_lymph_node_D1
Full_ARISE_v2,42,22,272,1.4010076522827148,0.26761022210121155,3.0098531246185303,0.37883618474006653,0.11352899670600891,0.1295100748538971,0.14011453559975037,0.3227189372107803,0.4710419774055481,0.38707459248258114,10x_human_lymph_node_D1
Full_ARISE_v2,42,23,273,1.3983497619628906,0.26688912510871887,3.0098865032196045,0.3788396716117859,0.11456886678934097,0.1292038857936859,0.14053567586508198,0.3232627883471839,0.4803400933742523,0.3877017447061915,10x_human_lymph_node_D1
Full_ARISE_v2,42,24,274,1.3954100608825684,0.26573294401168823,3.009995698928833,0.37891486287117004,0.11542269587516785,0.1288767158985138,0.13998409270612272,0.32344186319735924,0.489054799079895,0.3878678336768186,10x_human_lymph_node_D1
Full_ARISE_v2,42,25,275,1.3926191329956055,0.26478150486946106,3.0100743770599365,0.37894609570503235,0.1163051500916481,0.1286216378211975,0.1403469616795232,0.32505649917116264,0.4973835051059723,0.3898271310837069,10x_human_lymph_node_D1
Full_ARISE_v2,42,26,276,1.389816164970398,0.26397785544395447,3.010132074356079,0.37910330295562744,0.11698448657989502,0.12830603122711182,0.14022292582345225,0.32505966788846735,0.5065528750419617,0.3897501326997705,10x_human_lymph_node_D1
Full_ARISE_v2,42,27,277,1.3870325088500977,0.262939453125,3.0100972652435303,0.37900444865226746,0.11797446757555008,0.12817919254302979,0.13995855102886315,0.32464715022481627,0.5143490433692932,0.389207790152285,10x_human_lymph_node_D1
Full_ARISE_v2,42,28,278,1.3841785192489624,0.26208099722862244,3.0103819370269775,0.3792595863342285,0.11840352416038513,0.12781783938407898,0.13883424638967956,0.32379569243729484,0.5227093696594238,0.3882039650302623,10x_human_lymph_node_D1
Full_ARISE_v2,42,29,279,1.3842241764068604,0.26275673508644104,3.011698007583618,0.37927427887916565,0.12028767913579941,0.12866544723510742,0.1406277767096468,0.32563137229408734,0.5283236503601074,0.39047368823189205,10x_human_lymph_node_D1
Full_ARISE_v2,42,30,280,1.386171817779541,0.264212965965271,3.0159268379211426,0.3803533911705017,0.12150613963603973,0.12960344552993774,0.1389763609217578,0.32388518329576704,0.5315666794776917,0.38841335347723227,10x_human_lymph_node_D1
Full_ARISE_v2,42,31,281,1.386099100112915,0.2639622092247009,3.0207536220550537,0.37974968552589417,0.12297245115041733,0.12994660437107086,0.14066654924028266,0.32580391535140096,0.5378584265708923,0.3906148018883617,10x_human_lymph_node_D1
Full_ARISE_v2,42,32,282,1.374409794807434,0.2585431635379791,3.016709566116333,0.37962350249290466,0.11982406675815582,0.1266319453716278,0.13985494014144617,0.32617398160595473,0.5496315360069275,0.3911588747269497,10x_human_lymph_node_D1
Full_ARISE_v2,42,33,283,1.3718903064727783,0.259878933429718,3.0119876861572266,0.379497766494751,0.12083958089351654,0.12757006287574768,0.13843417484211584,0.3242067037970682,0.5530566573143005,0.38886182726628715,10x_human_lymph_node_D1
Full_ARISE_v2,42,34,284,1.3717188835144043,0.2596040964126587,3.0162336826324463,0.37911179661750793,0.12222310900688171,0.12795135378837585,0.14053364928965936,0.3259313523566587,0.5587069392204285,0.3908634634558288,10x_human_lymph_node_D1
Full_ARISE_v2,42,35,285,1.3641290664672852,0.2557058036327362,3.0150392055511475,0.37954166531562805,0.12030665576457977,0.12600937485694885,0.13841102303642788,0.32421644981429837,0.5669375061988831,0.3887862543294108,10x_human_lymph_node_D1
Full_ARISE_v2,42,36,286,1.3621406555175781,0.2572442293167114,3.0125982761383057,0.3798125982284546,0.12073058634996414,0.12639418244361877,0.13813509437861843,0.3239665375087098,0.5704390406608582,0.38860112832074045,10x_human_lymph_node_D1
Full_ARISE_v2,42,37,287,1.3594790697097778,0.2552347779273987,3.0149827003479004,0.37918058037757874,0.1215151846408844,0.12639471888542175,0.14045175774562293,0.3258243613121553,0.5765520334243774,0.3908393197466056,10x_human_lymph_node_D1
Full_ARISE_v2,42,38,288,1.3539328575134277,0.25329211354255676,3.0120301246643066,0.3792732357978821,0.12103142589330673,0.12573707103729248,0.13937416419196524,0.3252948192944691,0.5837565064430237,0.39020947506100334,10x_human_lymph_node_D1
Full_ARISE_v2,42,39,289,1.352423071861267,0.2543083727359772,3.0129737854003906,0.37983033061027527,0.12092963606119156,0.12550388276576996,0.13850644699598483,0.32428118105069537,0.5882264375686646,0.3889869471471973,10x_human_lymph_node_D1
Full_ARISE_v2,42,40,290,1.348073124885559,0.25179779529571533,3.012054681777954,0.37909403443336487,0.12160956114530563,0.12550640106201172,0.13915137711893635,0.3252257907805326,0.5944675803184509,0.390160966237968,10x_human_lymph_node_D1
Full_ARISE_v2,42,41,291,1.3443849086761475,0.2501993775367737,3.0110182762145996,0.37906092405319214,0.12201857566833496,0.12538264691829681,0.13886102987107782,0.3254633233868532,0.6003292202949524,0.3903846616313109,10x_human_lymph_node_D1
Full_ARISE_v2,42,42,292,1.3420575857162476,0.2508767247200012,3.0112855434417725,0.3796495795249939,0.12155670672655106,0.12490186840295792,0.1378159451806649,0.32359560027146095,0.6054977178573608,0.3881662004608404,10x_human_lymph_node_D1
Full_ARISE_v2,42,43,293,1.3378357887268066,0.24861982464790344,3.009861946105957,0.3792091906070709,0.12220953404903412,0.12488437443971634,0.1384625905292392,0.32469751294146526,0.6109105348587036,0.38945919962521414,10x_human_lymph_node_D1
Full_ARISE_v2,42,44,294,1.3344701528549194,0.24747951328754425,3.0101382732391357,0.37916475534439087,0.12212170660495758,0.12458406388759613,0.13834431685700255,0.3247808840350645,0.6166548728942871,0.3895685481347687,10x_human_lymph_node_D1
Full_ARISE_v2,42,45,295,1.331676721572876,0.24775342643260956,3.0089197158813477,0.3794301152229309,0.12215500324964523,0.1243705078959465,0.13814405699549182,0.32457044499192106,0.6213815808296204,0.3894190310158288,10x_human_lymph_node_D1
Full_ARISE_v2,42,46,296,1.3290263414382935,0.24627338349819183,3.009366273880005,0.37913283705711365,0.1231011301279068,0.12448027729988098,0.13841466451489082,0.3247562399234541,0.6261326670646667,0.3895394306241211,10x_human_lymph_node_D1
Full_ARISE_v2,42,47,297,1.3242628574371338,0.24430449306964874,3.008478879928589,0.3793475329875946,0.12241145968437195,0.12381340563297272,0.13816655056537597,0.3245031162601633,0.6325079798698425,0.3892788377378381,10x_human_lymph_node_D1
Full_ARISE_v2,42,48,298,1.3215947151184082,0.24394871294498444,3.0078914165496826,0.37917760014533997,0.12284314632415771,0.12392328679561615,0.13794691590295874,0.3242738819831848,0.6377102732658386,0.38905882131161684,10x_human_lymph_node_D1
Full_ARISE_v2,42,49,299,1.319318413734436,0.24348928034305573,3.0082967281341553,0.3791617155075073,0.12330793589353561,0.12393534183502197,0.13852512907063952,0.32416924182835005,0.6412174105644226,0.3888440950930106,10x_human_lymph_node_D1
Full_ARISE_v2,42,50,300,1.3157460689544678,0.24261458218097687,3.007434368133545,0.3793788254261017,0.1231435015797615,0.12352295219898224,0.1374095434446279,0.32401426329759314,0.6476908922195435,0.3887060245279865,10x_human_lymph_node_D1
Full_ARISE_v2,42,51,301,1.3122609853744507,0.24134889245033264,3.0072097778320312,0.37942931056022644,0.12304479628801346,0.12328518182039261,0.13826728690904738,0.3239903922983729,0.6512150168418884,0.3886644399041951,10x_human_lymph_node_D1
Full_ARISE_v2,42,52,302,1.3107348680496216,0.2408875674009323,3.0069756507873535,0.3788561224937439,0.12467974424362183,0.12406593561172485,0.13780626410478125,0.323837934048073,0.655646800994873,0.38859399334532724,10x_human_lymph_node_D1
Full_ARISE_v2,42,53,303,1.3094353675842285,0.24361294507980347,3.0072877407073975,0.38026347756385803,0.12338478863239288,0.12324255704879761,0.13810445567062213,0.3236446983532768,0.6574097871780396,0.3882542210095077,10x_human_lymph_node_D1
Full_ARISE_v2,42,54,304,1.3082096576690674,0.24245838820934296,3.0068764686584473,0.3790706694126129,0.12603524327278137,0.12467262893915176,0.13799172197118398,0.323995206459338,0.6608468890190125,0.38880955815637597,10x_human_lymph_node_D1
Full_ARISE_v2,42,55,305,1.301409363746643,0.23986278474330902,3.0060532093048096,0.3795762062072754,0.12360664457082748,0.12296168506145477,0.13867946821878238,0.3244238681685259,0.6673091053962708,0.3892210175720411,10x_human_lymph_node_D1
Full_ARISE_v2,42,56,306,1.2959606647491455,0.23622162640094757,3.005075454711914,0.3792097568511963,0.12375342845916748,0.12241503596305847,0.13797697714716117,0.32355670673720455,0.672597348690033,0.38820751518846086,10x_human_lymph_node_D1
Full_ARISE_v2,42,57,307,1.2949360609054565,0.23700343072414398,3.005133628845215,0.37894752621650696,0.12476067245006561,0.12298616766929626,0.13825701807705146,0.32437041856850185,0.6752607226371765,0.389266742633628,10x_human_lymph_node_D1
Full_ARISE_v2,42,58,308,1.292451024055481,0.23787368834018707,3.0050623416900635,0.3796846270561218,0.12379652261734009,0.12246076762676239,0.13855823989194188,0.3244493888372315,0.6785818338394165,0.38926283599898437,10x_human_lymph_node_D1
Full_ARISE_v2,42,59,309,1.287972331047058,0.23429839313030243,3.004673957824707,0.37906694412231445,0.12464768439531326,0.1224457323551178,0.13820889229205238,0.32393408496178294,0.684309184551239,0.3887255905887772,10x_human_lymph_node_D1
Full_ARISE_v2,42,60,310,1.2846012115478516,0.23365387320518494,3.0039584636688232,0.37897002696990967,0.12463854253292084,0.122105173766613,0.13823679635693475,0.3239897595573193,0.6875087022781372,0.38883398047114187,10x_human_lymph_node_D1
Full_ARISE_v2,42,61,311,1.2825182676315308,0.23424272239208221,3.0039501190185547,0.37948164343833923,0.1243557333946228,0.12186253070831299,0.13847332747503022,0.3238389933429728,0.6908474564552307,0.38850001967751013,10x_human_lymph_node_D1
Full_ARISE_v2,42,62,312,1.2800531387329102,0.23331725597381592,3.0038487911224365,0.3790736198425293,0.12515698373317719,0.12217803299427032,0.13757611581014212,0.32337058843678157,0.6956011652946472,0.3881074846316513,10x_human_lymph_node_D1
Full_ARISE_v2,42,63,313,1.2768633365631104,0.23275116086006165,3.003422260284424,0.37906327843666077,0.1251053810119629,0.12180561572313309,0.13848761587877445,0.3240803857949715,0.6977985501289368,0.38883994677983036,10x_human_lymph_node_D1
Full_ARISE_v2,42,64,314,1.274802565574646,0.23377841711044312,3.0029923915863037,0.37959665060043335,0.12471123784780502,0.12151406705379486,0.13843932924771454,0.3243551360603942,0.7023996114730835,0.3892743390278778,10x_human_lymph_node_D1
Full_ARISE_v2,42,65,315,1.276090145111084,0.23612011969089508,3.003361225128174,0.3790796995162964,0.1268422156572342,0.12290316075086594,0.13845611977784192,0.3243474025834937,0.7015690207481384,0.3891546842572649,10x_human_lymph_node_D1
Full_ARISE_v2,42,66,316,1.2755779027938843,0.2399667650461197,3.003427505493164,0.3797342777252197,0.12594696879386902,0.12252036482095718,0.13820652394900168,0.3243346085424208,0.7034668326377869,0.38922835125014754,10x_human_lymph_node_D1
Full_ARISE_v2,42,67,317,1.2688236236572266,0.2348993867635727,3.0025742053985596,0.3794722855091095,0.1255471557378769,0.12165418267250061,0.13844092568267014,0.32383453399859574,0.7072346210479736,0.3885498466287268,10x_human_lymph_node_D1
Full_ARISE_v2,42,68,318,1.2613223791122437,0.22955253720283508,3.0017330646514893,0.37914618849754333,0.12418114393949509,0.12098470330238342,0.13800631337513913,0.32373037678165856,0.7126696705818176,0.3885227070292965,10x_human_lymph_node_D1
Full_ARISE_v2,42,69,319,1.259143352508545,0.22998777031898499,3.001337766647339,0.3789958953857422,0.12441752851009369,0.12097769975662231,0.13846180798366964,0.32427913609818215,0.7146240472793579,0.389103859725797,10x_human_lymph_node_D1
Full_ARISE_v2,42,70,320,1.2583609819412231,0.23138822615146637,3.0012197494506836,0.3792048990726471,0.12520752847194672,0.12107579410076141,0.13817753684252165,0.32375594828426646,0.7159295082092285,0.3884804118375337,10x_human_lymph_node_D1
Full_ARISE_v2,42,71,321,1.2548083066940308,0.2304946631193161,3.001185417175293,0.3795839250087738,0.12444014102220535,0.12052936106920242,0.13795821115980858,0.3239084382050112,0.7202813029289246,0.38876060952737085,10x_human_lymph_node_D1
Full_ARISE_v2,42,72,322,1.248451590538025,0.2254491150379181,3.0000498294830322,0.37883177399635315,0.12452971935272217,0.12035156786441803,0.1385820118091469,0.3238697022753755,0.7247313261032104,0.38866308054775567,10x_human_lymph_node_D1
Full_ARISE_v2,42,73,323,1.246150255203247,0.22515563666820526,2.999675750732422,0.3787223696708679,0.1250668168067932,0.12040648609399796,0.1382494381194862,0.32360975436006595,0.7276315093040466,0.3883693730345809,10x_human_lymph_node_D1
Full_ARISE_v2,42,74,324,1.2461912631988525,0.22853393852710724,3.0004377365112305,0.37950098514556885,0.12470512092113495,0.12007978558540344,0.13810335778704894,0.3239092653122415,0.7297583222389221,0.3887788898678252,10x_human_lymph_node_D1
Full_ARISE_v2,42,75,325,1.2412927150726318,0.22476492822170258,2.9993765354156494,0.37883660197257996,0.12548589706420898,0.12006363272666931,0.138170915471478,0.32371490759932725,0.7327942848205566,0.38845975710011715,10x_human_lymph_node_D1
Full_ARISE_v2,42,76,326,1.2362124919891357,0.2217293232679367,2.9986014366149902,0.3786797821521759,0.12498878687620163,0.1198059618473053,0.1385313666241966,0.3238223723597496,0.7371649742126465,0.38861507132011874,10x_human_lymph_node_D1
Full_ARISE_v2,42,77,327,1.2354375123977661,0.22355584800243378,2.998828411102295,0.37918081879615784,0.1251721978187561,0.11962541937828064,0.13848002816915658,0.32407907434909927,0.7394586801528931,0.38898760036185487,10x_human_lymph_node_D1
Full_ARISE_v2,42,78,328,1.2334611415863037,0.2233896106481552,2.9981610774993896,0.37885236740112305,0.12634579837322235,0.11972179263830185,0.13848058094177199,0.3240920473289478,0.7402516603469849,0.38889691000338383,10x_human_lymph_node_D1
Full_ARISE_v2,42,79,329,1.2284032106399536,0.22066640853881836,2.9975616931915283,0.37902697920799255,0.12537869811058044,0.11928296834230423,0.1387744297265961,0.3239442765887205,0.7455083131790161,0.38880865781454216,10x_human_lymph_node_D1
Full_ARISE_v2,42,80,330,1.2258723974227905,0.220023512840271,2.997612953186035,0.37897932529449463,0.12551850080490112,0.11937190592288971,0.13876690588295543,0.32440731977959003,0.747467577457428,0.3894354154023085,10x_human_lymph_node_D1
Full_ARISE_v2,42,81,331,1.2233269214630127,0.2197534143924713,2.9970591068267822,0.3788016140460968,0.12603871524333954,0.11918989568948746,0.1387720224192882,0.3242391520454893,0.7494510412216187,0.3890856732387585,10x_human_lymph_node_D1
Full_ARISE_v2,42,82,332,1.2196543216705322,0.2184406965970993,2.9965903759002686,0.3789982795715332,0.1255931556224823,0.11887294054031372,0.13865647680822332,0.32385386037449054,0.7532138824462891,0.38870194244515166,10x_human_lymph_node_D1
Full_ARISE_v2,42,83,333,1.2180545330047607,0.21866075694561005,2.9966938495635986,0.37899085879325867,0.12605908513069153,0.11911558359861374,0.1385065294583294,0.3242686708534418,0.7541576027870178,0.3892437230123797,10x_human_lymph_node_D1
Full_ARISE_v2,42,84,334,1.2160232067108154,0.2192429155111313,2.996288776397705,0.3788043260574341,0.12638726830482483,0.11901947855949402,0.1389305215268899,0.32502077780778654,0.755660355091095,0.3900547369019126,10x_human_lymph_node_D1
Full_ARISE_v2,42,85,335,1.2122241258621216,0.21712514758110046,2.9957005977630615,0.3789425194263458,0.12648457288742065,0.1187797263264656,0.13879174595306265,0.32529127826190624,0.7589237689971924,0.39045119480466356,10x_human_lymph_node_D1
Full_ARISE_v2,42,86,336,1.2087713479995728,0.21663925051689148,2.9955482482910156,0.37932974100112915,0.1255767047405243,0.11816172301769257,0.13812582786971098,0.32360394709177803,0.7620148658752441,0.38844123312888956,10x_human_lymph_node_D1
Full_ARISE_v2,42,87,337,1.2066936492919922,0.21542291343212128,2.995128870010376,0.37809133529663086,0.12758104503154755,0.11885569989681244,0.13916635004090622,0.3250514355832616,0.762820303440094,0.39012857992008665,10x_human_lymph_node_D1
Full_ARISE_v2,42,88,338,1.2019915580749512,0.21378527581691742,2.9947028160095215,0.3791259229183197,0.12577778100967407,0.117902472615242,0.13813151921215433,0.32359668167878847,0.7677211761474609,0.3884260550145267,10x_human_lymph_node_D1
Full_ARISE_v2,42,89,339,1.1994411945343018,0.21332037448883057,2.9945459365844727,0.3790064752101898,0.12600240111351013,0.11786074936389923,0.13880164903335745,0.324621228302495,0.7697293758392334,0.38964315075505157,10x_human_lymph_node_D1
Full_ARISE_v2,42,90,340,1.1981674432754517,0.2131805717945099,2.9944534301757812,0.37800610065460205,0.12777702510356903,0.11855833977460861,0.13917439665264414,0.32506771643086463,0.7702392935752869,0.3901433431322954,10x_human_lymph_node_D1
Full_ARISE_v2,42,91,341,1.1942287683486938,0.21334438025951385,2.993938684463501,0.37947091460227966,0.1253497451543808,0.11736893653869629,0.13812582786971098,0.32360394709177803,0.7728666663169861,0.38844123312888956,10x_human_lymph_node_D1
Full_ARISE_v2,42,92,342,1.1916298866271973,0.21120108664035797,2.9933090209960938,0.37847840785980225,0.12731611728668213,0.11802379041910172,0.13836558588650827,0.32394546968959365,0.7764688730239868,0.388824571140386,10x_human_lymph_node_D1
Full_ARISE_v2,42,93,343,1.189776062965393,0.21249784529209137,2.9931299686431885,0.3785687983036041,0.12694233655929565,0.11781348288059235,0.13884490111573491,0.3249894900335355,0.7771477699279785,0.39005370447413834,10x_human_lymph_node_D1
Full_ARISE_v2,42,94,344,1.1881722211837769,0.2134869545698166,2.9931392669677734,0.3792162239551544,0.1265561282634735,0.11758644878864288,0.13831938178098438,0.3241366061085643,0.7782138586044312,0.38909753838239597,10x_human_lymph_node_D1
Full_ARISE_v2,42,95,345,1.1871426105499268,0.21466153860092163,2.992659330368042,0.3785600960254669,0.12763136625289917,0.11801424622535706,0.13916500391501627,0.3248575358308646,0.7793484926223755,0.38995045419493235,10x_human_lymph_node_D1
Full_ARISE_v2,42,96,346,1.1861902475357056,0.21612797677516937,2.9925336837768555,0.37875235080718994,0.12794993817806244,0.11804988980293274,0.13829871338768082,0.3239613578228806,0.779845118522644,0.38885012842602634,10x_human_lymph_node_D1
Full_ARISE_v2,42,97,347,1.1828038692474365,0.21706561744213104,2.992063045501709,0.37962040305137634,0.12579770386219025,0.11718538403511047,0.13861647994582205,0.32401985688471097,0.7823700308799744,0.38894068410012017,10x_human_lymph_node_D1
Full_ARISE_v2,42,98,348,1.1785467863082886,0.2123509794473648,2.9913032054901123,0.3779861629009247,0.12814390659332275,0.11804211139678955,0.1389746114670285,0.32478937091293886,0.7821769118309021,0.389874196510138,10x_human_lymph_node_D1
Full_ARISE_v2,42,99,349,1.1721071004867554,0.20961709320545197,2.990676164627075,0.3790174126625061,0.1255549192428589,0.11652873456478119,0.13904871193889345,0.3255405822561128,0.7857455611228943,0.39076236385917457,10x_human_lymph_node_D1
Full_ARISE_v2,42,100,350,1.1691875457763672,0.20857881009578705,2.9903817176818848,0.37904292345046997,0.12558285892009735,0.11654308438301086,0.13886021043248664,0.32541579640903473,0.7883144617080688,0.390603087402893,10x_human_lymph_node_D1
Full_ARISE_v2,42,101,351,1.1688721179962158,0.20909565687179565,2.99042010307312,0.37794727087020874,0.12790441513061523,0.11737877130508423,0.13893691383731582,0.3248008243778728,0.7894286513328552,0.38985447489746705,10x_human_lymph_node_D1
Full_ARISE_v2,42,102,352,1.1665066480636597,0.21075579524040222,2.9901583194732666,0.37924724817276,0.12613920867443085,0.11636870354413986,0.13891219656465245,0.32460250538827135,0.7910513877868652,0.3896564743478469,10x_human_lymph_node_D1
Full_ARISE_v2,42,103,353,1.16409170627594,0.20962195098400116,2.9900734424591064,0.3789447546005249,0.12681637704372406,0.11669418960809708,0.13845434693519948,0.32435320740456325,0.7915028929710388,0.38938692047078705,10x_human_lymph_node_D1
Full_ARISE_v2,42,104,354,1.1610527038574219,0.20835912227630615,2.989544153213501,0.3779946267604828,0.12750792503356934,0.11710245907306671,0.1386264460015707,0.3242767902220083,0.7937676310539246,0.38924655957575993,10x_human_lymph_node_D1
Full_ARISE_v2,42,105,355,1.1565841436386108,0.2066982537508011,2.989067316055298,0.37905779480934143,0.12610717117786407,0.11606519669294357,0.13869190190227518,0.3246051037344511,0.7963615655899048,0.38969536874058625,10x_human_lymph_node_D1
Full_ARISE_v2,42,106,356,1.1534476280212402,0.20585830509662628,2.988405227661133,0.3786526918411255,0.12629513442516327,0.11602626740932465,0.13890415966307687,0.3248564682454994,0.7977797985076904,0.3899608703753867,10x_human_lymph_node_D1
Full_ARISE_v2,42,107,357,1.1519858837127686,0.2058042585849762,2.98811674118042,0.37790215015411377,0.12758862972259521,0.11660972237586975,0.1388612255347025,0.3249968197188141,0.798789918422699,0.3901262087829205,10x_human_lymph_node_D1
Full_ARISE_v2,42,108,358,1.149432897567749,0.2065005600452423,2.9880800247192383,0.37921738624572754,0.1261574923992157,0.11568842083215714,0.13825429293528746,0.32426045551642985,0.799659013748169,0.38929489810090495,10x_human_lymph_node_D1
Full_ARISE_v2,42,109,359,1.146376609802246,0.2051977962255478,2.9872968196868896,0.37837478518486023,0.12695074081420898,0.11601795256137848,0.1390190291683836,0.32472644146129886,0.8021537065505981,0.3898352661117174,10x_human_lymph_node_D1
Full_ARISE_v2,42,110,360,1.1434212923049927,0.2031441628932953,2.987265110015869,0.37790530920028687,0.1277696043252945,0.11637698858976364,0.1386725961966922,0.3246071563436869,0.8042585849761963,0.3896917406961073,10x_human_lymph_node_D1
Full_ARISE_v2,42,111,361,1.1409680843353271,0.20484676957130432,2.9873459339141846,0.3794383704662323,0.12585791945457458,0.11492244899272919,0.13872580461067202,0.32532544495955745,0.8040857911109924,0.3905513124898523,10x_human_lymph_node_D1
Full_ARISE_v2,42,112,362,1.1398167610168457,0.20394639670848846,2.9869275093078613,0.37776434421539307,0.12863509356975555,0.11609148979187012,0.13891164065267556,0.3248529941287466,0.8038292527198792,0.3899723051560716,10x_human_lymph_node_D1
Full_ARISE_v2,42,113,363,1.1356114149093628,0.20320764183998108,2.9864907264709473,0.37873876094818115,0.12662489712238312,0.11526340246200562,0.13892337770044705,0.32562177402130854,0.8074793815612793,0.39088002954820106,10x_human_lymph_node_D1
Full_ARISE_v2,42,114,364,1.1319966316223145,0.20156104862689972,2.9855751991271973,0.37861326336860657,0.12674355506896973,0.11518395692110062,0.13899694904396842,0.32554519308123164,0.8100727200508118,0.3907982870241942,10x_human_lymph_node_D1
Full_ARISE_v2,42,115,365,1.129615306854248,0.20053115487098694,2.98512601852417,0.3779682219028473,0.12784697115421295,0.11550465226173401,0.13899145579847075,0.3249263108328931,0.8108556866645813,0.39006227651450026,10x_human_lymph_node_D1
Full_ARISE_v2,42,116,366,1.1268128156661987,0.201019749045372,2.9849965572357178,0.37887808680534363,0.1264800727367401,0.11476069688796997,0.13870969387974305,0.32449998695033233,0.8128611445426941,0.38957675748392184,10x_human_lymph_node_D1
Full_ARISE_v2,42,117,367,1.12455415725708,0.1996207982301712,2.9845707416534424,0.37800583243370056,0.12806499004364014,0.11528395116329193,0.13922646890782933,0.3258223864213138,0.8133686780929565,0.39112438200603944,10x_human_lymph_node_D1
Full_ARISE_v2,42,118,368,1.1220242977142334,0.20032837986946106,2.9842896461486816,0.3785471022129059,0.12709346413612366,0.11473583430051804,0.1389968228151029,0.32556755591345643,0.8146399259567261,0.3908356683947426,10x_human_lymph_node_D1
Full_ARISE_v2,42,119,369,1.1202070713043213,0.2003161907196045,2.9840331077575684,0.3785651922225952,0.12741123139858246,0.11496064066886902,0.13883787845525786,0.32544797092098793,0.8157888650894165,0.3906923281422736,10x_human_lymph_node_D1
Full_ARISE_v2,42,120,370,1.1183022260665894,0.20051820576190948,2.9836833477020264,0.3782225251197815,0.12791350483894348,0.11508147418498993,0.13900925384086138,0.3248211827541742,0.8171496391296387,0.3899436652578357,10x_human_lymph_node_D1
Full_ARISE_v2,42,121,371,1.1154556274414062,0.1999182105064392,2.9833192825317383,0.37856337428092957,0.12766894698143005,0.11474534869194031,0.13823069127794424,0.3239368400043618,0.8175567984580994,0.3888850252646383,10x_human_lymph_node_D1
Full_ARISE_v2,42,122,372,1.1122026443481445,0.199264794588089,2.982776165008545,0.3785077631473541,0.1272793710231781,0.11451505869626999,0.13903766491645256,0.3247236471585127,0.8205195069313049,0.389837833814123,10x_human_lymph_node_D1
Full_ARISE_v2,42,123,373,1.1101542711257935,0.19841626286506653,2.9824564456939697,0.3779095411300659,0.1284107267856598,0.11494820564985275,0.1387245018961895,0.32485375649996423,0.8209766745567322,0.389972787140202,10x_human_lymph_node_D1
Full_ARISE_v2,42,124,374,1.109180212020874,0.20210051536560059,2.9822959899902344,0.3789944052696228,0.12665630877017975,0.11404049396514893,0.13869190190227518,0.3246051037344511,0.8209366798400879,0.38969536874058625,10x_human_lymph_node_D1
Full_ARISE_v2,42,125,375,1.1095311641693115,0.2029249668121338,2.982426166534424,0.3779708743095398,0.12900760769844055,0.11514890193939209,0.13867560956506683,0.3246635976582143,0.8202674388885498,0.38975436265342595,10x_human_lymph_node_D1
Full_ARISE_v2,42,126,376,1.1086194515228271,0.2060117870569229,2.9825925827026367,0.37840208411216736,0.127831369638443,0.11470206081867218,0.13886878062187352,0.3245971774201005,0.8203281760215759,0.38968271636584245,10x_human_lymph_node_D1
Full_ARISE_v2,42,127,377,1.1050528287887573,0.20413459837436676,2.982666492462158,0.37896522879600525,0.1274671107530594,0.11419621109962463,0.13849575567478958,0.3252839858369072,0.8199474215507507,0.3904913966653085,10x_human_lymph_node_D1
Full_ARISE_v2,42,128,378,1.0990710258483887,0.199192613363266,2.9822211265563965,0.3777737617492676,0.1276797205209732,0.114507757127285,0.13898667628396838,0.32553794087514937,0.8228572010993958,0.39078597886486066,10x_human_lymph_node_D1
Full_ARISE_v2,42,129,379,1.0938477516174316,0.196333110332489,2.9817593097686768,0.3784209191799164,0.12649260461330414,0.11367695033550262,0.13867017114613125,0.32534471474265714,0.8247504830360413,0.3905753731851103,10x_human_lymph_node_D1
Full_ARISE_v2,42,130,380,1.0925137996673584,0.19749894738197327,2.981081008911133,0.3785470724105835,0.12683787941932678,0.11352811008691788,0.1390741106318636,0.3258531109293131,0.8249651789665222,0.39115334716050515,10x_human_lymph_node_D1
Full_ARISE_v2,42,131,381,1.092391848564148,0.19926124811172485,2.980172872543335,0.37792134284973145,0.1281861513853073,0.1142621859908104,0.1390150849802621,0.3254403800493226,0.8258081674575806,0.39068014742114787,10x_human_lymph_node_D1
Full_ARISE_v2,42,132,382,1.0897847414016724,0.19948409497737885,2.9799067974090576,0.3785027265548706,0.12742368876934052,0.11371606588363647,0.13876595285651816,0.32552576157174606,0.8254146575927734,0.39077538275037116,10x_human_lymph_node_D1
Full_ARISE_v2,42,133,383,1.085644006729126,0.1975419670343399,2.9789273738861084,0.37831971049308777,0.12734456360340118,0.1134352833032608,0.1390150849802621,0.3254403800493226,0.8264118432998657,0.39068014742114787,10x_human_lymph_node_D1
Full_ARISE_v2,42,134,384,1.0810383558273315,0.19427599012851715,2.9784739017486572,0.3778688609600067,0.1273392289876938,0.11362959444522858,0.13885601122141794,0.3253431626849202,0.8295444250106812,0.39057418853922726,10x_human_lymph_node_D1
Full_ARISE_v2,42,135,385,1.0793805122375488,0.19585421681404114,2.9784398078918457,0.37832877039909363,0.12651845812797546,0.11319223791360855,0.13876595285651816,0.32552576157174606,0.8300155997276306,0.39077538275037116,10x_human_lymph_node_D1
Full_ARISE_v2,42,136,386,1.0787850618362427,0.19695189595222473,2.9780690670013428,0.3782098591327667,0.12768611311912537,0.11330115795135498,0.13888401768107766,0.3253372248977242,0.8288437724113464,0.39056696432953614,10x_human_lymph_node_D1
Full_ARISE_v2,42,137,387,1.0753906965255737,0.19496580958366394,2.9778177738189697,0.377817839384079,0.12799562513828278,0.1134939193725586,0.13876595285651816,0.32552576157174606,0.8312421441078186,0.39077538275037116,10x_human_lymph_node_D1
Full_ARISE_v2,42,138,388,1.070667028427124,0.1928749531507492,2.977350950241089,0.37837013602256775,0.12683451175689697,0.11271855235099792,0.13885601122141794,0.3253431626849202,0.8337960839271545,0.39057418853922726,10x_human_lymph_node_D1
Full_ARISE_v2,42,139,389,1.0687650442123413,0.19228999316692352,2.977419853210449,0.37785324454307556,0.12763534486293793,0.11310842633247375,0.13885601122141794,0.3253431626849202,0.8353701233863831,0.39057418853922726,10x_human_lymph_node_D1
Full_ARISE_v2,42,140,390,1.0683531761169434,0.1943335086107254,2.977403163909912,0.3780403435230255,0.12789872288703918,0.11303653568029404,0.13876595285651816,0.32552576157174606,0.8337581753730774,0.39077538275037116,10x_human_lymph_node_D1
Full_ARISE_v2,42,141,391,1.0657265186309814,0.19457080960273743,2.9764785766601562,0.37826716899871826,0.1275242269039154,0.11268369853496552,0.13872493525962973,0.3252400130228692,0.8345416188240051,0.39046100544761553,10x_human_lymph_node_D1
Full_ARISE_v2,42,142,392,1.061560034751892,0.1915217936038971,2.9759011268615723,0.3777565062046051,0.1279611885547638,0.11294260621070862,0.13879435395462092,0.3254282021023558,0.8381569385528564,0.3906695513066583,10x_human_lymph_node_D1
Full_ARISE_v2,42,143,393,1.058658242225647,0.19083169102668762,2.975987195968628,0.37821975350379944,0.1275576502084732,0.11237947642803192,0.13869856985507262,0.32524716482985905,0.8390032649040222,0.3904695417413975,10x_human_lymph_node_D1
Full_ARISE_v2,42,144,394,1.0575811862945557,0.19176892936229706,2.9763121604919434,0.3779199719429016,0.12794093787670135,0.11256800591945648,0.13872493525962973,0.3252400130228692,0.8384917974472046,0.39046100544761553,10x_human_lymph_node_D1
Full_ARISE_v2,42,145,395,1.0555191040039062,0.19194288551807404,2.975642681121826,0.37803563475608826,0.12797917425632477,0.11256378889083862,0.13879435395462092,0.3254282021023558,0.8393473029136658,0.3906695513066583,10x_human_lymph_node_D1
Full_ARISE_v2,42,146,396,1.0525540113449097,0.19149644672870636,2.974320888519287,0.3780943751335144,0.1280093491077423,0.11230242252349854,0.13869653615853045,0.32533756271670244,0.8408398032188416,0.3905668368913284,10x_human_lymph_node_D1
Full_ARISE_v2,42,147,397,1.0498712062835693,0.1905100792646408,2.9740841388702393,0.37780648469924927,0.12825055420398712,0.11248523741960526,0.13872493525962973,0.3252400130228692,0.8418270945549011,0.39046100544761553,10x_human_lymph_node_D1
Full_ARISE_v2,42,148,398,1.048637866973877,0.1923360824584961,2.974579334259033,0.37834805250167847,0.12739576399326324,0.11202096194028854,0.13859056782745088,0.32529882592477327,0.8413758873939514,0.39052408272327166,10x_human_lymph_node_D1
Full_ARISE_v2,42,149,399,1.0490285158157349,0.19332078099250793,2.9742918014526367,0.37752509117126465,0.12968431413173676,0.1129220649600029,0.13878559608879448,0.325390716390233,0.8385189771652222,0.3906319829811802,10x_human_lymph_node_D1
Full_ARISE_v2,42,150,400,1.0487686395645142,0.1979602575302124,2.973822832107544,0.37904325127601624,0.127346470952034,0.11220144480466843,0.1387152381728997,0.32538261289329545,0.8404666185379028,0.3906184785657329,10x_human_lymph_node_D1
wo_Potts_MRF,42,1,251,1.4404596090316772,0.2501120865345001,2.9970736503601074,0.37919121980667114,0.09823774546384811,0.1366954743862152,0.1411237986106526,0.3146080197423539,0.2853004038333893,0.3731378888517731,10x_human_lymph_node_D1
wo_Potts_MRF,42,2,252,1.4380825757980347,0.2504296600818634,2.997654914855957,0.3789941370487213,0.09817694872617722,0.13626012206077576,0.14184592779922356,0.3164526022323222,0.28939273953437805,0.37547601492168925,10x_human_lymph_node_D1
wo_Potts_MRF,42,3,253,1.4358813762664795,0.2507566511631012,2.9981815814971924,0.37895554304122925,0.09853023290634155,0.1358460634946823,0.1426520395765916,0.31727098269654425,0.2956196367740631,0.3764043697566883,10x_human_lymph_node_D1
wo_Potts_MRF,42,4,254,1.433784008026123,0.25104478001594543,2.9986090660095215,0.3789714574813843,0.09918376058340073,0.13551464676856995,0.1424791962283894,0.31739242662756795,0.3029979169368744,0.3765857318924205,10x_human_lymph_node_D1
wo_Potts_MRF,42,5,255,1.4319084882736206,0.2511865198612213,2.9997243881225586,0.3789771795272827,0.10003434121608734,0.13515698909759521,0.14500864615510933,0.3199795566387061,0.31146055459976196,0.37961875222776026,10x_human_lymph_node_D1
wo_Potts_MRF,42,6,256,1.4301294088363647,0.2512875199317932,3.0012001991271973,0.378986656665802,0.10091526806354523,0.13481643795967102,0.14467346280359017,0.32011179680519786,0.32046273350715637,0.37975073081347893,10x_human_lymph_node_D1
wo_Potts_MRF,42,7,257,1.4280917644500732,0.2512974143028259,3.0021984577178955,0.378967821598053,0.1018579825758934,0.13447728753089905,0.14462568465155545,0.32108611521120395,0.329364150762558,0.38078868929599663,10x_human_lymph_node_D1
wo_Potts_MRF,42,8,258,1.4258322715759277,0.25142598152160645,3.0028512477874756,0.37882000207901,0.10267051309347153,0.13422130048274994,0.14500244884218574,0.32159162941602965,0.3383261263370514,0.3814312052952057,10x_human_lymph_node_D1
wo_Potts_MRF,42,9,259,1.4237593412399292,0.25152015686035156,3.0038959980010986,0.3786313533782959,0.10349244624376297,0.1340971738100052,0.14484721781771343,0.32193099280280696,0.3476637005805969,0.3817936840890395,10x_human_lymph_node_D1
wo_Potts_MRF,42,10,260,1.421585202217102,0.25162842869758606,3.004929542541504,0.3785091042518616,0.10420718044042587,0.1338806003332138,0.14401421025953468,0.32188262256680167,0.3558187484741211,0.3818084305511696,10x_human_lymph_node_D1
wo_Potts_MRF,42,11,261,1.419150471687317,0.2516806125640869,3.005566358566284,0.3785555362701416,0.10474313795566559,0.13358096778392792,0.14325932265500663,0.32249854061923144,0.36459967494010925,0.38257665469974683,10x_human_lymph_node_D1
wo_Potts_MRF,42,12,262,1.4165067672729492,0.25146302580833435,3.0060811042785645,0.3786354959011078,0.10527358949184418,0.13322848081588745,0.14292487285181035,0.32264281941108885,0.3738152086734772,0.38277550577705044,10x_human_lymph_node_D1
wo_Potts_MRF,42,13,263,1.4141005277633667,0.25125551223754883,3.006768226623535,0.3788098096847534,0.1060129851102829,0.13282591104507446,0.14286793481741056,0.3230330661108928,0.38268181681632996,0.38327349003686073,10x_human_lymph_node_D1
wo_Potts_MRF,42,14,264,1.4114596843719482,0.250957727432251,3.007378339767456,0.3789704442024231,0.10652466863393784,0.13242113590240479,0.1419275090158992,0.3218382502024316,0.3915420472621918,0.38167010336154117,10x_human_lymph_node_D1
wo_Potts_MRF,42,15,265,1.4087584018707275,0.2504522204399109,3.00771164894104,0.3792058229446411,0.10721107572317123,0.13200156390666962,0.14196473202328264,0.3218038426654165,0.399688720703125,0.3816054885522441,10x_human_lymph_node_D1
wo_Potts_MRF,42,16,266,1.4060722589492798,0.25000283122062683,3.0079197883605957,0.3792896270751953,0.10796628892421722,0.13170239329338074,0.14295653093447197,0.32311550677366746,0.4081089198589325,0.38310677835539086,10x_human_lymph_node_D1
wo_Potts_MRF,42,17,267,1.4035388231277466,0.24958696961402893,3.008180856704712,0.37936660647392273,0.10884162783622742,0.13144828379154205,0.14328422570543678,0.3239240868906301,0.4174531400203705,0.38418811161775696,10x_human_lymph_node_D1
wo_Potts_MRF,42,18,268,1.4007527828216553,0.24898815155029297,3.0084683895111084,0.3794310390949249,0.10950664430856705,0.1311500072479248,0.14325177716626378,0.3236370795067599,0.4264381229877472,0.38383119319523407,10x_human_lymph_node_D1
wo_Potts_MRF,42,19,269,1.3980849981307983,0.24839302897453308,3.0086019039154053,0.37937262654304504,0.11037728190422058,0.13101458549499512,0.1436840709377882,0.32415355193773604,0.4345695972442627,0.3845360696871741,10x_human_lymph_node_D1
wo_Potts_MRF,42,20,270,1.3954352140426636,0.2477755844593048,3.0086891651153564,0.379381388425827,0.11131072044372559,0.130808025598526,0.1422249013467355,0.3239769498694882,0.443783700466156,0.38426409398396183,10x_human_lymph_node_D1
wo_Potts_MRF,42,21,271,1.3927538394927979,0.2470579743385315,3.0088400840759277,0.3794553577899933,0.1122187003493309,0.13054108619689941,0.14103571528094125,0.32269586639052494,0.45249199867248535,0.3827196837396025,10x_human_lymph_node_D1
wo_Potts_MRF,42,22,272,1.38988196849823,0.24624431133270264,3.008971929550171,0.3795241713523865,0.11292606592178345,0.13026335835456848,0.14079805092956127,0.3229312589629493,0.4610251784324646,0.38296156002866893,10x_human_lymph_node_D1
wo_Potts_MRF,42,23,273,1.387026309967041,0.2454208880662918,3.009030818939209,0.37952721118927,0.1137467697262764,0.12999388575553894,0.14151983229514942,0.32361191688442614,0.46971940994262695,0.38389474621157305,10x_human_lymph_node_D1
wo_Potts_MRF,42,24,274,1.3841617107391357,0.24466262757778168,3.009070634841919,0.37963005900382996,0.11440292745828629,0.12971918284893036,0.14052725285834794,0.32284470225025574,0.47827181220054626,0.3828850049029526,10x_human_lymph_node_D1
wo_Potts_MRF,42,25,275,1.3811089992523193,0.2436198741197586,3.009093999862671,0.379706472158432,0.11501000821590424,0.12945657968521118,0.140884760092905,0.3232353928841755,0.4867126941680908,0.38344977041587464,10x_human_lymph_node_D1
wo_Potts_MRF,42,26,276,1.3783226013183594,0.2429955005645752,3.009105682373047,0.37972843647003174,0.11563186347484589,0.1292818784713745,0.14082411618071006,0.32348619953528296,0.4945438802242279,0.3837628525289003,10x_human_lymph_node_D1
wo_Potts_MRF,42,27,277,1.3754032850265503,0.24210400879383087,3.009122133255005,0.3797385096549988,0.11628443002700806,0.1290832757949829,0.13952922041813187,0.3228068828838798,0.5023953318595886,0.3829527934024115,10x_human_lymph_node_D1
wo_Potts_MRF,42,28,278,1.3728066682815552,0.24155457317829132,3.0093297958374023,0.3797977864742279,0.11683625727891922,0.12900899350643158,0.1410831500272108,0.3235416390450923,0.5092207789421082,0.38381262943268435,10x_human_lymph_node_D1
wo_Potts_MRF,42,29,279,1.370736837387085,0.24105866253376007,3.010366439819336,0.380219966173172,0.11737875640392303,0.12882915139198303,0.13933891980592306,0.32316313835482074,0.5165831446647644,0.38319487611108716,10x_human_lymph_node_D1
wo_Potts_MRF,42,30,280,1.3712435960769653,0.2419200837612152,3.012547731399536,0.38018643856048584,0.1191006675362587,0.12992894649505615,0.14216843770973084,0.32468871814487915,0.5190258026123047,0.38514208937853517,10x_human_lymph_node_D1
wo_Potts_MRF,42,31,281,1.3685736656188965,0.24118196964263916,3.014854907989502,0.38073256611824036,0.11867464333772659,0.12912990152835846,0.1402911512096537,0.3242669598488876,0.5259479284286499,0.3844784928721441,10x_human_lymph_node_D1
wo_Potts_MRF,42,32,282,1.362810492515564,0.23895688354969025,3.013058662414551,0.37998297810554504,0.11830900609493256,0.12852121889591217,0.1420060398495178,0.3250725186361793,0.5341014862060547,0.38574919765848525,10x_human_lymph_node_D1
wo_Potts_MRF,42,33,283,1.3567861318588257,0.23735998570919037,3.009152412414551,0.38013339042663574,0.11760079115629196,0.12770754098892212,0.1409222131896066,0.32466372819840583,0.5405071973800659,0.38511486445305954,10x_human_lymph_node_D1
wo_Potts_MRF,42,34,284,1.355380892753601,0.23775477707386017,3.009859085083008,0.38030222058296204,0.11830318719148636,0.12796762585639954,0.14064790420526344,0.3254841227407439,0.5443999171257019,0.38601097772764137,10x_human_lymph_node_D1
wo_Potts_MRF,42,35,285,1.3532323837280273,0.23711112141609192,3.0117805004119873,0.38015949726104736,0.11862963438034058,0.12793245911598206,0.14143788173015448,0.32536336356480017,0.5497406721115112,0.3859446283032068,10x_human_lymph_node_D1
wo_Potts_MRF,42,36,286,1.347092866897583,0.23461833596229553,3.0092639923095703,0.38018599152565,0.11791666597127914,0.1269609034061432,0.14123886198432042,0.3267072016592366,0.5572317242622375,0.38748146353871177,10x_human_lymph_node_D1
wo_Potts_MRF,42,37,287,1.3443007469177246,0.23463816940784454,3.0084023475646973,0.3803843855857849,0.11805427074432373,0.1268753856420517,0.1405003849672369,0.3242966947657419,0.5625852346420288,0.38464951354650717,10x_human_lymph_node_D1
wo_Potts_MRF,42,38,288,1.3429734706878662,0.2347269356250763,3.0097439289093018,0.38023051619529724,0.11882179230451584,0.12730443477630615,0.14101539661727014,0.32530693029869306,0.5665361881256104,0.3859597249338351,10x_human_lymph_node_D1
wo_Potts_MRF,42,39,289,1.3377044200897217,0.2326314002275467,3.008147954940796,0.3802782893180847,0.11835630238056183,0.1264570951461792,0.14034259797018994,0.32494197509098377,0.5734812617301941,0.3854927109154979,10x_human_lymph_node_D1
wo_Potts_MRF,42,40,290,1.3340848684310913,0.23165249824523926,3.0074784755706787,0.3802356719970703,0.11830566078424454,0.12623891234397888,0.14072634531841322,0.32525143664376505,0.5791422128677368,0.38584151110243664,10x_human_lymph_node_D1
wo_Potts_MRF,42,41,291,1.332419991493225,0.23180922865867615,3.0075931549072266,0.3800591230392456,0.11914443224668503,0.12672147154808044,0.1408502256846047,0.32530392993620577,0.5824504494667053,0.3859664783313278,10x_human_lymph_node_D1
wo_Potts_MRF,42,42,292,1.3287556171417236,0.2312564104795456,3.006967067718506,0.3804442286491394,0.11867942661046982,0.12604349851608276,0.1410137233639104,0.3256959778469405,0.5884459614753723,0.3863481908558092,10x_human_lymph_node_D1
wo_Potts_MRF,42,43,293,1.3252100944519043,0.22935667634010315,3.006991386413574,0.3800816535949707,0.11918514221906662,0.12600550055503845,0.14134363750884005,0.3263255179470454,0.5936118364334106,0.38718003393768075,10x_human_lymph_node_D1
wo_Potts_MRF,42,44,294,1.3211920261383057,0.2285517156124115,3.0058863162994385,0.38037145137786865,0.11856894195079803,0.1255071759223938,0.1412479474330734,0.3260982888495021,0.5990221500396729,0.38691039343313527,10x_human_lymph_node_D1
wo_Potts_MRF,42,45,295,1.3188573122024536,0.22847141325473785,3.005561113357544,0.3800587058067322,0.11920050531625748,0.1257372796535492,0.14105700078505418,0.3269090046559437,0.6032665967941284,0.3878684297900273,10x_human_lymph_node_D1
wo_Potts_MRF,42,46,296,1.316854476928711,0.22817125916481018,3.006194591522217,0.38055160641670227,0.11955084651708603,0.12558314204216003,0.1415424255883115,0.32626600752888874,0.6067835092544556,0.38706503696147154,10x_human_lymph_node_D1
wo_Potts_MRF,42,47,297,1.3135687112808228,0.2273423671722412,3.0052056312561035,0.3799981474876404,0.1199977844953537,0.12580811977386475,0.14106848344888587,0.3273429876227987,0.612716555595398,0.38845579686014575,10x_human_lymph_node_D1
wo_Potts_MRF,42,48,298,1.3099088668823242,0.2265438586473465,3.005150079727173,0.3807242810726166,0.11919641494750977,0.12495458126068115,0.14104847990143177,0.3262475648556972,0.6150711178779602,0.3869660128499207,10x_human_lymph_node_D1
wo_Potts_MRF,42,49,299,1.306743860244751,0.22488810122013092,3.0046744346618652,0.37961944937705994,0.12035191804170609,0.12554648518562317,0.14098698795478765,0.325389920399289,0.621457576751709,0.3861362405819143,10x_human_lymph_node_D1
wo_Potts_MRF,42,50,300,1.3033705949783325,0.22513003647327423,3.0043318271636963,0.3811351954936981,0.11886972188949585,0.12431371957063675,0.14140339798644116,0.32769267830793314,0.6253694891929626,0.38868981935386604,10x_human_lymph_node_D1
wo_Potts_MRF,42,51,301,1.3027777671813965,0.2250441610813141,3.0044126510620117,0.37970873713493347,0.12136092036962509,0.12595492601394653,0.1419032597905452,0.32600837829390755,0.6279922723770142,0.386962607285408,10x_human_lymph_node_D1
wo_Potts_MRF,42,52,302,1.3003830909729004,0.22688952088356018,3.004462480545044,0.3813210725784302,0.11962918192148209,0.1247144415974617,0.141296727597238,0.3275334948422206,0.631153404712677,0.38843152496355615,10x_human_lymph_node_D1
wo_Potts_MRF,42,53,303,1.2975949048995972,0.22544820606708527,3.003815174102783,0.3802140951156616,0.12099092453718185,0.12551316618919373,0.14231630190274652,0.3277129642413531,0.6342607736587524,0.38891371863159013,10x_human_lymph_node_D1
wo_Potts_MRF,42,54,304,1.2913784980773926,0.22245118021965027,3.003230571746826,0.3803733289241791,0.11958026885986328,0.12419469654560089,0.1414213401623243,0.32941122473847845,0.6415629386901855,0.39074126820534233,10x_human_lymph_node_D1
wo_Potts_MRF,42,55,305,1.2875709533691406,0.22122982144355774,3.0026588439941406,0.38070356845855713,0.11908312886953354,0.1237735003232956,0.14182801437977874,0.3284881244897303,0.6449126601219177,0.3897363412575645,10x_human_lymph_node_D1
wo_Potts_MRF,42,56,306,1.2860288619995117,0.2208227813243866,3.0023045539855957,0.3797451853752136,0.12091980129480362,0.1247001588344574,0.14229440012971628,0.3279199437711053,0.6484279036521912,0.3892201250543339,10x_human_lymph_node_D1
wo_Potts_MRF,42,57,307,1.28302800655365,0.22180482745170593,3.0023255348205566,0.38109490275382996,0.11923281103372574,0.12347182631492615,0.1410716595301514,0.32758276248364354,0.652107834815979,0.38851427051195947,10x_human_lymph_node_D1
wo_Potts_MRF,42,58,308,1.2801966667175293,0.22041238844394684,3.0015320777893066,0.3802807033061981,0.12045511603355408,0.12406392395496368,0.1424192515351611,0.32904198299678683,0.6553993225097656,0.3904763916666047,10x_human_lymph_node_D1
wo_Potts_MRF,42,59,309,1.2767599821090698,0.2191547155380249,3.0011634826660156,0.3799274265766144,0.12067007273435593,0.1240018978714943,0.14100521013605224,0.32868565763630614,0.6599380373954773,0.38998819424651116,10x_human_lymph_node_D1
wo_Potts_MRF,42,60,310,1.2741471529006958,0.21949543058872223,3.001560926437378,0.381387859582901,0.11951735615730286,0.12298674881458282,0.14131889801703904,0.3277992670632635,0.6625353097915649,0.3887676716498147,10x_human_lymph_node_D1
wo_Potts_MRF,42,61,311,1.2707295417785645,0.2171739935874939,3.000591278076172,0.3795691132545471,0.12127140164375305,0.12401676177978516,0.1420506009141864,0.32935148850011675,0.6662826538085938,0.3908792040678564,10x_human_lymph_node_D1
wo_Potts_MRF,42,62,312,1.26619291305542,0.2162330150604248,2.9998836517333984,0.3804498612880707,0.11980349570512772,0.12279143184423447,0.1418647561433091,0.3292133643491858,0.6713767051696777,0.39057576884114453,10x_human_lymph_node_D1
wo_Potts_MRF,42,63,313,1.2639954090118408,0.21653103828430176,2.999764919281006,0.3808234930038452,0.11968732625246048,0.12266118824481964,0.1417029093963137,0.3271832988809842,0.6733100414276123,0.3881447239069226,10x_human_lymph_node_D1
wo_Potts_MRF,42,64,314,1.2630075216293335,0.21652932465076447,2.999685764312744,0.379731684923172,0.12170407921075821,0.12373963743448257,0.1417961528020446,0.3289561560159405,0.677141010761261,0.39043827537458087,10x_human_lymph_node_D1
wo_Potts_MRF,42,65,315,1.260140299797058,0.2167554348707199,2.999671459197998,0.3810252249240875,0.12064605206251144,0.12270375341176987,0.14175430044702111,0.3276624092615172,0.6791697144508362,0.38867354372841584,10x_human_lymph_node_D1
wo_Potts_MRF,42,66,316,1.2560547590255737,0.21515734493732452,2.998779058456421,0.3804206848144531,0.12070337682962418,0.12263651192188263,0.1417936173542754,0.32959595764795685,0.6845844388008118,0.3911291959499792,10x_human_lymph_node_D1
wo_Potts_MRF,42,67,317,1.2542195320129395,0.2147493213415146,2.9984211921691895,0.38003289699554443,0.12176479399204254,0.1232498437166214,0.1419330767908051,0.3287413869407856,0.6857715845108032,0.39017273918361417,10x_human_lymph_node_D1
wo_Potts_MRF,42,68,318,1.251678705215454,0.21632491052150726,2.9985404014587402,0.3811911642551422,0.12018313258886337,0.1220950335264206,0.14171414461600348,0.32977756183023277,0.6881608963012695,0.39116909454953824,10x_human_lymph_node_D1
wo_Potts_MRF,42,69,319,1.2477108240127563,0.2130228877067566,2.9976632595062256,0.38014882802963257,0.12154337763786316,0.12271707504987717,0.14190856384370204,0.3285274603248052,0.6918815970420837,0.3898393283154696,10x_human_lymph_node_D1
wo_Potts_MRF,42,70,320,1.242998480796814,0.2113742083311081,2.9969258308410645,0.38023969531059265,0.12057986855506897,0.12205737829208374,0.14179289272899298,0.32900146420026966,0.6966773867607117,0.39047370962344324,10x_human_lymph_node_D1
wo_Potts_MRF,42,71,321,1.2405189275741577,0.2117147445678711,2.997018814086914,0.3808361291885376,0.1201329380273819,0.1214265301823616,0.14199139672752814,0.32887240607438495,0.6984109282493591,0.3900913957193964,10x_human_lymph_node_D1
wo_Potts_MRF,42,72,322,1.2376174926757812,0.21000629663467407,2.996387004852295,0.38005155324935913,0.12136100232601166,0.12195344269275665,0.1417660329286378,0.3291211072139507,0.7021126747131348,0.3905835911434926,10x_human_lymph_node_D1
wo_Potts_MRF,42,73,323,1.2342933416366577,0.2099553793668747,2.9960687160491943,0.3806633949279785,0.1202673465013504,0.12129565328359604,0.14181764947038325,0.3286377247593094,0.7050063014030457,0.38995458381473663,10x_human_lymph_node_D1
wo_Potts_MRF,42,74,324,1.232043981552124,0.20939959585666656,2.996077060699463,0.38055047392845154,0.12089990079402924,0.12136571109294891,0.14194977499847633,0.32927463067770085,0.7078306078910828,0.3906069046729756,10x_human_lymph_node_D1
wo_Potts_MRF,42,75,325,1.2305095195770264,0.20997591316699982,2.995619058609009,0.38004395365715027,0.12178899347782135,0.12183838337659836,0.14142729167254933,0.32878262572985223,0.7108075618743896,0.39018003840921467,10x_human_lymph_node_D1
wo_Potts_MRF,42,76,326,1.2293168306350708,0.21186533570289612,2.995783567428589,0.38101112842559814,0.12117566168308258,0.12142756581306458,0.1416597185820902,0.32805583488023826,0.712540864944458,0.3893247828289325,10x_human_lymph_node_D1
wo_Potts_MRF,42,77,327,1.2278567552566528,0.2129836529493332,2.9956307411193848,0.38047152757644653,0.12192784249782562,0.12152920663356781,0.14066590309022475,0.3281617711066223,0.7137478590011597,0.3893100323797211,10x_human_lymph_node_D1
wo_Potts_MRF,42,78,328,1.2256672382354736,0.21213442087173462,2.994968891143799,0.38028761744499207,0.12271283566951752,0.12215462327003479,0.14162766177792774,0.32778981333435436,0.7139155864715576,0.3890352325350881,10x_human_lymph_node_D1
wo_Potts_MRF,42,79,329,1.2202409505844116,0.2107754349708557,2.9944591522216797,0.3812309503555298,0.12029923498630524,0.12072311341762543,0.14154752666860038,0.32995989369067313,0.7183585166931152,0.39149614845513525,10x_human_lymph_node_D1
wo_Potts_MRF,42,80,330,1.2145692110061646,0.20588402450084686,2.9936110973358154,0.3801618814468384,0.1211368516087532,0.12080897390842438,0.14152645077790957,0.3285701272365907,0.7221312522888184,0.38997048264711937,10x_human_lymph_node_D1
wo_Potts_MRF,42,81,331,1.2114448547363281,0.2053280472755432,2.9930198192596436,0.38038766384124756,0.12090925127267838,0.12045890092849731,0.14150163888682468,0.3286446153434861,0.7247018814086914,0.39001971441960837,10x_human_lymph_node_D1
wo_Potts_MRF,42,82,332,1.2117533683776855,0.2091292291879654,2.9933180809020996,0.3811222016811371,0.12057669460773468,0.12032405287027359,0.141506523376476,0.3295180585703701,0.7251708507537842,0.39102260732647626,10x_human_lymph_node_D1
wo_Potts_MRF,42,83,333,1.2100884914398193,0.20814241468906403,2.9931180477142334,0.3802606761455536,0.12241579592227936,0.121120885014534,0.1416402823314369,0.3284345719474385,0.7265363335609436,0.38977113298553,10x_human_lymph_node_D1
wo_Potts_MRF,42,84,334,1.2036997079849243,0.2049427479505539,2.9921579360961914,0.38050276041030884,0.12076320499181747,0.12006081640720367,0.14116113597178492,0.3285257623218588,0.7316825985908508,0.3898314519970816,10x_human_lymph_node_D1
wo_Potts_MRF,42,85,335,1.1999813318252563,0.20346634089946747,2.9918508529663086,0.38079577684402466,0.12038465589284897,0.11958503723144531,0.14160411147034535,0.32942035120790947,0.733957052230835,0.390821347234324,10x_human_lymph_node_D1
wo_Potts_MRF,42,86,336,1.1991251707077026,0.20382104814052582,2.9916772842407227,0.3799087405204773,0.12214233726263046,0.12043406069278717,0.14143161268478868,0.3285043516604748,0.7349298596382141,0.3898885662673723,10x_human_lymph_node_D1
wo_Potts_MRF,42,87,337,1.1960660219192505,0.20453834533691406,2.9914145469665527,0.38095295429229736,0.12059061229228973,0.11942075937986374,0.14109427017859566,0.32791041848336705,0.7381339073181152,0.3891145377773376,10x_human_lymph_node_D1
wo_Potts_MRF,42,88,338,1.1930310726165771,0.2028207629919052,2.9912772178649902,0.3804677426815033,0.12117569148540497,0.11977095156908035,0.14174346464232962,0.3278363941777373,0.7405332326889038,0.38910826292513445,10x_human_lymph_node_D1
wo_Potts_MRF,42,89,339,1.1903213262557983,0.20170418918132782,2.9910178184509277,0.3798571228981018,0.12214018404483795,0.11986574530601501,0.1411996293946866,0.32864910035818046,0.7417246699333191,0.3899498473399343,10x_human_lymph_node_D1
wo_Potts_MRF,42,90,340,1.1867680549621582,0.20181401073932648,2.9904184341430664,0.381226122379303,0.12037204951047897,0.11875617504119873,0.14171606223006003,0.3294096102617703,0.744853138923645,0.39085922103546883,10x_human_lymph_node_D1
wo_Potts_MRF,42,91,341,1.1848660707473755,0.20051579177379608,2.9899582862854004,0.3799017071723938,0.12231136113405228,0.1199134811758995,0.1416825419297381,0.3287720445981709,0.7453926801681519,0.39021997432257755,10x_human_lymph_node_D1
wo_Potts_MRF,42,92,342,1.1823416948318481,0.20103663206100464,2.9902195930480957,0.38054898381233215,0.1217169538140297,0.1189376711845398,0.14132346824985248,0.32795900406512785,0.7474104762077332,0.3891422915701452,10x_human_lymph_node_D1
wo_Potts_MRF,42,93,343,1.179107666015625,0.1998075395822525,2.9896240234375,0.3804262578487396,0.12161899358034134,0.11914601922035217,0.14148274775215958,0.32844045592223675,0.7503733038902283,0.3898144424880168,10x_human_lymph_node_D1
wo_Potts_MRF,42,94,344,1.1751611232757568,0.19817709922790527,2.989227533340454,0.3803093135356903,0.12131749093532562,0.1188182532787323,0.1414208467811559,0.3285081321266334,0.7538697719573975,0.38988127711482634,10x_human_lymph_node_D1
wo_Potts_MRF,42,95,345,1.1734470129013062,0.19857868552207947,2.9896926879882812,0.38072502613067627,0.12138248980045319,0.11849707365036011,0.14133508486343244,0.3286399215124746,0.7543227076530457,0.3899931193314257,10x_human_lymph_node_D1
wo_Potts_MRF,42,96,346,1.1711879968643188,0.19808489084243774,2.989269256591797,0.3802443742752075,0.12188079953193665,0.11905688047409058,0.14125645445131907,0.32833609082542814,0.7567052245140076,0.38973866577244626,10x_human_lymph_node_D1
wo_Potts_MRF,42,97,347,1.1673505306243896,0.1974678337574005,2.9878828525543213,0.3806665241718292,0.12127131968736649,0.11830609291791916,0.141352797533702,0.3285741105147007,0.7591409087181091,0.3899363835869043,10x_human_lymph_node_D1
wo_Potts_MRF,42,98,348,1.1649659872055054,0.1972215473651886,2.987213373184204,0.3803257346153259,0.1217472106218338,0.11849039793014526,0.14153157811627376,0.32921075768699404,0.7610544562339783,0.3907008360712991,10x_human_lymph_node_D1
wo_Potts_MRF,42,99,349,1.1635745763778687,0.19810408353805542,2.987734317779541,0.38075748085975647,0.1216779574751854,0.11825729161500931,0.14142450444232776,0.3293641144766138,0.7609918713569641,0.3908782129359787,10x_human_lymph_node_D1
wo_Potts_MRF,42,100,350,1.1608620882034302,0.19744043052196503,2.987306594848633,0.3802904486656189,0.12206042557954788,0.11842867732048035,0.14112990691724847,0.3285470366510808,0.7640081644058228,0.3898508991702189,10x_human_lymph_node_D1
wo_Potts_MRF,42,101,351,1.1597065925598145,0.198946014046669,2.9866855144500732,0.38065409660339355,0.12212079018354416,0.11847706884145737,0.14161904905661352,0.3287360848950036,0.7647084593772888,0.390124063261511,10x_human_lymph_node_D1
wo_Potts_MRF,42,102,352,1.160290241241455,0.20267823338508606,2.986560106277466,0.38101136684417725,0.12209746986627579,0.11879332363605499,0.14120605894756105,0.32847760436224765,0.763890266418457,0.3898882060340343,10x_human_lymph_node_D1
wo_Potts_MRF,42,103,353,1.160140037536621,0.2039877027273178,2.9868454933166504,0.3807515501976013,0.12340737134218216,0.11924047768115997,0.14146970958452207,0.3277148961283793,0.7638025879859924,0.3889823932571468,10x_human_lymph_node_D1
wo_Potts_MRF,42,104,354,1.1542810201644897,0.20132309198379517,2.9859776496887207,0.3805351257324219,0.12213209271430969,0.11846686899662018,0.1411773795468351,0.32867899344134127,0.7643811702728271,0.39007621431433903,10x_human_lymph_node_D1
wo_Potts_MRF,42,105,355,1.1478590965270996,0.19750413298606873,2.98533034324646,0.380813866853714,0.12066274881362915,0.11754601448774338,0.14132192477421066,0.3283010180500657,0.7679620981216431,0.38970391550368916,10x_human_lymph_node_D1
wo_Potts_MRF,42,106,356,1.145111083984375,0.19642837345600128,2.9850075244903564,0.37996917963027954,0.12136078625917435,0.11798101663589478,0.1415132611982077,0.32871995850061153,0.7690207958221436,0.3901547603700389,10x_human_lymph_node_D1
wo_Potts_MRF,42,107,357,1.1436610221862793,0.19788426160812378,2.9846906661987305,0.38076460361480713,0.12103929370641708,0.11744363605976105,0.1414527610572824,0.3291879872818329,0.7713375687599182,0.3906819521544996,10x_human_lymph_node_D1
wo_Potts_MRF,42,108,358,1.141932487487793,0.19811835885047913,2.9847965240478516,0.380817174911499,0.12131211161613464,0.11747361719608307,0.1412681982329937,0.3276641040290736,0.7714207768440247,0.3889541131797764,10x_human_lymph_node_D1
wo_Potts_MRF,42,109,359,1.1368705034255981,0.19506700336933136,2.983976364135742,0.3799092173576355,0.1211240291595459,0.11766666173934937,0.14102635442474504,0.32758566180373416,0.7741841077804565,0.38885335692226203,10x_human_lymph_node_D1
wo_Potts_MRF,42,110,360,1.1321935653686523,0.19293254613876343,2.982877731323242,0.3807186186313629,0.1202787384390831,0.11676748096942902,0.14136763150789824,0.3284142029149137,0.7777382731437683,0.3897891457680715,10x_human_lymph_node_D1
wo_Potts_MRF,42,111,361,1.1325352191925049,0.19410768151283264,2.983672857284546,0.38024720549583435,0.12210427224636078,0.11737079918384552,0.14153456463583725,0.3287254669119212,0.7770925760269165,0.3902013465072535,10x_human_lymph_node_D1
wo_Potts_MRF,42,112,362,1.1299694776535034,0.19516585767269135,2.9830892086029053,0.3804844915866852,0.12112551927566528,0.11695016920566559,0.14126539958221046,0.32836837223848364,0.7801179885864258,0.3897558827851334,10x_human_lymph_node_D1
wo_Potts_MRF,42,113,363,1.1257511377334595,0.19254304468631744,2.9818265438079834,0.38016876578330994,0.12138845026493073,0.11712298542261124,0.14154127289618496,0.3292503313668085,0.7811078429222107,0.3907590432814,10x_human_lymph_node_D1
wo_Potts_MRF,42,114,364,1.122564673423767,0.1917075514793396,2.9821691513061523,0.38078516721725464,0.12074490636587143,0.11636078357696533,0.14141013748741824,0.32921606405603904,0.783049464225769,0.3907258954498873,10x_human_lymph_node_D1
wo_Potts_MRF,42,115,365,1.1200002431869507,0.19079695641994476,2.9814980030059814,0.3801904022693634,0.12150764465332031,0.11674004793167114,0.1411326792169211,0.3282826575446775,0.7854424715042114,0.38967461309928486,10x_human_lymph_node_D1
wo_Potts_MRF,42,116,366,1.1188228130340576,0.19185368716716766,2.9811594486236572,0.38045457005500793,0.12180755287408829,0.11674816161394119,0.14147156154556706,0.3285082751906237,0.7866994738578796,0.38991340599387064,10x_human_lymph_node_D1
wo_Potts_MRF,42,117,367,1.1166510581970215,0.19237852096557617,2.980868339538574,0.38063013553619385,0.12145097553730011,0.11658983677625656,0.14105013464696073,0.3290168046812467,0.7869195342063904,0.3905359855051537,10x_human_lymph_node_D1
wo_Potts_MRF,42,118,368,1.1129826307296753,0.19087150692939758,2.9800801277160645,0.3805343210697174,0.12157350778579712,0.11622495949268341,0.14143103720529712,0.3291848380684971,0.7876665592193604,0.3906749398578733,10x_human_lymph_node_D1
wo_Potts_MRF,42,119,369,1.1092512607574463,0.18873055279254913,2.979562997817993,0.3800065517425537,0.12180311232805252,0.11648736894130707,0.1411873056094501,0.32903989148752644,0.7904321551322937,0.3905363347953156,10x_human_lymph_node_D1
wo_Potts_MRF,42,120,370,1.107560634613037,0.1906953901052475,2.9793992042541504,0.3811667859554291,0.12052375078201294,0.1156320869922638,0.14111329753279017,0.32829580654359597,0.7914213538169861,0.3896884231549958,10x_human_lymph_node_D1
wo_Potts_MRF,42,121,371,1.1076960563659668,0.19097359478473663,2.9792823791503906,0.3798849284648895,0.12325131148099899,0.1169685423374176,0.14117766472708218,0.3276053425205328,0.7908487319946289,0.38888849754326654,10x_human_lymph_node_D1
wo_Potts_MRF,42,122,372,1.1062655448913574,0.19387352466583252,2.979269504547119,0.3811998963356018,0.12138541787862778,0.11598573625087738,0.14137236786624377,0.3284465439083785,0.7928373217582703,0.3898335525154074,10x_human_lymph_node_D1
wo_Potts_MRF,42,123,373,1.1071733236312866,0.19476087391376495,2.9796509742736816,0.380079448223114,0.12384629249572754,0.11765630543231964,0.14094767672902533,0.3281038540389817,0.7889882326126099,0.3895227716577781,10x_human_lymph_node_D1
wo_Potts_MRF,42,124,374,1.1058106422424316,0.19810952246189117,2.979706287384033,0.3813920021057129,0.12201140075922012,0.11629261076450348,0.1414007115144861,0.32857613041420347,0.7869964241981506,0.3899496826807039,10x_human_lymph_node_D1
wo_Potts_MRF,42,125,375,1.0987982749938965,0.19177184998989105,2.9786274433135986,0.3799120783805847,0.12246623635292053,0.11678843945264816,0.14076949782110776,0.32740556119874026,0.7915905714035034,0.3887001445935367,10x_human_lymph_node_D1
wo_Potts_MRF,42,126,376,1.0926837921142578,0.1896342933177948,2.9780235290527344,0.38068363070487976,0.12002551555633545,0.11534509062767029,0.14103190602500976,0.32841990713363284,0.7952701449394226,0.38985595296452547,10x_human_lymph_node_D1
wo_Potts_MRF,42,127,377,1.092149019241333,0.1914571225643158,2.978241205215454,0.38082918524742126,0.12039417773485184,0.11523134261369705,0.14129120682483648,0.32907332346569024,0.7951486706733704,0.3905449458789017,10x_human_lymph_node_D1
wo_Potts_MRF,42,128,378,1.0907647609710693,0.1898145079612732,2.9774248600006104,0.3796555697917938,0.12286709249019623,0.11666323244571686,0.14103262444311734,0.3275265529124167,0.7966066598892212,0.38881631456333193,10x_human_lymph_node_D1
wo_Potts_MRF,42,129,379,1.08553147315979,0.18858802318572998,2.976478099822998,0.3807699680328369,0.12065315246582031,0.11521127074956894,0.14118435939392052,0.32849272423898235,0.7989218831062317,0.3899237665700504,10x_human_lymph_node_D1
wo_Potts_MRF,42,130,380,1.0835931301116943,0.18899492919445038,2.9767391681671143,0.3807274103164673,0.12075766921043396,0.11488407850265503,0.14113238762226973,0.3282943753423196,0.8002443909645081,0.38967701045147674,10x_human_lymph_node_D1
wo_Potts_MRF,42,131,381,1.082062005996704,0.18710936605930328,2.975677967071533,0.3792889416217804,0.12356217950582504,0.11636042594909668,0.14107023347124575,0.3282599738468502,0.8012375235557556,0.38964830013581253,10x_human_lymph_node_D1
wo_Potts_MRF,42,132,382,1.0778379440307617,0.18779566884040833,2.9754269123077393,0.38106003403663635,0.12029729783535004,0.11464956402778625,0.14103166681432014,0.3283994701604213,0.8028285503387451,0.389832872391941,10x_human_lymph_node_D1
wo_Potts_MRF,42,133,383,1.0760736465454102,0.18834544718265533,2.9755163192749023,0.38066673278808594,0.12058304995298386,0.11464282125234604,0.14097874246796857,0.32819911164120846,0.803634524345398,0.3895746943771412,10x_human_lymph_node_D1
wo_Potts_MRF,42,134,384,1.0737504959106445,0.18588179349899292,2.974518299102783,0.37907519936561584,0.1229814663529396,0.11608525365591049,0.14112105292881755,0.3283487685143462,0.8030828237533569,0.38977159055416744,10x_human_lymph_node_D1
wo_Potts_MRF,42,135,385,1.0703232288360596,0.18657368421554565,2.9747796058654785,0.3810741603374481,0.12046770006418228,0.11421504616737366,0.14115593643057892,0.32845688333713924,0.8058058023452759,0.38988169706656567,10x_human_lymph_node_D1
wo_Potts_MRF,42,136,386,1.0685064792633057,0.18670327961444855,2.9746084213256836,0.38094788789749146,0.12087198346853256,0.1142505407333374,0.14103549544007013,0.32835722960216224,0.8067998886108398,0.3897762791710918,10x_human_lymph_node_D1
wo_Potts_MRF,42,137,387,1.0665875673294067,0.18421006202697754,2.973825216293335,0.37878596782684326,0.12376361340284348,0.1161789819598198,0.1411183228955876,0.32834102272377347,0.8072319626808167,0.38975411021837536,10x_human_lymph_node_D1
wo_Potts_MRF,42,138,388,1.0631744861602783,0.1858997344970703,2.9736340045928955,0.3814425766468048,0.1205865815281868,0.1137029379606247,0.14103539991816388,0.3283792673448411,0.8087302446365356,0.3898108515751779,10x_human_lymph_node_D1
wo_Potts_MRF,42,139,389,1.0616357326507568,0.185858815908432,2.973264217376709,0.38052549958229065,0.12187595665454865,0.11419551074504852,0.14112478298561174,0.32828796983176556,0.8090859055519104,0.38967827958288664,10x_human_lymph_node_D1
wo_Potts_MRF,42,140,390,1.0588037967681885,0.18378646671772003,2.9727156162261963,0.3791470229625702,0.12309391051530838,0.11536252498626709,0.14096735175934755,0.32820079974682703,0.8098481297492981,0.3895950239831245,10x_human_lymph_node_D1
wo_Potts_MRF,42,141,391,1.0556236505508423,0.1850094348192215,2.9724180698394775,0.3812585175037384,0.12041907012462616,0.11365087330341339,0.14105210082435551,0.3284026589134476,0.8122144341468811,0.3898402021733128,10x_human_lymph_node_D1
wo_Potts_MRF,42,142,392,1.0543524026870728,0.18520806729793549,2.9720630645751953,0.38042211532592773,0.12176280468702316,0.11412914097309113,0.14102185638847597,0.3279345211615416,0.8104961514472961,0.3892585184485024,10x_human_lymph_node_D1
wo_Potts_MRF,42,143,393,1.051166296005249,0.18316343426704407,2.971362352371216,0.3794480860233307,0.12263429164886475,0.11484189331531525,0.14098027339138428,0.32822181486102087,0.8127918839454651,0.38960955082133913,10x_human_lymph_node_D1
wo_Potts_MRF,42,144,394,1.0482056140899658,0.1837349832057953,2.971127986907959,0.38112643361091614,0.12086482346057892,0.11346204578876495,0.14095792560642703,0.32818340815471664,0.8154604434967041,0.3895638340225283,10x_human_lymph_node_D1
wo_Potts_MRF,42,145,395,1.0463917255401611,0.18323847651481628,2.9707372188568115,0.3801230490207672,0.12231218814849854,0.11390507221221924,0.14113238762226973,0.3282943753423196,0.8148527145385742,0.38967701045147674,10x_human_lymph_node_D1
wo_Potts_MRF,42,146,396,1.0433509349822998,0.18188287317752838,2.9703786373138428,0.3799506723880768,0.1223408505320549,0.11411798745393753,0.14098735048947364,0.3275062874902547,0.8176918625831604,0.3888151567390554,10x_human_lymph_node_D1
wo_Potts_MRF,42,147,397,1.041297197341919,0.18288548290729523,2.970277786254883,0.3806762397289276,0.1212860643863678,0.1136389970779419,0.14123177141340545,0.3292117645501475,0.817696213722229,0.3907618497037662,10x_human_lymph_node_D1
wo_Potts_MRF,42,148,398,1.0398021936416626,0.18302519619464874,2.9700193405151367,0.3804083466529846,0.12229505181312561,0.11360540986061096,0.14116880896181835,0.3284657866582972,0.8167353272438049,0.3898932635625907,10x_human_lymph_node_D1
wo_Potts_MRF,42,149,399,1.036719799041748,0.18169637024402618,2.9693307876586914,0.37973058223724365,0.12245144695043564,0.11422957479953766,0.14123057332269273,0.32919001159051864,0.8206292390823364,0.39072831671626607,10x_human_lymph_node_D1
wo_Potts_MRF,42,150,400,1.0354301929473877,0.18371862173080444,2.9692087173461914,0.38099631667137146,0.12139793485403061,0.11332881450653076,0.14109803777713953,0.3289900229814179,0.8202021718025208,0.3905084280412336,10x_human_lymph_node_D1
wo_Sinkhorn_OT,42,1,251,1.4998859167099,0.2624364495277405,2.9971110820770264,0.37916842103004456,0.09825676679611206,0.1367020606994629,0.14456377823106153,0.317335129681568,0.2876083254814148,0.3761819584078682,10x_human_lymph_node_D1
wo_Sinkhorn_OT,42,2,252,1.4977171421051025,0.2627490162849426,2.996832847595215,0.37824133038520813,0.0986066460609436,0.1368759572505951,0.14599864131919965,0.3188143255638361,0.29092279076576233,0.3781421076847539,10x_human_lymph_node_D1
wo_Sinkhorn_OT,42,3,253,1.4960963726043701,0.2631147801876068,2.997389554977417,0.37732747197151184,0.09951788932085037,0.13737666606903076,0.1457193618432751,0.31871719919606656,0.29665160179138184,0.37801746044586526,10x_human_lymph_node_D1
wo_Sinkhorn_OT,42,4,254,1.4948145151138306,0.26352107524871826,2.998237133026123,0.37664374709129333,0.10069723427295685,0.13799676299095154,0.1468843385005016,0.32094495203589635,0.3045883774757385,0.38079963939646944,10x_human_lymph_node_D1
wo_Sinkhorn_OT,42,5,255,1.493551254272461,0.26376479864120483,2.9988861083984375,0.37626752257347107,0.1019790768623352,0.13852868974208832,0.14666677283131832,0.32103619080704515,0.3128945827484131,0.38078392351133866,10x_human_lymph_node_D1
wo_Sinkhorn_OT,42,6,256,1.492401361465454,0.2639906704425812,2.999680757522583,0.3760020136833191,0.10334016382694244,0.13907840847969055,0.1460133783432661,0.3207548451188568,0.32207807898521423,0.38033637522652797,10x_human_lymph_node_D1
wo_Sinkhorn_OT,42,7,257,1.4913806915283203,0.2641163468360901,3.000742197036743,0.3759469985961914,0.10467105358839035,0.13940131664276123,0.14768867604243036,0.3235733637586201,0.33179792761802673,0.3837358697908693,10x_human_lymph_node_D1
wo_Sinkhorn_OT,42,8,258,1.4901924133300781,0.2643299698829651,3.001753330230713,0.3758843243122101,0.10576140880584717,0.13972000777721405,0.1464822305425577,0.3228131435942427,0.34145379066467285,0.38284209433213234,10x_human_lymph_node_D1
wo_Sinkhorn_OT,42,9,259,1.488826870918274,0.26445046067237854,3.002620220184326,0.3757491111755371,0.10684367269277573,0.14016279578208923,0.14632079890173466,0.32338679020479777,0.3512902557849884,0.38350216190476666,10x_human_lymph_node_D1
wo_Sinkhorn_OT,42,10,260,1.487358570098877,0.264579176902771,3.0033974647521973,0.37557971477508545,0.10787054896354675,0.14058679342269897,0.14732997611421966,0.3258504719387278,0.36084529757499695,0.38656407557576195,10x_human_lymph_node_D1
wo_Sinkhorn_OT,42,11,261,1.4857707023620605,0.2645966708660126,3.004065752029419,0.3754037320613861,0.10888578742742538,0.14102117717266083,0.14687835010690736,0.3263712721559542,0.36985546350479126,0.38730752943486046,10x_human_lymph_node_D1
wo_Sinkhorn_OT,42,12,262,1.4839427471160889,0.2642107307910919,3.0046651363372803,0.37531009316444397,0.10981754213571548,0.14127136766910553,0.1469621806204254,0.32645484381990164,0.37984704971313477,0.3873834339884417,10x_human_lymph_node_D1
wo_Sinkhorn_OT,42,13,263,1.4822728633880615,0.26384052634239197,3.0051491260528564,0.3753417730331421,0.11092447489500046,0.14135241508483887,0.14730882979627455,0.3271682037695494,0.3893948495388031,0.38819560923738344,10x_human_lymph_node_D1
wo_Sinkhorn_OT,42,14,264,1.4803838729858398,0.2633756399154663,3.005580186843872,0.3754331171512604,0.1117420494556427,0.14133837819099426,0.14803409463950262,0.32856361932734235,0.39873170852661133,0.3898252338865872,10x_human_lymph_node_D1
wo_Sinkhorn_OT,42,15,265,1.478527307510376,0.26270660758018494,3.005959987640381,0.3757484555244446,0.11257357895374298,0.14104965329170227,0.14787823543266207,0.3276146514976935,0.40813228487968445,0.38867005529126053,10x_human_lymph_node_D1
wo_Sinkhorn_OT,42,16,266,1.4766005277633667,0.2620982527732849,3.006183385848999,0.3759090304374695,0.11348671466112137,0.14097967743873596,0.14703648067220892,0.32611623125960676,0.41723698377609253,0.38677234047199716,10x_human_lymph_node_D1
wo_Sinkhorn_OT,42,17,267,1.4747731685638428,0.2615310847759247,3.006288528442383,0.3760314881801605,0.11461301147937775,0.1410137414932251,0.14756801219899612,0.32669650784479726,0.42734408378601074,0.3875008967750157,10x_human_lymph_node_D1
wo_Sinkhorn_OT,42,18,268,1.4727238416671753,0.2609044909477234,3.00644588470459,0.3760918378829956,0.11546451598405838,0.14106746017932892,0.14741410915051498,0.32748978472190005,0.437052845954895,0.3885034221970396,10x_human_lymph_node_D1
wo_Sinkhorn_OT,42,19,269,1.4706581830978394,0.2601848542690277,3.006556510925293,0.3760843873023987,0.11644390225410461,0.14130297303199768,0.14687179925684896,0.32627243203674633,0.44554564356803894,0.386936518304716,10x_human_lymph_node_D1
wo_Sinkhorn_OT,42,20,270,1.4686908721923828,0.2596324682235718,3.006566286087036,0.3760765492916107,0.11748187988996506,0.1415504515171051,0.14683996024290463,0.3276550660045146,0.4549087882041931,0.388670509695654,10x_human_lymph_node_D1
wo_Sinkhorn_OT,42,21,271,1.4666773080825806,0.2589435875415802,3.0065770149230957,0.37604501843452454,0.11856289207935333,0.14181330800056458,0.14544652012341341,0.32583362616247724,0.4641532003879547,0.3865269299160067,10x_human_lymph_node_D1
wo_Sinkhorn_OT,42,22,272,1.4643445014953613,0.2580062448978424,3.0065343379974365,0.3761520981788635,0.11923941969871521,0.1418401598930359,0.14534872878840155,0.32601751845741533,0.4722575545310974,0.3867639558242076,10x_human_lymph_node_D1
wo_Sinkhorn_OT,42,23,273,1.462024450302124,0.2571142315864563,3.006411075592041,0.3761957883834839,0.11999151110649109,0.1418069303035736,0.1454404534608653,0.3264750291081147,0.48146170377731323,0.3873547863562686,10x_human_lymph_node_D1
wo_Sinkhorn_OT,42,24,274,1.4596401453018188,0.25614339113235474,3.0062789916992188,0.3762904703617096,0.12064709514379501,0.14172232151031494,0.14568059830402802,0.3273944722026595,0.48961141705513,0.38847261539793254,10x_human_lymph_node_D1
wo_Sinkhorn_OT,42,25,275,1.4570025205612183,0.2548485994338989,3.006122589111328,0.37644025683403015,0.12112629413604736,0.1415635645389557,0.14555742364713764,0.3272923530199914,0.49801450967788696,0.3882839290456914,10x_human_lymph_node_D1
wo_Sinkhorn_OT,42,26,276,1.4545447826385498,0.25392675399780273,3.0059914588928223,0.3764435946941376,0.12168622761964798,0.14155498147010803,0.1443313892628151,0.3262341647879731,0.5059430599212646,0.3869893859164068,10x_human_lymph_node_D1
wo_Sinkhorn_OT,42,27,277,1.452106237411499,0.25292882323265076,3.005768299102783,0.3763725757598877,0.12244536727666855,0.14171794056892395,0.14335170744064035,0.325155819315935,0.5132701396942139,0.3857367879772808,10x_human_lymph_node_D1
wo_Sinkhorn_OT,42,28,278,1.4494963884353638,0.252003937959671,3.0055325031280518,0.37641188502311707,0.1227717474102974,0.1416981816291809,0.14319062075424807,0.32496800612020516,0.5214352607727051,0.3855671656691439,10x_human_lymph_node_D1
wo_Sinkhorn_OT,42,29,279,1.4470226764678955,0.25102928280830383,3.0053389072418213,0.3765720725059509,0.12318149209022522,0.14160531759262085,0.14301785761953262,0.32480352946474883,0.5290350317955017,0.3853029721510334,10x_human_lymph_node_D1
wo_Sinkhorn_OT,42,30,280,1.444392442703247,0.24992866814136505,3.005011558532715,0.3763742744922638,0.12387052178382874,0.14192721247673035,0.14283520668457345,0.32528167694989124,0.5356162786483765,0.38594150880731337,10x_human_lymph_node_D1
wo_Sinkhorn_OT,42,31,281,1.4419968128204346,0.2494116723537445,3.004769802093506,0.3766574263572693,0.12389998883008957,0.14170175790786743,0.14353032753642953,0.3260972450407779,0.5427270531654358,0.3869576312985182,10x_human_lymph_node_D1
wo_Sinkhorn_OT,42,32,282,1.4393861293792725,0.24840082228183746,3.004544496536255,0.3764565885066986,0.1244548037648201,0.14211498200893402,0.14289157826968513,0.32558733650100724,0.5498293042182922,0.3864078010659751,10x_human_lymph_node_D1
wo_Sinkhorn_OT,42,33,283,1.4370194673538208,0.24780331552028656,3.0043725967407227,0.37667375802993774,0.12458129972219467,0.14220647513866425,0.14391241470686386,0.32581677371283646,0.5552921295166016,0.38670049190971967,10x_human_lymph_node_D1
wo_Sinkhorn_OT,42,34,284,1.4368863105773926,0.2492494136095047,3.005506992340088,0.37682345509529114,0.12564396858215332,0.14285150170326233,0.1433880562136522,0.326783235811337,0.559691309928894,0.38785738156338756,10x_human_lymph_node_D1
wo_Sinkhorn_OT,42,35,285,1.4432339668273926,0.25414174795150757,3.0112175941467285,0.3775447905063629,0.13025522232055664,0.14742085337638855,0.14547940427344874,0.32795573414868573,0.5515335202217102,0.3894751473549843,10x_human_lymph_node_D1
wo_Sinkhorn_OT,42,36,286,1.438774824142456,0.2504192292690277,3.0179052352905273,0.37792766094207764,0.12562815845012665,0.1426229178905487,0.1426547413430308,0.3247850258467411,0.5664158463478088,0.38525899978738104,10x_human_lymph_node_D1
wo_Sinkhorn_OT,42,37,287,1.43032705783844,0.2445562183856964,3.0131466388702393,0.3760735094547272,0.12567220628261566,0.1430184245109558,0.14388952913963177,0.326940304715409,0.5763905048370361,0.3882939927279331,10x_human_lymph_node_D1
wo_Sinkhorn_OT,42,38,288,1.4304442405700684,0.24890626966953278,3.008551597595215,0.37672752141952515,0.12746462225914001,0.1449909806251526,0.14510286467562555,0.3278352865254521,0.5730209946632385,0.38939948714304623,10x_human_lymph_node_D1
wo_Sinkhorn_OT,42,39,289,1.4258325099945068,0.24456171691417694,3.0126421451568604,0.37726202607154846,0.12448126077651978,0.14180883765220642,0.14323412900081423,0.32534815684072077,0.5837826132774353,0.3860912500898566,10x_human_lymph_node_D1
wo_Sinkhorn_OT,42,40,290,1.421595811843872,0.2431929111480713,3.0095248222351074,0.3764602839946747,0.1250639110803604,0.1425338238477707,0.14398539229615626,0.32660586678427805,0.5892722606658936,0.38781905671960776,10x_human_lymph_node_D1
wo_Sinkhorn_OT,42,41,291,1.4210295677185059,0.24447274208068848,3.0087807178497314,0.3765147030353546,0.12665985524654388,0.1439853012561798,0.14611242532460153,0.3289738353725893,0.589285135269165,0.39079800153628624,10x_human_lymph_node_D1
wo_Sinkhorn_OT,42,42,292,1.4152321815490723,0.24038024246692657,3.0081682205200195,0.37663114070892334,0.12483152002096176,0.14213226735591888,0.143823353113307,0.3267682505536376,0.5993754863739014,0.38798185685091635,10x_human_lymph_node_D1
wo_Sinkhorn_OT,42,43,293,1.4138199090957642,0.24166925251483917,3.0070064067840576,0.3766874670982361,0.1253795027732849,0.14247339963912964,0.14405067272238126,0.32595938776562366,0.6040492057800293,0.3869858655198883,10x_human_lymph_node_D1
wo_Sinkhorn_OT,42,44,294,1.4114896059036255,0.24064847826957703,3.0065345764160156,0.37643954157829285,0.12636838853359222,0.14340652525424957,0.14600236097604558,0.3283327641557971,0.6071265935897827,0.3899842852576988,10x_human_lymph_node_D1
wo_Sinkhorn_OT,42,45,295,1.4071934223175049,0.23767811059951782,3.005452871322632,0.3762461543083191,0.12637175619602203,0.14295876026153564,0.14366368174008493,0.32534472990374924,0.6129773855209351,0.3863324877473364,10x_human_lymph_node_D1
wo_Sinkhorn_OT,42,46,296,1.4058817625045776,0.23904317617416382,3.0045480728149414,0.3764971196651459,0.12661580741405487,0.1428268849849701,0.1446470809585053,0.32707967851453457,0.6179339289665222,0.3885165767699924,10x_human_lymph_node_D1
wo_Sinkhorn_OT,42,47,297,1.4028387069702148,0.23749575018882751,3.0042977333068848,0.3763650059700012,0.1267237365245819,0.1431448608636856,0.1461969679531429,0.32918243472946424,0.6223129034042358,0.3910368295162691,10x_human_lymph_node_D1
wo_Sinkhorn_OT,42,48,298,1.399457335472107,0.2355734407901764,3.0031113624572754,0.37599965929985046,0.12739825248718262,0.14348475635051727,0.1443391079684894,0.327168894251574,0.6271947026252747,0.38870142392671725,10x_human_lymph_node_D1
wo_Sinkhorn_OT,42,49,299,1.397457480430603,0.23599007725715637,3.0025787353515625,0.37639397382736206,0.1270269900560379,0.14287316799163818,0.14447822507393496,0.3271327131694795,0.6325021386146545,0.3885775423138938,10x_human_lymph_node_D1
wo_Sinkhorn_OT,42,50,300,1.3949323892593384,0.23431693017482758,3.0024619102478027,0.37632977962493896,0.12782584130764008,0.14337745308876038,0.14511462075691403,0.3272849015046012,0.6370915174484253,0.38879719970525844,10x_human_lymph_node_D1
wo_Sinkhorn_OT,42,51,301,1.3911993503570557,0.23231422901153564,3.0010488033294678,0.3760261833667755,0.12809577584266663,0.14353755116462708,0.14429603942103725,0.32613712815563495,0.6428015232086182,0.38744701684118427,10x_human_lymph_node_D1
wo_Sinkhorn_OT,42,52,302,1.3893483877182007,0.232648566365242,3.001344919204712,0.37658944725990295,0.12734225392341614,0.14261147379875183,0.14397916655333556,0.32678223121387584,0.6467357277870178,0.3880943562425667,10x_human_lymph_node_D1
wo_Sinkhorn_OT,42,53,303,1.3870410919189453,0.2318357676267624,3.0001626014709473,0.3759506046772003,0.1288691610097885,0.1440277099609375,0.14455850484181967,0.32657721194796474,0.6494419574737549,0.3879550756544484,10x_human_lymph_node_D1
wo_Sinkhorn_OT,42,54,304,1.3833742141723633,0.22918474674224854,2.9997081756591797,0.3760555684566498,0.128818541765213,0.14336885511875153,0.14481761529054363,0.32760177368308796,0.6561675667762756,0.3891665164006146,10x_human_lymph_node_D1
wo_Sinkhorn_OT,42,55,305,1.3809500932693481,0.22907936573028564,2.999234914779663,0.37663084268569946,0.1279888153076172,0.1425585001707077,0.1441900729549633,0.32653597759818975,0.6598620414733887,0.38777988961729093,10x_human_lymph_node_D1
wo_Sinkhorn_OT,42,56,306,1.3797640800476074,0.22917082905769348,2.998814344406128,0.3756772577762604,0.13022977113723755,0.14452263712882996,0.14443163746121418,0.3274951915216007,0.6630073189735413,0.38907511325108857,10x_human_lymph_node_D1
wo_Sinkhorn_OT,42,57,307,1.3762308359146118,0.22776484489440918,2.998382329940796,0.3762744963169098,0.12881940603256226,0.14303463697433472,0.14412029724770095,0.32688238162867794,0.6680524945259094,0.3881987191465091,10x_human_lymph_node_D1
wo_Sinkhorn_OT,42,58,308,1.3732088804244995,0.22560876607894897,2.9978079795837402,0.3760136663913727,0.12968526780605316,0.14348459243774414,0.14426730593554474,0.3270691290693434,0.6735469698905945,0.3885072599331255,10x_human_lymph_node_D1
wo_Sinkhorn_OT,42,59,309,1.3709568977355957,0.22524607181549072,2.997411012649536,0.3760574162006378,0.12975433468818665,0.1435050368309021,0.14403009110982049,0.32699570736012173,0.6765934228897095,0.3884560501049831,10x_human_lymph_node_D1
wo_Sinkhorn_OT,42,60,310,1.3689199686050415,0.22533677518367767,2.9973325729370117,0.3762888014316559,0.1293834000825882,0.14304950833320618,0.14327999174547157,0.3257654376574717,0.680365264415741,0.3868506373602217,10x_human_lymph_node_D1
wo_Sinkhorn_OT,42,61,311,1.3673593997955322,0.2251712530851364,2.9965555667877197,0.37556421756744385,0.1312168389558792,0.1446988880634308,0.14474912234153267,0.3287789247822219,0.6829387545585632,0.39072764249301994,10x_human_lymph_node_D1
wo_Sinkhorn_OT,42,62,312,1.364473581314087,0.2246963083744049,2.9965946674346924,0.37655532360076904,0.12927810847759247,0.14281702041625977,0.1435760349721776,0.326396033676143,0.6878558397293091,0.3875940482873489,10x_human_lymph_node_D1
wo_Sinkhorn_OT,42,63,313,1.3619227409362793,0.22295308113098145,2.9960131645202637,0.37587249279022217,0.13085052371025085,0.14421123266220093,0.1438707350840033,0.3269376633907694,0.6910561919212341,0.3884496039874171,10x_human_lymph_node_D1
wo_Sinkhorn_OT,42,64,314,1.3590366840362549,0.22184930741786957,2.9955344200134277,0.37560978531837463,0.13093049824237823,0.14402741193771362,0.14348833129199276,0.3263690465268626,0.6963761448860168,0.3876915740001349,10x_human_lymph_node_D1
wo_Sinkhorn_OT,42,65,315,1.357155442237854,0.22191382944583893,2.9951820373535156,0.3764914870262146,0.13027840852737427,0.14330622553825378,0.14441444882023716,0.3271605052120248,0.6974947452545166,0.3886421697446755,10x_human_lymph_node_D1
wo_Sinkhorn_OT,42,66,316,1.357888102531433,0.22438791394233704,2.995532989501953,0.3752777576446533,0.13296090066432953,0.14558902382850647,0.14346668999171852,0.3264307184965865,0.700041651725769,0.3879183712544742,10x_human_lymph_node_D1
wo_Sinkhorn_OT,42,67,317,1.3604388236999512,0.22990867495536804,2.9967756271362305,0.37774163484573364,0.13158944249153137,0.14429259300231934,0.144449330671427,0.32718910201051354,0.6950053572654724,0.3885578859763899,10x_human_lymph_node_D1
wo_Sinkhorn_OT,42,68,318,1.3553507328033447,0.226583793759346,2.995312213897705,0.37524059414863586,0.13306494057178497,0.14566904306411743,0.14383353675199606,0.32800095057563705,0.7026847004890442,0.3897554843684467,10x_human_lymph_node_D1
wo_Sinkhorn_OT,42,69,319,1.349830150604248,0.22252203524112701,2.993743896484375,0.3759155571460724,0.1315353810787201,0.1447446048259735,0.14435015859486983,0.3277663401285034,0.704771101474762,0.38951277177490246,10x_human_lymph_node_D1
wo_Sinkhorn_OT,42,70,320,1.347712516784668,0.22347033023834229,2.994429588317871,0.37714868783950806,0.1288343220949173,0.1427086591720581,0.14390212873006875,0.32687176533631396,0.7071240544319153,0.3881877351848521,10x_human_lymph_node_D1
wo_Sinkhorn_OT,42,71,321,1.3434321880340576,0.2191827893257141,2.993145227432251,0.37505510449409485,0.13179239630699158,0.1450575292110443,0.14356658530562247,0.3266967054435649,0.7120168209075928,0.388196381424065,10x_human_lymph_node_D1
wo_Sinkhorn_OT,42,72,322,1.3405061960220337,0.2180432677268982,2.992469310760498,0.3755473494529724,0.13116507232189178,0.14447185397148132,0.1447762578976161,0.3287132742915071,0.7159100770950317,0.3907407303624472,10x_human_lymph_node_D1
wo_Sinkhorn_OT,42,73,323,1.340989112854004,0.22245335578918457,2.9929580688476562,0.3769223392009735,0.1291598528623581,0.1428874135017395,0.14444088615402892,0.3279343357473383,0.7157992124557495,0.38949921715381874,10x_human_lymph_node_D1
wo_Sinkhorn_OT,42,74,324,1.3372154235839844,0.21789409220218658,2.992234706878662,0.375402569770813,0.13220298290252686,0.14492204785346985,0.14435906156178013,0.32765222653655807,0.7192269563674927,0.38933602987416194,10x_human_lymph_node_D1
wo_Sinkhorn_OT,42,75,325,1.3330060243606567,0.21541374921798706,2.9914865493774414,0.37522587180137634,0.1315683275461197,0.1445363163948059,0.14463723876076853,0.32858777021664215,0.7253860831260681,0.39058658955734,10x_human_lymph_node_D1
wo_Sinkhorn_OT,42,76,326,1.3314146995544434,0.21690376102924347,2.991506814956665,0.3762221932411194,0.1297006458044052,0.14335641264915466,0.1449180342756245,0.3281280872120053,0.7260385751724243,0.3898487014375618,10x_human_lymph_node_D1
wo_Sinkhorn_OT,42,77,327,1.3283789157867432,0.21429204940795898,2.990704298019409,0.37545958161354065,0.13143271207809448,0.14414334297180176,0.14433558876311942,0.3273463135439828,0.7284374833106995,0.3888855364710721,10x_human_lymph_node_D1
wo_Sinkhorn_OT,42,78,328,1.3264867067337036,0.2143065482378006,2.990365505218506,0.3751656413078308,0.13182668387889862,0.14450255036354065,0.14455532826022793,0.32823123491463146,0.7321290969848633,0.3901670187071538,10x_human_lymph_node_D1
wo_Sinkhorn_OT,42,79,329,1.3253222703933716,0.2150832861661911,2.9904232025146484,0.37590447068214417,0.13137643039226532,0.14389270544052124,0.14529233574162873,0.329382516288727,0.7332121729850769,0.3914645965949368,10x_human_lymph_node_D1
wo_Sinkhorn_OT,42,80,330,1.3212237358093262,0.21242782473564148,2.9897477626800537,0.3754366636276245,0.13128018379211426,0.14356067776679993,0.14370977260151438,0.32691678358114185,0.7375198006629944,0.3883624451448191,10x_human_lymph_node_D1
wo_Sinkhorn_OT,42,81,331,1.3189425468444824,0.2113180309534073,2.989346742630005,0.3753579556941986,0.13189679384231567,0.14433404803276062,0.14432944490287214,0.32727917958586455,0.7397318482398987,0.38903261645623444,10x_human_lymph_node_D1
wo_Sinkhorn_OT,42,82,332,1.317251443862915,0.21180270612239838,2.9891622066497803,0.3756386339664459,0.13150547444820404,0.14380602538585663,0.1453524165095385,0.32964632882203354,0.7421292066574097,0.3918242737276464,10x_human_lymph_node_D1
wo_Sinkhorn_OT,42,83,333,1.3134821653366089,0.20912279188632965,2.9884133338928223,0.37537938356399536,0.13172782957553864,0.14370116591453552,0.14413728867740433,0.3274688217097562,0.7449136972427368,0.3891153008873196,10x_human_lymph_node_D1
wo_Sinkhorn_OT,42,84,334,1.311927318572998,0.20915022492408752,2.988344430923462,0.37532293796539307,0.1321737915277481,0.1441924124956131,0.1446872061797017,0.3278126215295843,0.7477837204933167,0.3896856086705917,10x_human_lymph_node_D1
wo_Sinkhorn_OT,42,85,335,1.310298204421997,0.20973104238510132,2.988159418106079,0.37557369470596313,0.1317952424287796,0.14359483122825623,0.14440638930339672,0.3284257943593402,0.7497667074203491,0.3903075527449429,10x_human_lymph_node_D1
wo_Sinkhorn_OT,42,86,336,1.307524561882019,0.20795583724975586,2.9875080585479736,0.3754199743270874,0.13247352838516235,0.14388632774353027,0.14458576550284344,0.3275968444181266,0.751283586025238,0.38929828939147326,10x_human_lymph_node_D1
wo_Sinkhorn_OT,42,87,337,1.3065071105957031,0.20970304310321808,2.9872636795043945,0.3752138018608093,0.13240209221839905,0.14412830770015717,0.14396551243033995,0.3272363163826,0.7547833919525146,0.3889328150484008,10x_human_lymph_node_D1
wo_Sinkhorn_OT,42,88,338,1.3059258460998535,0.21060149371623993,2.9871671199798584,0.37563416361808777,0.13298030197620392,0.14425253868103027,0.14553400817995985,0.3294810412728099,0.7550322413444519,0.3916405543991013,10x_human_lymph_node_D1
wo_Sinkhorn_OT,42,89,339,1.3040398359298706,0.21118271350860596,2.986769437789917,0.3752633333206177,0.13291803002357483,0.1441800892353058,0.14392017296284462,0.3279151377149496,0.7573954463005066,0.38968361531039264,10x_human_lymph_node_D1
wo_Sinkhorn_OT,42,90,340,1.303705096244812,0.21224622428417206,2.9866085052490234,0.37556397914886475,0.13382452726364136,0.14521914720535278,0.14527891779764301,0.3294202194000643,0.7567237615585327,0.39169803704517187,10x_human_lymph_node_D1
wo_Sinkhorn_OT,42,91,341,1.3006290197372437,0.2123839259147644,2.986140012741089,0.37578773498535156,0.1319310963153839,0.14381054043769836,0.14476250028502027,0.3287329282151552,0.758122980594635,0.3906652766481748,10x_human_lymph_node_D1
wo_Sinkhorn_OT,42,92,342,1.2948328256607056,0.20615404844284058,2.9851179122924805,0.3751835227012634,0.13285371661186218,0.14429159462451935,0.1452272296655849,0.3289206415159839,0.7619197964668274,0.39100111223218587,10x_human_lymph_node_D1
wo_Sinkhorn_OT,42,93,343,1.2912989854812622,0.20497451722621918,2.9846439361572266,0.37510401010513306,0.13176122307777405,0.14391812682151794,0.14512277030038243,0.3301096175109077,0.7650993466377258,0.39245212667316676,10x_human_lymph_node_D1
wo_Sinkhorn_OT,42,94,344,1.2904367446899414,0.2066013514995575,2.9845480918884277,0.3756757080554962,0.1311214566230774,0.14318342506885529,0.14494945329707626,0.3286445383332445,0.7664018273353577,0.3906506558597617,10x_human_lymph_node_D1
wo_Sinkhorn_OT,42,95,345,1.289513349533081,0.2057669311761856,2.9841248989105225,0.374961256980896,0.13393403589725494,0.14486920833587646,0.14517766099666898,0.3293811596459932,0.7666538953781128,0.3916349780853093,10x_human_lymph_node_D1
wo_Sinkhorn_OT,42,96,346,1.2871235609054565,0.20656044781208038,2.983966827392578,0.3751600980758667,0.13226978480815887,0.14384479820728302,0.14509912283789567,0.329522989247883,0.7710315585136414,0.39176683661742495,10x_human_lymph_node_D1
wo_Sinkhorn_OT,42,97,347,1.2847750186920166,0.20575395226478577,2.9836666584014893,0.37567010521888733,0.1318240910768509,0.14337405562400818,0.14506758716858212,0.3288276806626176,0.7715558409690857,0.3909352185528609,10x_human_lymph_node_D1
wo_Sinkhorn_OT,42,98,348,1.2806512117385864,0.20195159316062927,2.982839584350586,0.3745039999485016,0.13341329991817474,0.14460672438144684,0.1453845619282029,0.3299379732696729,0.7744709253311157,0.3922931830033912,10x_human_lymph_node_D1
wo_Sinkhorn_OT,42,99,349,1.2780598402023315,0.20161959528923035,2.9825308322906494,0.37521547079086304,0.13202540576457977,0.1433037519454956,0.1455206428561179,0.3299419215260993,0.7765872478485107,0.3923137271763935,10x_human_lymph_node_D1
wo_Sinkhorn_OT,42,100,350,1.2771958112716675,0.20294101536273956,2.982480049133301,0.3754543662071228,0.13189996778964996,0.1433931589126587,0.14546519365751173,0.3304918231376288,0.7774325013160706,0.3929461320450958,10x_human_lymph_node_D1
wo_Sinkhorn_OT,42,101,351,1.27534019947052,0.20200178027153015,2.981963634490967,0.374518483877182,0.13373956084251404,0.1446419358253479,0.1455206428561179,0.3299419215260993,0.7807428240776062,0.3923137271763935,10x_human_lymph_node_D1
wo_Sinkhorn_OT,42,102,352,1.2724698781967163,0.20109394192695618,2.981468439102173,0.37558043003082275,0.1322145164012909,0.14282481372356415,0.14540090884767598,0.3297377259853161,0.7806439995765686,0.39208165164187553,10x_human_lymph_node_D1
wo_Sinkhorn_OT,42,103,353,1.2705568075180054,0.2011348009109497,2.981325387954712,0.3750038743019104,0.1325715184211731,0.1435217559337616,0.14562286424497511,0.3304366128406292,0.7832667231559753,0.3929017793571475,10x_human_lymph_node_D1
wo_Sinkhorn_OT,42,104,354,1.2682732343673706,0.19945427775382996,2.9809727668762207,0.374673068523407,0.13379110395908356,0.14447049796581268,0.1452232561502908,0.3296511190361253,0.7844039797782898,0.3920585897360919,10x_human_lymph_node_D1
wo_Sinkhorn_OT,42,105,355,1.264994502067566,0.19866397976875305,2.98056697845459,0.37531453371047974,0.1319524347782135,0.14277561008930206,0.14549943065673998,0.3299352057209368,0.7869941592216492,0.3922548501610796,10x_human_lymph_node_D1
wo_Sinkhorn_OT,42,106,356,1.263110637664795,0.19776110351085663,2.9801907539367676,0.3747093081474304,0.1333109736442566,0.14386850595474243,0.14577443190729436,0.3303205354449971,0.7890516519546509,0.39280530628314264,10x_human_lymph_node_D1
wo_Sinkhorn_OT,42,107,357,1.2610665559768677,0.19727878272533417,2.9797425270080566,0.37496477365493774,0.13328498601913452,0.14340290427207947,0.1456819262456998,0.3309348915164953,0.7901384234428406,0.3934811478808139,10x_human_lymph_node_D1
wo_Sinkhorn_OT,42,108,358,1.2587329149246216,0.19721826910972595,2.979247570037842,0.3749968409538269,0.13272681832313538,0.14318126440048218,0.14519444048412217,0.3291697179207105,0.7924268245697021,0.3913243014396423,10x_human_lymph_node_D1
wo_Sinkhorn_OT,42,109,359,1.2570571899414062,0.1971021294593811,2.9790220260620117,0.37482064962387085,0.13317641615867615,0.14374062418937683,0.14576311233543862,0.33021878128875354,0.7928385138511658,0.3926840657635542,10x_human_lymph_node_D1
wo_Sinkhorn_OT,42,110,360,1.2560670375823975,0.19788622856140137,2.97857928276062,0.3748100996017456,0.1337178498506546,0.14351235330104828,0.14562198680911803,0.33031705316690063,0.7940881848335266,0.3927724442060986,10x_human_lymph_node_D1
wo_Sinkhorn_OT,42,111,361,1.2548844814300537,0.19881658256053925,2.9786219596862793,0.37527477741241455,0.1331567019224167,0.14325425028800964,0.14542912729849622,0.33053371442722984,0.7947453856468201,0.39305311461526016,10x_human_lymph_node_D1
wo_Sinkhorn_OT,42,112,362,1.254685640335083,0.2002326101064682,2.978573799133301,0.37418442964553833,0.13504087924957275,0.14471209049224854,0.14549683362952237,0.330212351086506,0.7952418327331543,0.3926007716216181,10x_human_lymph_node_D1
wo_Sinkhorn_OT,42,113,363,1.2531100511550903,0.20070892572402954,2.978496551513672,0.37578877806663513,0.13329170644283295,0.1425701081752777,0.14542135195095565,0.3304971485254777,0.7944415807723999,0.3929987483334639,10x_human_lymph_node_D1
wo_Sinkhorn_OT,42,114,364,1.2509931325912476,0.20039381086826324,2.9778661727905273,0.37424302101135254,0.13479864597320557,0.1448761522769928,0.14545765139080316,0.3303589738237551,0.7971193790435791,0.39282027877510517,10x_human_lymph_node_D1
wo_Sinkhorn_OT,42,115,365,1.2475730180740356,0.19900034368038177,2.9771196842193604,0.37532031536102295,0.1330188512802124,0.14331761002540588,0.1452493434800016,0.3295472992874888,0.7975877523422241,0.39182985629209743,10x_human_lymph_node_D1
wo_Sinkhorn_OT,42,116,366,1.2461062669754028,0.19951049983501434,2.9767072200775146,0.37510761618614197,0.13328395783901215,0.1433466374874115,0.14562736872128249,0.330164844875207,0.7988334894180298,0.39260648073937976,10x_human_lymph_node_D1
wo_Sinkhorn_OT,42,117,367,1.2448819875717163,0.19921039044857025,2.9766530990600586,0.37425920367240906,0.13501696288585663,0.144624263048172,0.14537010750924373,0.32967895337648523,0.7955284714698792,0.391967569166625,10x_human_lymph_node_D1
wo_Sinkhorn_OT,42,118,368,1.239801287651062,0.19717708230018616,2.9763779640197754,0.37547415494918823,0.13117672502994537,0.1417231559753418,0.1454118659042006,0.33068010136919246,0.7994800806045532,0.39322061323670066,10x_human_lymph_node_D1
wo_Sinkhorn_OT,42,119,369,1.2374951839447021,0.19479835033416748,2.97563099861145,0.3741484582424164,0.13407835364341736,0.14415642619132996,0.14556715333112571,0.33102351002467467,0.8019291758537292,0.3936017458899079,10x_human_lymph_node_D1
wo_Sinkhorn_OT,42,120,370,1.2359533309936523,0.19565148651599884,2.975341320037842,0.37492528557777405,0.13290990889072418,0.14291062951087952,0.14549138273170853,0.3297954527285957,0.8012641072273254,0.3920739515869694,10x_human_lymph_node_D1
wo_Sinkhorn_OT,42,121,371,1.2336902618408203,0.19488774240016937,2.975022792816162,0.374644935131073,0.1332191824913025,0.1433674693107605,0.14525401190065684,0.32987451242091004,0.8037471175193787,0.3923201426645661,10x_human_lymph_node_D1
wo_Sinkhorn_OT,42,122,372,1.230098843574524,0.19218672811985016,2.9751627445220947,0.37446722388267517,0.1331218183040619,0.14321523904800415,0.14562198680911803,0.33031705316690063,0.8075479865074158,0.3927724442060986,10x_human_lymph_node_D1
wo_Sinkhorn_OT,42,123,373,1.228223443031311,0.19218187034130096,2.9753191471099854,0.37483593821525574,0.13242195546627045,0.14244353771209717,0.1451113597200137,0.3292905447311483,0.8083708882331848,0.39154507545905604,10x_human_lymph_node_D1
wo_Sinkhorn_OT,42,124,374,1.227178931236267,0.19291581213474274,2.974330186843872,0.3743226230144501,0.13359445333480835,0.14375552535057068,0.14524264615823004,0.32983559240657717,0.8092199563980103,0.3922637409273394,10x_human_lymph_node_D1
wo_Sinkhorn_OT,42,125,375,1.2238438129425049,0.1917400062084198,2.9730591773986816,0.37462449073791504,0.1327274739742279,0.1427796185016632,0.14548509287622272,0.3300813288677074,0.8106141090393066,0.39250448638315927,10x_human_lymph_node_D1
wo_Sinkhorn_OT,42,126,376,1.2216436862945557,0.19036810100078583,2.9736478328704834,0.37460365891456604,0.13295333087444305,0.14259110391139984,0.14534486602211125,0.33002998120052296,0.8139267563819885,0.3924670020320316,10x_human_lymph_node_D1
wo_Sinkhorn_OT,42,127,377,1.2206916809082031,0.19065947830677032,2.9743504524230957,0.37436115741729736,0.1335342675447464,0.14327877759933472,0.14555756744947693,0.330941078160258,0.8137627840042114,0.39353226739982883,10x_human_lymph_node_D1
wo_Sinkhorn_OT,42,128,378,1.217878818511963,0.19037717580795288,2.9723308086395264,0.37469229102134705,0.13290919363498688,0.14237575232982635,0.14533675492537892,0.329992583292262,0.8149751424789429,0.39241146902108587,10x_human_lymph_node_D1
wo_Sinkhorn_OT,42,129,379,1.2153217792510986,0.18880118429660797,2.9717180728912354,0.3743284046649933,0.1337493509054184,0.14324308931827545,0.1451046377142815,0.32971723833277633,0.8173008561134338,0.39211970724930556,10x_human_lymph_node_D1
wo_Sinkhorn_OT,42,130,380,1.2143733501434326,0.18939176201820374,2.9731404781341553,0.37456172704696655,0.13324739038944244,0.14259609580039978,0.14534486602211125,0.33002998120052296,0.8182765245437622,0.3924670020320316,10x_human_lymph_node_D1
wo_Sinkhorn_OT,42,131,381,1.2126781940460205,0.1891440600156784,2.971766471862793,0.3744102716445923,0.13422195613384247,0.14287051558494568,0.1454023981715771,0.3307488458336629,0.8180406093597412,0.393279077920901,10x_human_lymph_node_D1
wo_Sinkhorn_OT,42,132,382,1.2101874351501465,0.1896357387304306,2.970374584197998,0.374748170375824,0.1330084651708603,0.14229479432106018,0.14534486602211125,0.33002998120052296,0.8208318948745728,0.3924670020320316,10x_human_lymph_node_D1
wo_Sinkhorn_OT,42,133,383,1.2092485427856445,0.18881583213806152,2.971207857131958,0.37393173575401306,0.13505321741104126,0.14397646486759186,0.14535460475534764,0.33006813569637034,0.8206910490989685,0.39252296600707437,10x_human_lymph_node_D1
wo_Sinkhorn_OT,42,134,384,1.2072635889053345,0.19042743742465973,2.9709222316741943,0.37529534101486206,0.13198751211166382,0.14093385636806488,0.14499267267145902,0.32907918932319796,0.8202335834503174,0.39129960989673546,10x_human_lymph_node_D1
wo_Sinkhorn_OT,42,135,385,1.2070623636245728,0.18974000215530396,2.9696297645568848,0.3733856976032257,0.13696354627609253,0.14521069824695587,0.14535460475534764,0.33006813569637034,0.8214521408081055,0.39252296600707437,10x_human_lymph_node_D1
wo_Sinkhorn_OT,42,136,386,1.2067140340805054,0.1948687732219696,2.9703898429870605,0.3758905231952667,0.13132373988628387,0.1400720179080963,0.14521806294660378,0.32978123442908336,0.8208025097846985,0.3921660034587653,10x_human_lymph_node_D1
wo_Sinkhorn_OT,42,137,387,1.2082831859588623,0.1952809989452362,2.9704344272613525,0.3735879957675934,0.13737790286540985,0.14577430486679077,0.14530762948137757,0.3305901238556121,0.8185275793075562,0.39312900864206,10x_human_lymph_node_D1
wo_Sinkhorn_OT,42,138,388,1.206749677658081,0.19855745136737823,2.9692811965942383,0.3746446967124939,0.1341022253036499,0.14285048842430115,0.14510995934070237,0.32966081175681033,0.8199899196624756,0.39197870348288855,10x_human_lymph_node_D1
wo_Sinkhorn_OT,42,139,389,1.203845500946045,0.19729112088680267,2.969224452972412,0.3760155439376831,0.13223402202129364,0.14084814488887787,0.14524264615823004,0.32983559240657717,0.8190625309944153,0.3922637409273394,10x_human_lymph_node_D1
wo_Sinkhorn_OT,42,140,390,1.19994056224823,0.19225835800170898,2.968937873840332,0.3727414011955261,0.13695937395095825,0.1464419662952423,0.14523585249463947,0.3299694073784166,0.8203228116035461,0.39239890989459925,10x_human_lymph_node_D1
wo_Sinkhorn_OT,42,141,391,1.1930135488510132,0.19014473259449005,2.9672257900238037,0.3757578432559967,0.12974907457828522,0.13939712941646576,0.14511001088528225,0.32954819629083326,0.8223720788955688,0.39185729403304315,10x_human_lymph_node_D1
wo_Sinkhorn_OT,42,142,392,1.193221926689148,0.1906045377254486,2.967090606689453,0.3745136260986328,0.13299450278282166,0.14228221774101257,0.14549260836960592,0.3301864910723288,0.8227693438529968,0.3926669996851082,10x_human_lymph_node_D1
wo_Sinkhorn_OT,42,143,393,1.1947685480117798,0.19326874613761902,2.967437744140625,0.3732702136039734,0.13578999042510986,0.14513972401618958,0.14522617263016285,0.32981863773501224,0.8241429328918457,0.39222153646971103,10x_human_lymph_node_D1
wo_Sinkhorn_OT,42,144,394,1.1894303560256958,0.19134604930877686,2.9664933681488037,0.37580886483192444,0.1306035965681076,0.1395896077156067,0.14533675492537892,0.329992583292262,0.823234498500824,0.39241146902108587,10x_human_lymph_node_D1
wo_Sinkhorn_OT,42,145,395,1.184645175933838,0.1863156408071518,2.9658491611480713,0.37408411502838135,0.1328698694705963,0.14237849414348602,0.14535460475534764,0.33006813569637034,0.828194797039032,0.39252296600707437,10x_human_lymph_node_D1
wo_Sinkhorn_OT,42,146,396,1.1856898069381714,0.1889888048171997,2.9656405448913574,0.3734888732433319,0.13461937010288239,0.14390434324741364,0.1451177817747681,0.32958478969083155,0.8275565505027771,0.39191166031483954,10x_human_lymph_node_D1
wo_Sinkhorn_OT,42,147,397,1.184396743774414,0.19111351668834686,2.9653961658477783,0.3754049837589264,0.1313919723033905,0.14046600461006165,0.14515246089418501,0.3303978764584819,0.8238361477851868,0.3928758191631322,10x_human_lymph_node_D1
wo_Sinkhorn_OT,42,148,398,1.1794260740280151,0.18651363253593445,2.964949607849121,0.37396225333213806,0.13267020881175995,0.1425490528345108,0.14535460475534764,0.33006813569637034,0.8302587866783142,0.39252296600707437,10x_human_lymph_node_D1
wo_Sinkhorn_OT,42,149,399,1.1776618957519531,0.18517917394638062,2.9643659591674805,0.37331730127334595,0.1345340609550476,0.14377707242965698,0.14530089134420188,0.3306113525849087,0.8307827115058899,0.3931427681594745,10x_human_lymph_node_D1
wo_Sinkhorn_OT,42,150,400,1.1772794723510742,0.18843813240528107,2.964191198348999,0.3755108416080475,0.13117273151874542,0.139756977558136,0.14539013964863678,0.3305807966102497,0.8290618658065796,0.3930751051756081,10x_human_lymph_node_D1
wo_Dense_Gram,42,1,251,1.5136581659317017,0.2623775601387024,2.998086452484131,0.3791755437850952,0.098255954682827,0.13670849800109863,0.1470261594442539,0.3204352740497403,0.2880162000656128,0.37934682715504464,10x_human_lymph_node_D1
wo_Dense_Gram,42,2,252,1.5113765001296997,0.26273635029792786,2.9979422092437744,0.37818291783332825,0.09890823811292648,0.13674326241016388,0.14758482196404007,0.32154773120487806,0.29158520698547363,0.3809120488232242,10x_human_lymph_node_D1
wo_Dense_Gram,42,3,253,1.5094623565673828,0.26312023401260376,2.9985098838806152,0.37723448872566223,0.10052243620157242,0.13712045550346375,0.14885282733267843,0.3233805610333688,0.29731932282447815,0.3832016219608669,10x_human_lymph_node_D1
wo_Dense_Gram,42,4,254,1.5079126358032227,0.26346251368522644,2.9997901916503906,0.3766522705554962,0.1026143878698349,0.13747695088386536,0.14924127133071527,0.324544185105575,0.3053435981273651,0.3847940553691324,10x_human_lymph_node_D1
wo_Dense_Gram,42,5,255,1.5060969591140747,0.2634384036064148,3.0010433197021484,0.37646546959877014,0.10491505265235901,0.13747727870941162,0.1501679295696469,0.3262154498326191,0.31312796473503113,0.38668730178187394,10x_human_lymph_node_D1
wo_Dense_Gram,42,6,256,1.5040922164916992,0.26315543055534363,3.0023295879364014,0.3765130341053009,0.10733959823846817,0.1372406780719757,0.15129158599076578,0.3278568670425915,0.3222189247608185,0.3884999237747074,10x_human_lymph_node_D1
wo_Dense_Gram,42,7,257,1.502075433731079,0.26282668113708496,3.003835916519165,0.3765791058540344,0.11004544049501419,0.13694025576114655,0.1496381644457169,0.3278758053746628,0.331824392080307,0.388431479204479,10x_human_lymph_node_D1
wo_Dense_Gram,42,8,258,1.4999010562896729,0.2623733878135681,3.0052199363708496,0.3765803277492523,0.11276394873857498,0.1366855353116989,0.14806578031708675,0.32583017455999075,0.3419646620750427,0.38581779400270433,10x_human_lymph_node_D1
wo_Dense_Gram,42,9,259,1.497727870941162,0.26189476251602173,3.0064616203308105,0.3763815462589264,0.11585105955600739,0.13676415383815765,0.14839757951760507,0.3271754514735311,0.35259705781936646,0.38729594472922146,10x_human_lymph_node_D1
wo_Dense_Gram,42,10,260,1.4955438375473022,0.2614254653453827,3.007739543914795,0.3760596513748169,0.1192096546292305,0.13694140315055847,0.14743888690290657,0.32834730269645107,0.3633209466934204,0.38851482498926515,10x_human_lymph_node_D1
wo_Dense_Gram,42,11,261,1.4934208393096924,0.26100894808769226,3.008928060531616,0.3758014142513275,0.12267232686281204,0.13717849552631378,0.14592519932403392,0.32787376991616063,0.3751622140407562,0.3877649569322036,10x_human_lymph_node_D1
wo_Dense_Gram,42,12,262,1.4910986423492432,0.26032644510269165,3.009922504425049,0.3755228519439697,0.1261996179819107,0.1374671757221222,0.1451877261366634,0.3276435776639323,0.3860960304737091,0.38749034524394327,10x_human_lymph_node_D1
wo_Dense_Gram,42,13,263,1.4887465238571167,0.25974494218826294,3.010848045349121,0.37547802925109863,0.12966470420360565,0.1374576985836029,0.14540948592851205,0.32884427235330393,0.3985772430896759,0.3887585565239229,10x_human_lymph_node_D1
wo_Dense_Gram,42,14,264,1.486298680305481,0.25905171036720276,3.01175594329834,0.3755129277706146,0.13266561925411224,0.13732700049877167,0.14567715893140368,0.33001969594711994,0.40963396430015564,0.39017316528809126,10x_human_lymph_node_D1
wo_Dense_Gram,42,15,265,1.4837145805358887,0.25829899311065674,3.012542247772217,0.3756967782974243,0.13582731783390045,0.13696809113025665,0.1451121524457983,0.3290762212568231,0.4211157560348511,0.3890968463383832,10x_human_lymph_node_D1
wo_Dense_Gram,42,16,266,1.4809510707855225,0.25742965936660767,3.0131771564483643,0.3758086562156677,0.1391318142414093,0.13658715784549713,0.14233056776475206,0.32595549086640435,0.43306201696395874,0.3852185565356372,10x_human_lymph_node_D1
wo_Dense_Gram,42,17,267,1.4781173467636108,0.25647613406181335,3.0136711597442627,0.3758658468723297,0.14288698136806488,0.1362951099872589,0.14297479474557437,0.32673098616896595,0.44499698281288147,0.38627719705124,10x_human_lymph_node_D1
wo_Dense_Gram,42,18,268,1.4752641916275024,0.2555937170982361,3.0141115188598633,0.3759365677833557,0.14649873971939087,0.1359299123287201,0.14104466343840608,0.3265657984619921,0.45644840598106384,0.38591179493540523,10x_human_lymph_node_D1
wo_Dense_Gram,42,19,269,1.4723299741744995,0.254568487405777,3.014411687850952,0.37601104378700256,0.15033017098903656,0.13562381267547607,0.13993465355693088,0.3255969058164231,0.4677716791629791,0.3845261751201764,10x_human_lymph_node_D1
wo_Dense_Gram,42,20,270,1.4692461490631104,0.2532893121242523,3.014608144760132,0.3761613368988037,0.15420900285243988,0.13527292013168335,0.14047663757334342,0.3271890267068038,0.479027658700943,0.3865048626255978,10x_human_lymph_node_D1
wo_Dense_Gram,42,21,271,1.466246247291565,0.2521969974040985,3.014770746231079,0.3763061463832855,0.15805664658546448,0.13491417467594147,0.1394802228072025,0.32759875260596244,0.4900839924812317,0.3869036425772331,10x_human_lymph_node_D1
wo_Dense_Gram,42,22,272,1.4631959199905396,0.25101223587989807,3.014857530593872,0.37648460268974304,0.16173863410949707,0.13455253839492798,0.13842727727666854,0.3255558044037577,0.5001968145370483,0.38448227165516774,10x_human_lymph_node_D1
wo_Dense_Gram,42,23,273,1.46009361743927,0.24994879961013794,3.014829158782959,0.37660467624664307,0.16543544828891754,0.13413114845752716,0.13749609465985638,0.3266597426376758,0.5115142464637756,0.3856802400044562,10x_human_lymph_node_D1
wo_Dense_Gram,42,24,274,1.4569661617279053,0.24879926443099976,3.014798164367676,0.3767583966255188,0.1690678745508194,0.13369612395763397,0.13675631207368621,0.3250562801274102,0.522464394569397,0.3837228373310144,10x_human_lymph_node_D1
wo_Dense_Gram,42,25,275,1.4536311626434326,0.24728187918663025,3.0147478580474854,0.3769269287586212,0.17247074842453003,0.1332300901412964,0.13583013301207414,0.32632160204940247,0.5332595705986023,0.3852904434146747,10x_human_lymph_node_D1
wo_Dense_Gram,42,26,276,1.4504497051239014,0.2460014373064041,3.014622926712036,0.3770580291748047,0.1756691038608551,0.1328696757555008,0.13624204381097724,0.32720745815448965,0.54368656873703,0.3864012313355104,10x_human_lymph_node_D1
wo_Dense_Gram,42,27,277,1.4472885131835938,0.24481220543384552,3.0144643783569336,0.37708377838134766,0.1791681945323944,0.13257363438606262,0.13559458825001414,0.3270982563266252,0.55278480052948,0.3861888857352401,10x_human_lymph_node_D1
wo_Dense_Gram,42,28,278,1.444206953048706,0.24361297488212585,3.0143823623657227,0.3771269917488098,0.1821066290140152,0.1323281228542328,0.13533198317930284,0.3258174207449344,0.5626745223999023,0.38474425684297325,10x_human_lymph_node_D1
wo_Dense_Gram,42,29,279,1.4416297674179077,0.24271175265312195,3.0146589279174805,0.37721607089042664,0.18559183180332184,0.13231831789016724,0.13543896798578575,0.32725972199848014,0.5708186626434326,0.38647988418024765,10x_human_lymph_node_D1
wo_Dense_Gram,42,30,280,1.4414926767349243,0.24418947100639343,3.0161221027374268,0.3776335120201111,0.18968655169010162,0.13296937942504883,0.13587872289957328,0.32703232360725926,0.574298620223999,0.3861138076411372,10x_human_lymph_node_D1
wo_Dense_Gram,42,31,281,1.442920207977295,0.24603784084320068,3.020246982574463,0.3777759075164795,0.19415773451328278,0.13431325554847717,0.13292557797954146,0.3246049737902357,0.5772193670272827,0.38319283817621747,10x_human_lymph_node_D1
wo_Dense_Gram,42,32,282,1.4370511770248413,0.24087195098400116,3.022763967514038,0.37740907073020935,0.19326721131801605,0.132014662027359,0.1358429155021971,0.32640656159767445,0.591488778591156,0.3855635839605144,10x_human_lymph_node_D1
wo_Dense_Gram,42,33,283,1.4307019710540771,0.23754383623600006,3.018576145172119,0.3771948516368866,0.19436201453208923,0.1312406361103058,0.135231798530679,0.326833477414825,0.6001695394515991,0.38594560183979504,10x_human_lymph_node_D1
wo_Dense_Gram,42,34,284,1.4295293092727661,0.24003171920776367,3.0163445472717285,0.37725114822387695,0.19804884493350983,0.13195829093456268,0.1324695559941478,0.3240000031776565,0.6022989749908447,0.3826331610856037,10x_human_lymph_node_D1
wo_Dense_Gram,42,35,285,1.4256248474121094,0.23651088774204254,3.018775463104248,0.37733790278434753,0.19862671196460724,0.13081257045269012,0.13545950733407702,0.3275612114638465,0.6122066974639893,0.38694743875804694,10x_human_lymph_node_D1
wo_Dense_Gram,42,36,286,1.4206701517105103,0.23383352160453796,3.0166003704071045,0.37731337547302246,0.20014862716197968,0.1301899552345276,0.13459409184160445,0.3269309525540474,0.62065589427948,0.38613563572511794,10x_human_lymph_node_D1
wo_Dense_Gram,42,37,287,1.419182538986206,0.2350136637687683,3.0158276557922363,0.3773161470890045,0.20273320376873016,0.13066184520721436,0.13361438289569696,0.3262894289295269,0.62425696849823,0.3854004421915428,10x_human_lymph_node_D1
wo_Dense_Gram,42,38,288,1.4155586957931519,0.23279576003551483,3.0162761211395264,0.37735646963119507,0.20328423380851746,0.13002949953079224,0.13527217153496124,0.3279984794082985,0.6327090263366699,0.3876147130162902,10x_human_lymph_node_D1
wo_Dense_Gram,42,39,289,1.4106276035308838,0.2299365997314453,3.0140814781188965,0.3773117959499359,0.20424972474575043,0.12959156930446625,0.13476836238966627,0.328380760808547,0.6400471925735474,0.3879083578303753,10x_human_lymph_node_D1
wo_Dense_Gram,42,40,290,1.4083969593048096,0.22970885038375854,3.014085292816162,0.37728819251060486,0.20560361444950104,0.12966498732566833,0.13300037417068067,0.32668636082393127,0.6442734599113464,0.38586059791863386,10x_human_lymph_node_D1
wo_Dense_Gram,42,41,291,1.4059350490570068,0.22973932325839996,3.0134589672088623,0.377252459526062,0.2070249319076538,0.1295495629310608,0.1356818612454292,0.3282511546599101,0.650048553943634,0.3878611980042596,10x_human_lymph_node_D1
wo_Dense_Gram,42,42,292,1.40109121799469,0.22632020711898804,3.0123305320739746,0.3772026002407074,0.20796918869018555,0.1290721297264099,0.13382416799071395,0.3271190172141343,0.6574529409408569,0.386468759531484,10x_human_lymph_node_D1
wo_Dense_Gram,42,43,293,1.3978294134140015,0.22486980259418488,3.0121803283691406,0.3772873878479004,0.2090277373790741,0.1286008059978485,0.13348249662885492,0.32549679739147497,0.6627744436264038,0.3845093042797553,10x_human_lymph_node_D1
wo_Dense_Gram,42,44,294,1.3952255249023438,0.2247561514377594,3.0109918117523193,0.3773706555366516,0.20951096713542938,0.1285649836063385,0.13446631062617578,0.32769684272024857,0.6677760481834412,0.3872252032128548,10x_human_lymph_node_D1
wo_Dense_Gram,42,45,295,1.393115520477295,0.22473762929439545,3.011054515838623,0.3773539066314697,0.21110792458057404,0.12854233384132385,0.13385060979521118,0.3275287763967239,0.6715639233589172,0.38709656912863544,10x_human_lymph_node_D1
wo_Dense_Gram,42,46,296,1.3898510932922363,0.2233283817768097,3.0105764865875244,0.3770938813686371,0.21299852430820465,0.12851324677467346,0.13366739880333198,0.3275068477718647,0.6771166324615479,0.3870517089995554,10x_human_lymph_node_D1
wo_Dense_Gram,42,47,297,1.385960340499878,0.22118748724460602,3.0096702575683594,0.37720194458961487,0.2135571390390396,0.12806430459022522,0.13398244458144745,0.32724788011331074,0.6819759011268616,0.3868425074013924,10x_human_lymph_node_D1
wo_Dense_Gram,42,48,298,1.382550597190857,0.2195369303226471,3.009176731109619,0.37720978260040283,0.2144315093755722,0.1277649700641632,0.13392030632188265,0.32738200740481194,0.6877561211585999,0.3869460718558998,10x_human_lymph_node_D1
wo_Dense_Gram,42,49,299,1.3794652223587036,0.2182134985923767,3.008845567703247,0.3770076036453247,0.216242253780365,0.12776437401771545,0.13359448334211013,0.325781493186666,0.6934851408004761,0.3850394997749436,10x_human_lymph_node_D1
wo_Dense_Gram,42,50,300,1.3769205808639526,0.21775437891483307,3.0083584785461426,0.3771342933177948,0.21774671971797943,0.12759725749492645,0.13446216382314222,0.327410305522203,0.6982696056365967,0.387134013819563,10x_human_lymph_node_D1
wo_Dense_Gram,42,51,301,1.3749382495880127,0.21799413859844208,3.0081841945648193,0.3772119879722595,0.21906138956546783,0.12752337753772736,0.13423157124171856,0.327531360379559,0.7016661167144775,0.38722179312101385,10x_human_lymph_node_D1
wo_Dense_Gram,42,52,302,1.373286485671997,0.21879644691944122,3.0079073905944824,0.37722092866897583,0.22081580758094788,0.12756815552711487,0.1333227414278116,0.32609921308768286,0.7042603492736816,0.3854274414741367,10x_human_lymph_node_D1
wo_Dense_Gram,42,53,303,1.3726310729980469,0.2206292301416397,3.0079803466796875,0.37728065252304077,0.22196842730045319,0.12792843580245972,0.13479301514253422,0.3288530909878725,0.7082440257072449,0.3888472355029002,10x_human_lymph_node_D1
wo_Dense_Gram,42,54,304,1.3702154159545898,0.22052758932113647,3.0074760913848877,0.37740498781204224,0.22301873564720154,0.1276124268770218,0.13365661570259912,0.32852887175659434,0.7103232145309448,0.3883560971234822,10x_human_lymph_node_D1
wo_Dense_Gram,42,55,305,1.3643848896026611,0.21544791758060455,3.0065596103668213,0.3770565390586853,0.22281572222709656,0.12719890475273132,0.13441593578082767,0.32797433265179887,0.717339038848877,0.38785119564259174,10x_human_lymph_node_D1
wo_Dense_Gram,42,56,306,1.35912024974823,0.21150390803813934,3.0054707527160645,0.3769494891166687,0.2228718250989914,0.12652912735939026,0.13411441726276752,0.3280540085992297,0.7230513691902161,0.3879463542461132,10x_human_lymph_node_D1
wo_Dense_Gram,42,57,307,1.3574312925338745,0.21190033853054047,3.0055582523345947,0.3771788775920868,0.22362393140792847,0.12639299035072327,0.13420565473385704,0.3282883411319161,0.7249743938446045,0.3881161689477152,10x_human_lymph_node_D1
wo_Dense_Gram,42,58,308,1.3569434881210327,0.21409186720848083,3.005812406539917,0.3771604895591736,0.2259257733821869,0.12660805881023407,0.13454143862406753,0.32844149740510903,0.72756427526474,0.38848165392972633,10x_human_lymph_node_D1
wo_Dense_Gram,42,59,309,1.3538599014282227,0.21311627328395844,3.004892349243164,0.37718871235847473,0.2266211211681366,0.1263439953327179,0.1339447906559181,0.3281282255537612,0.7301281094551086,0.3879939730305823,10x_human_lymph_node_D1
wo_Dense_Gram,42,60,310,1.3488980531692505,0.20906788110733032,3.004150152206421,0.3772203326225281,0.22618833184242249,0.1258581280708313,0.13445713989086328,0.32763595884558594,0.7358642816543579,0.38754784782423385,10x_human_lymph_node_D1
wo_Dense_Gram,42,61,311,1.3448553085327148,0.20658095180988312,3.0033504962921143,0.3769523799419403,0.22667749226093292,0.12569740414619446,0.13374825033041252,0.3276419797686648,0.7403035759925842,0.3874061289402925,10x_human_lymph_node_D1
wo_Dense_Gram,42,62,312,1.34340500831604,0.20773129165172577,3.003085136413574,0.3771246075630188,0.22764743864536285,0.12547269463539124,0.13377005506826714,0.32656890281511786,0.742466151714325,0.38616999849380296,10x_human_lymph_node_D1
wo_Dense_Gram,42,63,313,1.3419619798660278,0.208482027053833,3.002990245819092,0.37702757120132446,0.22939790785312653,0.12573614716529846,0.1344201461572521,0.3277987287003406,0.7452520132064819,0.3877662548216481,10x_human_lymph_node_D1
wo_Dense_Gram,42,64,314,1.3388185501098633,0.20735345780849457,3.002328395843506,0.37691935896873474,0.2299782931804657,0.1254732757806778,0.1340730485399991,0.32776745996104106,0.7469852566719055,0.38760815683946437,10x_human_lymph_node_D1
wo_Dense_Gram,42,65,315,1.3346672058105469,0.2042228877544403,3.001829147338867,0.37723320722579956,0.2299042046070099,0.12496445327997208,0.1342328794753287,0.3280694691149065,0.7532936930656433,0.3879390122864191,10x_human_lymph_node_D1
wo_Dense_Gram,42,66,316,1.3311344385147095,0.2023593932390213,3.0011584758758545,0.37690696120262146,0.23085995018482208,0.12496884912252426,0.13377190431241845,0.3271116000964527,0.755301296710968,0.3868821788845997,10x_human_lymph_node_D1
wo_Dense_Gram,42,67,317,1.3287246227264404,0.20213206112384796,3.0007314682006836,0.3769659101963043,0.2316371202468872,0.12468985468149185,0.1341865643744494,0.32759834057918885,0.7580472826957703,0.38751898354461584,10x_human_lymph_node_D1
wo_Dense_Gram,42,68,318,1.326573133468628,0.20182952284812927,3.0006256103515625,0.37707722187042236,0.23301228880882263,0.12460452318191528,0.13440328629073292,0.32772891555358463,0.761116623878479,0.387665894068738,10x_human_lymph_node_D1
wo_Dense_Gram,42,69,319,1.3245491981506348,0.20206867158412933,3.000261068344116,0.37697136402130127,0.23381254076957703,0.12458208948373795,0.13429670041412542,0.3281486778662192,0.7627719044685364,0.38810072062930306,10x_human_lymph_node_D1
wo_Dense_Gram,42,70,320,1.3217113018035889,0.2007482796907425,2.99992036819458,0.37706413865089417,0.23416468501091003,0.1245131641626358,0.1340542855453199,0.32741562735651975,0.7664881348609924,0.3872662227192226,10x_human_lymph_node_D1
wo_Dense_Gram,42,71,321,1.318368673324585,0.1993606686592102,2.999269962310791,0.37676551938056946,0.23536430299282074,0.12432800233364105,0.1343381801943192,0.32859730976066653,0.7693933844566345,0.38860498782340586,10x_human_lymph_node_D1
wo_Dense_Gram,42,72,322,1.3151551485061646,0.19760167598724365,2.998821258544922,0.37684348225593567,0.23602896928787231,0.12416617572307587,0.13370859690316686,0.3270812641111325,0.7718100547790527,0.3868413128744855,10x_human_lymph_node_D1
wo_Dense_Gram,42,73,323,1.3124477863311768,0.19679325819015503,2.9983367919921875,0.37703877687454224,0.23568274080753326,0.12382036447525024,0.13390414104806084,0.3273182374993134,0.7742711901664734,0.3871631903840578,10x_human_lymph_node_D1
wo_Dense_Gram,42,74,324,1.3098206520080566,0.19594348967075348,2.9980974197387695,0.37671738862991333,0.23781828582286835,0.12397225201129913,0.1342423994271964,0.3278909410130244,0.7770181894302368,0.3878465852191713,10x_human_lymph_node_D1
wo_Dense_Gram,42,75,325,1.3071695566177368,0.19487085938453674,2.9979357719421387,0.3770011067390442,0.2376575469970703,0.12366168946027756,0.13391061240468546,0.32787045370866247,0.7805132865905762,0.38772716799881973,10x_human_lymph_node_D1
wo_Dense_Gram,42,76,326,1.3048269748687744,0.19452698528766632,2.9977798461914062,0.3767274022102356,0.2391315996646881,0.12368626147508621,0.13416196343007708,0.3277522684941306,0.7811490893363953,0.38768753612456686,10x_human_lymph_node_D1
wo_Dense_Gram,42,77,327,1.3026690483093262,0.19397270679473877,2.9981882572174072,0.37721380591392517,0.2389722615480423,0.12312455475330353,0.1337956257931043,0.32719102108063186,0.7843454480171204,0.3869929705245388,10x_human_lymph_node_D1
wo_Dense_Gram,42,78,328,1.3002636432647705,0.1930733472108841,2.99849534034729,0.3764750063419342,0.24107222259044647,0.12371013313531876,0.13365810300965775,0.32621350263049803,0.7864574193954468,0.38584078956840745,10x_human_lymph_node_D1
wo_Dense_Gram,42,79,329,1.2988636493682861,0.1935674250125885,2.9989984035491943,0.37693360447883606,0.24062444269657135,0.1232818216085434,0.1342181534697174,0.32761384258591897,0.787981390953064,0.3875524108608321,10x_human_lymph_node_D1
wo_Dense_Gram,42,80,330,1.2978960275650024,0.19589906930923462,2.997512102127075,0.3769588768482208,0.24202008545398712,0.12334294617176056,0.13416994068953286,0.32792431764218377,0.7873976230621338,0.38777265287042284,10x_human_lymph_node_D1
wo_Dense_Gram,42,81,331,1.2994455099105835,0.20139019191265106,2.9962284564971924,0.37687450647354126,0.2441466897726059,0.1241932213306427,0.1343232037835322,0.32773463356031346,0.7855897545814514,0.3876952821462917,10x_human_lymph_node_D1
wo_Dense_Gram,42,82,332,1.300874948501587,0.20578233897686005,2.9969561100006104,0.3775005638599396,0.24350124597549438,0.12406088411808014,0.13400481613906914,0.32770833438377756,0.7837991118431091,0.3876207628624816,10x_human_lymph_node_D1
wo_Dense_Gram,42,83,333,1.2918357849121094,0.1952587515115738,2.9978373050689697,0.3766990602016449,0.24330388009548187,0.1233464777469635,0.13415585826099038,0.3275615584336788,0.7914188504219055,0.38742080389236777,10x_human_lymph_node_D1
wo_Dense_Gram,42,84,334,1.2855356931686401,0.1896960288286209,2.9968338012695312,0.3765864670276642,0.24275517463684082,0.12256965041160583,0.1343232037835322,0.32773463356031346,0.7953839302062988,0.3876952821462917,10x_human_lymph_node_D1
wo_Dense_Gram,42,85,335,1.286354899406433,0.19462518393993378,2.99454927444458,0.37703466415405273,0.24327795207500458,0.12284932285547256,0.13412331052496754,0.3285036057589709,0.7936164736747742,0.3885306069630888,10x_human_lymph_node_D1
wo_Dense_Gram,42,86,336,1.2836130857467651,0.1936783790588379,2.99448823928833,0.37676891684532166,0.2446444183588028,0.12271037697792053,0.13420479702853466,0.32759173677836434,0.7966838479042053,0.3874988149272677,10x_human_lymph_node_D1
wo_Dense_Gram,42,87,337,1.279011607170105,0.18937048316001892,2.9957387447357178,0.3764960765838623,0.24587886035442352,0.1221950501203537,0.13448753440028408,0.3283344898769105,0.7999846339225769,0.3883505878020807,10x_human_lymph_node_D1
wo_Dense_Gram,42,88,338,1.276676893234253,0.18918222188949585,2.9937679767608643,0.3772134780883789,0.24420519173145294,0.12202928960323334,0.13373226565312873,0.3271465624522455,0.8012411594390869,0.38695462566905964,10x_human_lymph_node_D1
wo_Dense_Gram,42,89,339,1.274052619934082,0.1888798475265503,2.992708683013916,0.3764685094356537,0.24651308357715607,0.12246213853359222,0.13452350086772313,0.32802042910639,0.8031492233276367,0.3880944349400475,10x_human_lymph_node_D1
wo_Dense_Gram,42,90,340,1.2713067531585693,0.18729045987129211,2.9940497875213623,0.3763801157474518,0.2466447353363037,0.12196777760982513,0.1340953966893629,0.3277383192203413,0.8050614595413208,0.3876815570333141,10x_human_lymph_node_D1
wo_Dense_Gram,42,91,341,1.268639087677002,0.18645533919334412,2.9925036430358887,0.3770163357257843,0.2454066425561905,0.1217367947101593,0.13400030460043902,0.3274126184422311,0.8067733645439148,0.3872848092041582,10x_human_lymph_node_D1
wo_Dense_Gram,42,92,342,1.26694655418396,0.18745723366737366,2.991460084915161,0.3763171434402466,0.24885842204093933,0.12226635217666626,0.13421636255324346,0.3276533261392414,0.8068485260009766,0.38765565253143935,10x_human_lymph_node_D1
wo_Dense_Gram,42,93,343,1.2637789249420166,0.18511168658733368,2.9927916526794434,0.37684136629104614,0.2470100075006485,0.12126541137695312,0.1341853402379256,0.32826118986154895,0.810930073261261,0.38826384089208577,10x_human_lymph_node_D1
wo_Dense_Gram,42,94,344,1.259479284286499,0.18257103860378265,2.990617036819458,0.37662652134895325,0.2477041780948639,0.12137257307767868,0.13412049561671074,0.3281410426798863,0.8140040636062622,0.388218895885526,10x_human_lymph_node_D1
wo_Dense_Gram,42,95,345,1.2581993341445923,0.18380242586135864,2.989866018295288,0.37626487016677856,0.25020796060562134,0.12178327888250351,0.13434234338358192,0.3283330637120128,0.8129318952560425,0.38845974126637045,10x_human_lymph_node_D1
wo_Dense_Gram,42,96,346,1.256475806236267,0.18328902125358582,2.991312265396118,0.37680569291114807,0.24923355877399445,0.1211080253124237,0.13400322018797015,0.32795839894992784,0.8153018951416016,0.38797750415424126,10x_human_lymph_node_D1
wo_Dense_Gram,42,97,347,1.2522962093353271,0.18102778494358063,2.989248514175415,0.3766416311264038,0.2511094808578491,0.12103106826543808,0.13405387392449156,0.32803919138818627,0.8180038928985596,0.38808662749328077,10x_human_lymph_node_D1
wo_Dense_Gram,42,98,348,1.2505416870117188,0.18146677315235138,2.9885900020599365,0.37637588381767273,0.2518364489078522,0.12131665647029877,0.13388588398328097,0.3271737337313864,0.8193777799606323,0.3870475835806912,10x_human_lymph_node_D1
wo_Dense_Gram,42,99,349,1.2494432926177979,0.1821902096271515,2.9896092414855957,0.3763880133628845,0.2519282400608063,0.12113238871097565,0.1339640530389736,0.32794711429755596,0.8185479044914246,0.3879582300668228,10x_human_lymph_node_D1
wo_Dense_Gram,42,100,350,1.2451742887496948,0.17948734760284424,2.987799644470215,0.37679556012153625,0.2523368299007416,0.12064160406589508,0.1342411929941547,0.32828529938967604,0.822607696056366,0.3884293091076841,10x_human_lymph_node_D1
wo_Dense_Gram,42,101,351,1.2427499294281006,0.17887549102306366,2.987504482269287,0.37607264518737793,0.25418874621391296,0.1211494654417038,0.1342411929941547,0.32828529938967604,0.8238747715950012,0.3884293091076841,10x_human_lymph_node_D1
wo_Dense_Gram,42,102,352,1.2412772178649902,0.17915883660316467,2.9879746437072754,0.3765338361263275,0.2530367970466614,0.12067814916372299,0.13400322018797015,0.32795839894992784,0.8247690200805664,0.38797750415424126,10x_human_lymph_node_D1
wo_Dense_Gram,42,103,353,1.2383171319961548,0.17835065722465515,2.986495018005371,0.37674105167388916,0.2537206709384918,0.12034795433282852,0.13445464751816338,0.328473656749659,0.8256152272224426,0.3886523065954868,10x_human_lymph_node_D1
wo_Dense_Gram,42,104,354,1.2354720830917358,0.17703357338905334,2.9862685203552246,0.3760780990123749,0.2555537521839142,0.12079192698001862,0.13415038469303547,0.3281928268319388,0.82758629322052,0.38830070693211494,10x_human_lymph_node_D1
wo_Dense_Gram,42,105,355,1.233396053314209,0.17652419209480286,2.986340045928955,0.37649914622306824,0.25509947538375854,0.12041181325912476,0.13443211586139292,0.328474420788492,0.8297837376594543,0.3886586037681915,10x_human_lymph_node_D1
wo_Dense_Gram,42,106,356,1.2316789627075195,0.1772376298904419,2.985511064529419,0.3764585256576538,0.2559815049171448,0.1203421950340271,0.1345087143916543,0.3285257041870211,0.8307755589485168,0.3887289161362087,10x_human_lymph_node_D1
wo_Dense_Gram,42,107,357,1.2300482988357544,0.17742906510829926,2.985426187515259,0.37638354301452637,0.2562181055545807,0.12048904597759247,0.13443211586139292,0.328474420788492,0.8315030932426453,0.3886586037681915,10x_human_lymph_node_D1
wo_Dense_Gram,42,108,358,1.228808045387268,0.178795725107193,2.9850008487701416,0.3762371838092804,0.2582402527332306,0.12038014829158783,0.1341556231271181,0.32808126141279936,0.8311805725097656,0.38815906374789505,10x_human_lymph_node_D1
wo_Dense_Gram,42,109,359,1.2286771535873413,0.18122172355651855,2.9844350814819336,0.37687933444976807,0.25682324171066284,0.12016519904136658,0.1344688846098939,0.3285148289852894,0.8314396142959595,0.38871059640303873,10x_human_lymph_node_D1
wo_Dense_Gram,42,110,360,1.2281429767608643,0.18312308192253113,2.9844093322753906,0.3759756088256836,0.25997015833854675,0.12102650851011276,0.13377284418957855,0.32789000853580214,0.8309235572814941,0.38797459946800306,10x_human_lymph_node_D1
wo_Dense_Gram,42,111,361,1.2244306802749634,0.18055889010429382,2.9841041564941406,0.3769589960575104,0.25827234983444214,0.11985462158918381,0.134402207624451,0.3284226548312121,0.8340137600898743,0.38857679272160267,10x_human_lymph_node_D1
wo_Dense_Gram,42,112,362,1.2184308767318726,0.17549455165863037,2.9827799797058105,0.3760102689266205,0.25893521308898926,0.1200973317027092,0.13400491463587194,0.3280051995336845,0.8363490104675293,0.3880808561937612,10x_human_lymph_node_D1
wo_Dense_Gram,42,113,363,1.2148559093475342,0.1731177270412445,2.982494354248047,0.37639135122299194,0.25767335295677185,0.11950846016407013,0.1344688846098939,0.3285148289852894,0.838341236114502,0.38871059640303873,10x_human_lymph_node_D1
wo_Dense_Gram,42,114,364,1.2137868404388428,0.17441241443157196,2.9821479320526123,0.3764662742614746,0.25979408621788025,0.11940479278564453,0.13445464751816338,0.328473656749659,0.8376279473304749,0.3886523065954868,10x_human_lymph_node_D1
wo_Dense_Gram,42,115,365,1.2137678861618042,0.17705713212490082,2.9817047119140625,0.37612131237983704,0.26068341732025146,0.11996036022901535,0.134064831796811,0.3280569034798498,0.8366480469703674,0.388147031794505,10x_human_lymph_node_D1
wo_Dense_Gram,42,116,366,1.2114287614822388,0.17617236077785492,2.981698513031006,0.37661293148994446,0.2604210376739502,0.11947686970233917,0.1344688846098939,0.3285148289852894,0.8396741151809692,0.38871059640303873,10x_human_lymph_node_D1
wo_Dense_Gram,42,117,367,1.206866979598999,0.17290815711021423,2.980992317199707,0.37604865431785583,0.2616773843765259,0.11942870914936066,0.1342866346635796,0.3282868038756867,0.8420482277870178,0.3884387530298378,10x_human_lymph_node_D1
wo_Dense_Gram,42,118,368,1.2033555507659912,0.17081961035728455,2.980300188064575,0.3761765956878662,0.26031583547592163,0.11910697817802429,0.1344688846098939,0.3285148289852894,0.8425663113594055,0.38871059640303873,10x_human_lymph_node_D1
wo_Dense_Gram,42,119,369,1.2017985582351685,0.1711902767419815,2.9800302982330322,0.3763539493083954,0.26061224937438965,0.1189923882484436,0.134352872666553,0.3284574576078757,0.843879759311676,0.38865773605031834,10x_human_lymph_node_D1
wo_Dense_Gram,42,120,370,1.2006505727767944,0.17239515483379364,2.9797186851501465,0.3759182095527649,0.26291903853416443,0.1192827969789505,0.13436467768238677,0.32848596374156125,0.8444076180458069,0.38873085236585114,10x_human_lymph_node_D1
wo_Dense_Gram,42,121,371,1.1983662843704224,0.1717306524515152,2.9793832302093506,0.37646496295928955,0.26174062490463257,0.11877957731485367,0.1344688846098939,0.3285148289852894,0.8447696566581726,0.38871059640303873,10x_human_lymph_node_D1
wo_Dense_Gram,42,122,372,1.1944499015808105,0.16904689371585846,2.9788405895233154,0.3761224150657654,0.26323994994163513,0.11880115419626236,0.13423006167963358,0.3282807730267752,0.8475927710533142,0.38845182121537986,10x_human_lymph_node_D1
wo_Dense_Gram,42,123,373,1.1918556690216064,0.16809192299842834,2.9784181118011475,0.37594127655029297,0.2641347646713257,0.11885958909988403,0.13436643838126305,0.32842450069040696,0.8480923175811768,0.3885964712231904,10x_human_lymph_node_D1
wo_Dense_Gram,42,124,374,1.1905543804168701,0.16890445351600647,2.977987766265869,0.37643665075302124,0.2637239098548889,0.11845709383487701,0.1344688846098939,0.3285148289852894,0.8483230471611023,0.38871059640303873,10x_human_lymph_node_D1
wo_Dense_Gram,42,125,375,1.1886917352676392,0.16891445219516754,2.9777774810791016,0.37603262066841125,0.2655492126941681,0.11873868107795715,0.13424945008290642,0.3284290346592758,0.8497416377067566,0.38867848682306994,10x_human_lymph_node_D1
wo_Dense_Gram,42,126,376,1.185823678970337,0.16747720539569855,2.977537155151367,0.3760365843772888,0.26503539085388184,0.11858750879764557,0.134352872666553,0.3284574576078757,0.852467954158783,0.38865773605031834,10x_human_lymph_node_D1
wo_Dense_Gram,42,127,377,1.1830414533615112,0.1664476841688156,2.9768593311309814,0.3763485848903656,0.26564598083496094,0.11811795830726624,0.1341972691528777,0.328364139391043,0.8527812361717224,0.3885603341799889,10x_human_lymph_node_D1
wo_Dense_Gram,42,128,378,1.1808314323425293,0.16601312160491943,2.9763872623443604,0.37570226192474365,0.26710426807403564,0.11867177486419678,0.1342187537405544,0.3285139191554737,0.8532983064651489,0.38878852138999964,10x_human_lymph_node_D1
wo_Dense_Gram,42,129,379,1.1793277263641357,0.16643114387989044,2.9763429164886475,0.3763180673122406,0.26565665006637573,0.1180262565612793,0.13453028654562485,0.3285676350433271,0.8542056679725647,0.388778179969188,10x_human_lymph_node_D1
wo_Dense_Gram,42,130,380,1.1767604351043701,0.16560359299182892,2.9757206439971924,0.3758810758590698,0.26793134212493896,0.11832479387521744,0.13413583010603197,0.32837313555504394,0.8551456332206726,0.38862718865267254,10x_human_lymph_node_D1
wo_Dense_Gram,42,131,381,1.1738636493682861,0.16435696184635162,2.9751532077789307,0.3759998679161072,0.26800084114074707,0.11801330745220184,0.13466525805115662,0.32877304087287196,0.8568183183670044,0.3890575438432154,10x_human_lymph_node_D1
wo_Dense_Gram,42,132,382,1.17160964012146,0.16380754113197327,2.974762439727783,0.3761022388935089,0.2682797610759735,0.11786291748285294,0.13415854794443335,0.328321829507788,0.8579963445663452,0.3885061812792134,10x_human_lymph_node_D1
wo_Dense_Gram,42,133,383,1.16993248462677,0.16401009261608124,2.9744529724121094,0.3758128583431244,0.26975125074386597,0.11813097447156906,0.13413583010603197,0.32837313555504394,0.8579255938529968,0.38862718865267254,10x_human_lymph_node_D1
wo_Dense_Gram,42,134,384,1.1679391860961914,0.16385586559772491,2.974175214767456,0.37623369693756104,0.269106924533844,0.11761903762817383,0.1346281510729062,0.3287322447024587,0.8582177758216858,0.38900499177036973,10x_human_lymph_node_D1
wo_Dense_Gram,42,135,385,1.165690302848816,0.16347955167293549,2.973689556121826,0.375707745552063,0.27119356393814087,0.1179436445236206,0.13413583010603197,0.32837313555504394,0.8594933748245239,0.38862718865267254,10x_human_lymph_node_D1
wo_Dense_Gram,42,136,386,1.163306474685669,0.1626606285572052,2.973177433013916,0.37631648778915405,0.26977261900901794,0.11743366718292236,0.1342187537405544,0.3285139191554737,0.8603726625442505,0.38878852138999964,10x_human_lymph_node_D1
wo_Dense_Gram,42,137,387,1.1610103845596313,0.16224132478237152,2.97281551361084,0.37558141350746155,0.2718140780925751,0.11786510050296783,0.1342187537405544,0.3285139191554737,0.8614386320114136,0.38878852138999964,10x_human_lymph_node_D1
wo_Dense_Gram,42,138,388,1.158873200416565,0.16180139780044556,2.972503423690796,0.37616387009620667,0.27102816104888916,0.11726997792720795,0.1342187537405544,0.3285139191554737,0.8627503514289856,0.38878852138999964,10x_human_lymph_node_D1
wo_Dense_Gram,42,139,389,1.156691312789917,0.16127221286296844,2.9722225666046143,0.37567412853240967,0.2727191150188446,0.11767315864562988,0.1342187537405544,0.3285139191554737,0.8632543683052063,0.38878852138999964,10x_human_lymph_node_D1
wo_Dense_Gram,42,140,390,1.1549971103668213,0.1615288406610489,2.9720208644866943,0.37605491280555725,0.27231067419052124,0.11717132478952408,0.1342187537405544,0.3285139191554737,0.8635784983634949,0.38878852138999964,10x_human_lymph_node_D1
wo_Dense_Gram,42,141,391,1.1531195640563965,0.16127723455429077,2.971827268600464,0.3756156265735626,0.2736699879169464,0.117629773914814,0.1342187537405544,0.3285139191554737,0.8640096783638,0.38878852138999964,10x_human_lymph_node_D1
wo_Dense_Gram,42,142,392,1.1517969369888306,0.1620146930217743,2.9717533588409424,0.37612029910087585,0.2737998962402344,0.11700299382209778,0.13413583010603197,0.32837313555504394,0.8642762303352356,0.38862718865267254,10x_human_lymph_node_D1
wo_Dense_Gram,42,143,393,1.1508312225341797,0.16307701170444489,2.971647024154663,0.3754871189594269,0.2750472128391266,0.11761561036109924,0.1342187537405544,0.3285139191554737,0.8648554086685181,0.38878852138999964,10x_human_lymph_node_D1
wo_Dense_Gram,42,144,394,1.1520156860351562,0.16690239310264587,2.9715514183044434,0.3762945532798767,0.2747953534126282,0.11722216755151749,0.13413583010603197,0.32837313555504394,0.862802267074585,0.38862718865267254,10x_human_lymph_node_D1
wo_Dense_Gram,42,145,395,1.1553478240966797,0.17379970848560333,2.971496105194092,0.3757164180278778,0.2768605947494507,0.11814465373754501,0.1342187537405544,0.3285139191554737,0.8594825267791748,0.38878852138999964,10x_human_lymph_node_D1
wo_Dense_Gram,42,146,396,1.1586649417877197,0.1804673820734024,2.9713516235351562,0.3762887716293335,0.27710047364234924,0.11819727718830109,0.134101110068149,0.3282579975109586,0.8552465438842773,0.3884879170373904,10x_human_lymph_node_D1
wo_Dense_Gram,42,147,397,1.147923469543457,0.16929581761360168,2.970001697540283,0.37606102228164673,0.27428701519966125,0.1171635091304779,0.13415715744865714,0.32846019077397204,0.8611972332000732,0.3887194518495826,10x_human_lymph_node_D1
wo_Dense_Gram,42,148,398,1.1401832103729248,0.1616734117269516,2.969512701034546,0.3751000463962555,0.2752169668674469,0.1171654611825943,0.1342187537405544,0.3285139191554737,0.8639665842056274,0.38878852138999964,10x_human_lymph_node_D1
wo_Dense_Gram,42,149,399,1.141301155090332,0.1646449714899063,2.970435619354248,0.37631821632385254,0.2753962278366089,0.1165362149477005,0.13413583010603197,0.32837313555504394,0.8636245727539062,0.38862718865267254,10x_human_lymph_node_D1
wo_Dense_Gram,42,150,400,1.1412678956985474,0.16668474674224854,2.970994710922241,0.3758060932159424,0.2769923806190491,0.11701464653015137,0.13415715744865714,0.32846019077397204,0.864844560623169,0.3887194518495826,10x_human_lymph_node_D1
wo_Spatial_Contrastive,42,1,251,1.3261436223983765,0.26246973872184753,2.9968101978302,0.37917184829711914,0.09828103333711624,0.13668105006217957,0.14585996599132886,0.3182867492842938,0.287640243768692,0.3773176466369037,10x_human_lymph_node_D1
wo_Spatial_Contrastive,42,2,252,1.3228870630264282,0.2625347673892975,2.9973256587982178,0.38081610202789307,0.09730183333158493,0.13549575209617615,0.14673890120458558,0.31909613217095767,0.29201415181159973,0.37822095027795644,10x_human_lymph_node_D1
wo_Spatial_Contrastive,42,3,253,1.320421576499939,0.2625962495803833,2.9985246658325195,0.3823128342628479,0.09702698886394501,0.1346869021654129,0.1469392465551169,0.31929387487269273,0.29773759841918945,0.37842816694059905,10x_human_lymph_node_D1
wo_Spatial_Contrastive,42,4,254,1.3186078071594238,0.2626749873161316,2.999891757965088,0.38340237736701965,0.09743781387805939,0.13425469398498535,0.1492416752448602,0.3213183851015312,0.3055940568447113,0.38089352182212993,10x_human_lymph_node_D1
wo_Spatial_Contrastive,42,5,255,1.316901683807373,0.2626335024833679,3.0013465881347656,0.38369640707969666,0.09817980229854584,0.1338268220424652,0.14950455925854012,0.3217457638435784,0.31344348192214966,0.3813019378193583,10x_human_lymph_node_D1
wo_Spatial_Contrastive,42,6,256,1.3153533935546875,0.2626158893108368,3.003124237060547,0.3835253119468689,0.09903555363416672,0.13340389728546143,0.14687557775087295,0.3197820609135895,0.3220922648906708,0.378695894270359,10x_human_lymph_node_D1
wo_Spatial_Contrastive,42,7,257,1.3140156269073486,0.2626670300960541,3.0048623085021973,0.38272759318351746,0.10015503317117691,0.13307631015777588,0.14817346603548368,0.3217397724954464,0.3308858573436737,0.38095340935615624,10x_human_lymph_node_D1
wo_Spatial_Contrastive,42,8,258,1.312383770942688,0.26279035210609436,3.006549596786499,0.3823709785938263,0.10084488987922668,0.13275238871574402,0.1473130453185421,0.3209493175035721,0.3400155007839203,0.3800392995291793,10x_human_lymph_node_D1
wo_Spatial_Contrastive,42,9,259,1.3103368282318115,0.2628861367702484,3.0071065425872803,0.38208726048469543,0.1015612930059433,0.1325112283229828,0.14726461554064657,0.32334528066353685,0.3494546413421631,0.38292045848582,10x_human_lymph_node_D1
wo_Spatial_Contrastive,42,10,260,1.3077260255813599,0.26300904154777527,3.0067687034606934,0.38220176100730896,0.1020674929022789,0.13217006623744965,0.1480339801319876,0.32454746161685,0.35868045687675476,0.3845706578639508,10x_human_lymph_node_D1
wo_Spatial_Contrastive,42,11,261,1.3053867816925049,0.2630079686641693,3.0072498321533203,0.38252168893814087,0.10261355340480804,0.13181337714195251,0.14692306006798317,0.3231262319587125,0.3678290545940399,0.3828699010715581,10x_human_lymph_node_D1
wo_Spatial_Contrastive,42,12,262,1.3034576177597046,0.2627696990966797,3.008835792541504,0.3826662302017212,0.10329893231391907,0.13146212697029114,0.14728097904813353,0.3241539831340419,0.3773457109928131,0.3841435717199352,10x_human_lymph_node_D1
wo_Spatial_Contrastive,42,13,263,1.3013259172439575,0.26234328746795654,3.0101318359375,0.3831427991390228,0.10408782958984375,0.13102778792381287,0.14829822107615057,0.3252397079778435,0.38657352328300476,0.3854282320806703,10x_human_lymph_node_D1
wo_Spatial_Contrastive,42,14,264,1.2987868785858154,0.2619491517543793,3.0099775791168213,0.3829805850982666,0.10497858375310898,0.13071969151496887,0.14847431853176937,0.3259385970757374,0.395774781703949,0.3862584639397198,10x_human_lymph_node_D1
wo_Spatial_Contrastive,42,15,265,1.2960375547409058,0.26124176383018494,3.0100045204162598,0.38330936431884766,0.10576142370700836,0.13033300638198853,0.1478890334407033,0.325567362439099,0.40470197796821594,0.38559212752295413,10x_human_lymph_node_D1
wo_Spatial_Contrastive,42,16,266,1.2936360836029053,0.26060304045677185,3.0105814933776855,0.3835254907608032,0.10661119222640991,0.1300109624862671,0.1476085175528767,0.32598709439208523,0.4130953550338745,0.3861606386749427,10x_human_lymph_node_D1
wo_Spatial_Contrastive,42,17,267,1.2912960052490234,0.2601352632045746,3.0105504989624023,0.3835219740867615,0.10766011476516724,0.12979847192764282,0.14689317026868234,0.3258399251589575,0.4232110381126404,0.38604565169677674,10x_human_lymph_node_D1
wo_Spatial_Contrastive,42,18,268,1.28841233253479,0.2595652639865875,3.010085344314575,0.3837641775608063,0.10830144584178925,0.12950162589550018,0.14779587620079082,0.3271286429627247,0.4323430061340332,0.38749415631874584,10x_human_lymph_node_D1
wo_Spatial_Contrastive,42,19,269,1.2858506441116333,0.25882765650749207,3.010183811187744,0.3838578462600708,0.10914424061775208,0.12926805019378662,0.1471165065397542,0.3269036707668563,0.44099289178848267,0.3873322605767319,10x_human_lymph_node_D1
wo_Spatial_Contrastive,42,20,270,1.2836666107177734,0.2582974433898926,3.0105743408203125,0.3837808072566986,0.110138438642025,0.12909460067749023,0.1474077144074985,0.32773315966420136,0.4507483243942261,0.3884043699472815,10x_human_lymph_node_D1
wo_Spatial_Contrastive,42,21,271,1.2811421155929565,0.25756022334098816,3.010707378387451,0.3839731216430664,0.11104101687669754,0.1288045346736908,0.14733636378358836,0.32771771265940536,0.4594845771789551,0.38838071466178464,10x_human_lymph_node_D1
wo_Spatial_Contrastive,42,22,272,1.2783870697021484,0.25659844279289246,3.0107431411743164,0.38405194878578186,0.11183251440525055,0.12849903106689453,0.14686500168435618,0.3273285753458254,0.4684491753578186,0.38790005780206727,10x_human_lymph_node_D1
wo_Spatial_Contrastive,42,23,273,1.2757786512374878,0.25585588812828064,3.0107944011688232,0.3840322494506836,0.11265374720096588,0.12818370759487152,0.14665834020229912,0.3275747831648611,0.4769081771373749,0.38824365613496675,10x_human_lymph_node_D1
wo_Spatial_Contrastive,42,24,274,1.2729387283325195,0.25502660870552063,3.0106706619262695,0.3843785524368286,0.11329301446676254,0.12785837054252625,0.14499393977117178,0.32657386649320747,0.4852326512336731,0.38687181750670446,10x_human_lymph_node_D1
wo_Spatial_Contrastive,42,25,275,1.2700755596160889,0.25395795702934265,3.010507345199585,0.3843577206134796,0.11399151384830475,0.12763437628746033,0.1453520809363727,0.3268809913049599,0.49350371956825256,0.3873712235862939,10x_human_lymph_node_D1
wo_Spatial_Contrastive,42,26,276,1.2674165964126587,0.253296434879303,3.0106327533721924,0.3845456838607788,0.11452329158782959,0.12736913561820984,0.14466836146763873,0.3265040771504359,0.5017444491386414,0.38693849385476425,10x_human_lymph_node_D1
wo_Spatial_Contrastive,42,27,277,1.2647266387939453,0.25235986709594727,3.010516405105591,0.3845641314983368,0.11525721848011017,0.12719902396202087,0.14454071463635823,0.32678967989358576,0.509665846824646,0.38732446275522137,10x_human_lymph_node_D1
wo_Spatial_Contrastive,42,28,278,1.2618595361709595,0.2515100836753845,3.0103838443756104,0.3846656084060669,0.11569875478744507,0.126979798078537,0.1444497736968247,0.32694456932474475,0.5180209875106812,0.38752255733489693,10x_human_lymph_node_D1
wo_Spatial_Contrastive,42,29,279,1.259004831314087,0.25049540400505066,3.010484218597412,0.3851141929626465,0.116184763610363,0.12671564519405365,0.14428800356615867,0.32647036106965904,0.5257150530815125,0.38689073845630056,10x_human_lymph_node_D1
wo_Spatial_Contrastive,42,30,280,1.2565312385559082,0.2493702471256256,3.0103373527526855,0.3847593069076538,0.11715320497751236,0.12674753367900848,0.14575722621068263,0.32755293065143193,0.5327289700508118,0.3883875016965953,10x_human_lymph_node_D1
wo_Spatial_Contrastive,42,31,281,1.25339937210083,0.24867700040340424,3.0104730129241943,0.38559824228286743,0.11709948629140854,0.12630149722099304,0.14460057081547897,0.32752161531663465,0.5395376086235046,0.3880857210104516,10x_human_lymph_node_D1
wo_Spatial_Contrastive,42,32,282,1.251420497894287,0.2476763278245926,3.0106868743896484,0.38477185368537903,0.11817894130945206,0.12660562992095947,0.14625491822380132,0.32966268125105724,0.5464954972267151,0.39100042520725553,10x_human_lymph_node_D1
wo_Spatial_Contrastive,42,33,283,1.2483009099960327,0.24744606018066406,3.01127552986145,0.3861793279647827,0.11753183603286743,0.126100555062294,0.14452409332722274,0.3274604039479818,0.5528480410575867,0.38800126030080445,10x_human_lymph_node_D1
wo_Spatial_Contrastive,42,34,284,1.24981689453125,0.24893487989902496,3.012608528137207,0.38521909713745117,0.12001336365938187,0.127444326877594,0.14636312743481716,0.3296869826645265,0.5537732839584351,0.39098535452593214,10x_human_lymph_node_D1
wo_Spatial_Contrastive,42,35,285,1.252878189086914,0.2516292631626129,3.016857385635376,0.3869333267211914,0.12155070155858994,0.12929704785346985,0.1425656209453835,0.3258181735162592,0.555130660533905,0.38600115295149656,10x_human_lymph_node_D1
wo_Spatial_Contrastive,42,36,286,1.2473344802856445,0.24909256398677826,3.018796682357788,0.38691872358322144,0.1197786033153534,0.12740583717823029,0.14580026533655502,0.3280029003179456,0.5615162253379822,0.3887333211683942,10x_human_lymph_node_D1
wo_Spatial_Contrastive,42,37,287,1.2376055717468262,0.24414660036563873,3.0126659870147705,0.3853900134563446,0.11830754578113556,0.12566739320755005,0.14550451454048094,0.32851090377486325,0.5723263025283813,0.38964573767889443,10x_human_lymph_node_D1
wo_Spatial_Contrastive,42,38,288,1.2387292385101318,0.2477337270975113,3.012831926345825,0.386349081993103,0.11916695535182953,0.1269165277481079,0.1444514217986646,0.32714643211408906,0.5726268291473389,0.3877948955135389,10x_human_lymph_node_D1
wo_Spatial_Contrastive,42,39,289,1.232572078704834,0.24338416755199432,3.016120672225952,0.3861159086227417,0.1172785833477974,0.1249394416809082,0.1456943757832993,0.32827913906707995,0.5804651379585266,0.3892714374654483,10x_human_lymph_node_D1
wo_Spatial_Contrastive,42,40,290,1.230350136756897,0.24411766231060028,3.012547254562378,0.3858874440193176,0.11836769431829453,0.12549801170825958,0.1458250668268473,0.32779994693794307,0.582290768623352,0.3888261388336536,10x_human_lymph_node_D1
wo_Spatial_Contrastive,42,41,291,1.2262799739837646,0.24262715876102448,3.0131449699401855,0.38640666007995605,0.11753559112548828,0.12470345199108124,0.1430969300809332,0.32707329292707277,0.5894015431404114,0.3876521590909565,10x_human_lymph_node_D1
wo_Spatial_Contrastive,42,42,292,1.221849799156189,0.24036936461925507,3.0131595134735107,0.3862537443637848,0.11693728715181351,0.12410211563110352,0.14374758813585736,0.3267849501415208,0.5952926278114319,0.3874003131798986,10x_human_lymph_node_D1
wo_Spatial_Contrastive,42,43,293,1.2212830781936646,0.2417236715555191,3.0117223262786865,0.38576674461364746,0.11852797120809555,0.12479621917009354,0.14560898157671473,0.32766329489496687,0.5972104072570801,0.3886539768643122,10x_human_lymph_node_D1
wo_Spatial_Contrastive,42,44,294,1.2154126167297363,0.23799312114715576,3.012423276901245,0.3860917091369629,0.11735250800848007,0.1234852597117424,0.14352553164094103,0.32779701631416286,0.6049002408981323,0.38857696583968776,10x_human_lymph_node_D1
wo_Spatial_Contrastive,42,45,295,1.2129790782928467,0.23897607624530792,3.0104897022247314,0.38654083013534546,0.11738985031843185,0.12356773018836975,0.1437697159687763,0.32789809712107165,0.6087067127227783,0.38865532624632926,10x_human_lymph_node_D1
wo_Spatial_Contrastive,42,46,296,1.2110211849212646,0.23756544291973114,3.011533498764038,0.3857424855232239,0.11832094192504883,0.12372006475925446,0.1453009797547436,0.32875110792638523,0.6133010387420654,0.38990176224327533,10x_human_lymph_node_D1
wo_Spatial_Contrastive,42,47,297,1.2059881687164307,0.23549525439739227,3.0093376636505127,0.38594502210617065,0.1178922951221466,0.12313354015350342,0.1442620730727456,0.3288889953948034,0.6189831495285034,0.3899888486739337,10x_human_lymph_node_D1
wo_Spatial_Contrastive,42,48,298,1.2042292356491089,0.23612025380134583,3.0101535320281982,0.3865090310573578,0.11783211678266525,0.12299637496471405,0.14441299492788015,0.32891084771198437,0.622161865234375,0.3898594255495725,10x_human_lymph_node_D1
wo_Spatial_Contrastive,42,49,299,1.2000740766525269,0.23419660329818726,3.0084619522094727,0.3861125707626343,0.11784844845533371,0.12281230092048645,0.14457026438916898,0.32768691772007313,0.6275745630264282,0.3886282512768396,10x_human_lymph_node_D1
wo_Spatial_Contrastive,42,50,300,1.1977347135543823,0.2334529459476471,3.008638858795166,0.3863348364830017,0.1183282807469368,0.12276294082403183,0.14370869490578295,0.32805707861262273,0.6321900486946106,0.3889778849997997,10x_human_lymph_node_D1
wo_Spatial_Contrastive,42,51,301,1.1946897506713867,0.23286084830760956,3.007650852203369,0.3864409327507019,0.11850380897521973,0.12251563370227814,0.14477496471019696,0.32948596582021233,0.6373429298400879,0.3906047493256106,10x_human_lymph_node_D1
wo_Spatial_Contrastive,42,52,302,1.1912318468093872,0.23090706765651703,3.00726580619812,0.386271208524704,0.11877448111772537,0.12235693633556366,0.14503957316340474,0.3290959681250416,0.6416338086128235,0.390298870351457,10x_human_lymph_node_D1
wo_Spatial_Contrastive,42,53,303,1.188650369644165,0.23122064769268036,3.006993532180786,0.38686197996139526,0.11834202706813812,0.12221020460128784,0.1447304470969379,0.3289614663451792,0.6447128653526306,0.39015738487870977,10x_human_lymph_node_D1
wo_Spatial_Contrastive,42,54,304,1.1857898235321045,0.2299242913722992,3.0060508251190186,0.3863198459148407,0.11913593113422394,0.12214059382677078,0.1445638966990542,0.32883767182433205,0.6502829194068909,0.38994487073094636,10x_human_lymph_node_D1
wo_Spatial_Contrastive,42,55,305,1.1824859380722046,0.2283812314271927,3.0062015056610107,0.3864171504974365,0.11907999962568283,0.12186963856220245,0.14442601241369235,0.32802980974782525,0.6544316411018372,0.38904688130879655,10x_human_lymph_node_D1
wo_Spatial_Contrastive,42,56,306,1.1791980266571045,0.22768445312976837,3.0052623748779297,0.3867860734462738,0.11894690990447998,0.12159311026334763,0.1445443027172406,0.3295163312837742,0.6589798927307129,0.3907637730566147,10x_human_lymph_node_D1
wo_Spatial_Contrastive,42,57,307,1.1770380735397339,0.22750268876552582,3.005309820175171,0.3866485357284546,0.11912951618432999,0.12163275480270386,0.1437377632363822,0.328018441778672,0.6630809903144836,0.3890270600688024,10x_human_lymph_node_D1
wo_Spatial_Contrastive,42,58,308,1.174198865890503,0.22646401822566986,3.004863977432251,0.38659074902534485,0.11948024481534958,0.12151116132736206,0.14387195561911065,0.327453190927924,0.6660726070404053,0.38823648752212736,10x_human_lymph_node_D1
wo_Spatial_Contrastive,42,59,309,1.170589566230774,0.22494609653949738,3.004041910171509,0.3865559697151184,0.11952444911003113,0.1211937889456749,0.14322476085582667,0.32781700394918545,0.6715484857559204,0.3886559841201148,10x_human_lymph_node_D1
wo_Spatial_Contrastive,42,60,310,1.1678709983825684,0.2247547060251236,3.004244804382324,0.38719189167022705,0.11902975291013718,0.12100596725940704,0.1436120444890073,0.32788598008421976,0.6752336621284485,0.388716832416897,10x_human_lymph_node_D1
wo_Spatial_Contrastive,42,61,311,1.1655713319778442,0.2240011990070343,3.0035037994384766,0.3865155875682831,0.11977062374353409,0.12116410583257675,0.14386254481421756,0.32823630415657296,0.6782971024513245,0.3892782008897916,10x_human_lymph_node_D1
wo_Spatial_Contrastive,42,62,312,1.1629846096038818,0.22419039905071259,3.0032763481140137,0.38711822032928467,0.11956683546304703,0.1207788735628128,0.14334897222385923,0.3277704114301043,0.6824894547462463,0.38860905015926156,10x_human_lymph_node_D1
wo_Spatial_Contrastive,42,63,313,1.1615815162658691,0.22389395534992218,3.0028939247131348,0.3864193558692932,0.12068492919206619,0.12123570591211319,0.1438771939498621,0.3282840082509379,0.6848177313804626,0.38934310780029463,10x_human_lymph_node_D1
wo_Spatial_Contrastive,42,64,314,1.1591731309890747,0.22544290125370026,3.0034339427948,0.38828244805336,0.11953866481781006,0.12046638876199722,0.1432512678936872,0.327900073766737,0.6878916025161743,0.38870328505113255,10x_human_lymph_node_D1
wo_Spatial_Contrastive,42,65,315,1.1597434282302856,0.22408075630664825,3.003349781036377,0.3852787911891937,0.12320370227098465,0.1218920350074768,0.14364778592468896,0.32760771809644623,0.6885923743247986,0.38864744131760925,10x_human_lymph_node_D1
wo_Spatial_Contrastive,42,66,316,1.1533050537109375,0.22388583421707153,3.0029759407043457,0.3883705735206604,0.1190984696149826,0.12028777599334717,0.14305586829827727,0.328310145432981,0.6941190958023071,0.38912342552548324,10x_human_lymph_node_D1
wo_Spatial_Contrastive,42,67,317,1.1490185260772705,0.22019943594932556,3.0020267963409424,0.3868626058101654,0.11987441778182983,0.12012037634849548,0.14322291174107463,0.32772878026274466,0.6982927918434143,0.38869206562331154,10x_human_lymph_node_D1
wo_Spatial_Contrastive,42,68,318,1.1473714113235474,0.2202584594488144,3.001826524734497,0.38645288348197937,0.1205822303891182,0.12019871175289154,0.14361768042905607,0.32816288217684975,0.7004453539848328,0.3891534673389994,10x_human_lymph_node_D1
wo_Spatial_Contrastive,42,69,319,1.14418625831604,0.22101251780986786,3.0013160705566406,0.3879515826702118,0.11938706040382385,0.1195710077881813,0.14305406220001615,0.32710774702712747,0.7037440538406372,0.3877699153928218,10x_human_lymph_node_D1
wo_Spatial_Contrastive,42,70,320,1.1406075954437256,0.21775908768177032,3.000584125518799,0.3867519199848175,0.12023594230413437,0.11983532458543777,0.14324797696678598,0.32778841280336884,0.7084574103355408,0.3887689205997171,10x_human_lymph_node_D1
wo_Spatial_Contrastive,42,71,321,1.139244556427002,0.2188607007265091,3.00113844871521,0.3870176374912262,0.12024658173322678,0.11969755589962006,0.14326953300566472,0.327774032982488,0.7098621726036072,0.38864809481195806,10x_human_lymph_node_D1
wo_Spatial_Contrastive,42,72,322,1.1366395950317383,0.21896657347679138,3.0010387897491455,0.38770782947540283,0.11986782401800156,0.11937849223613739,0.14312499700861794,0.327191087286098,0.7126991748809814,0.38787241144066836,10x_human_lymph_node_D1
wo_Spatial_Contrastive,42,73,323,1.133556842803955,0.21753817796707153,2.999568462371826,0.3868574798107147,0.12048609554767609,0.1194162666797638,0.14325430816927714,0.32706475643434796,0.7174341678619385,0.3878105939556835,10x_human_lymph_node_D1
wo_Spatial_Contrastive,42,74,324,1.1338846683502197,0.22078841924667358,3.0001895427703857,0.3877579867839813,0.12052962183952332,0.11973250657320023,0.1435948703036245,0.328000045437796,0.7173639535903931,0.3889820506654363,10x_human_lymph_node_D1
wo_Spatial_Contrastive,42,75,325,1.1337743997573853,0.2233768254518509,3.0005173683166504,0.38737753033638,0.12096171826124191,0.11975091695785522,0.14297443596249163,0.32687979383730736,0.7195451259613037,0.38761199688698017,10x_human_lymph_node_D1
wo_Spatial_Contrastive,42,76,326,1.1297028064727783,0.22111229598522186,2.999311923980713,0.3874113857746124,0.12072953581809998,0.11977914720773697,0.14386848003267835,0.3282947958444054,0.7204025387763977,0.3893180655393439,10x_human_lymph_node_D1
wo_Spatial_Contrastive,42,77,327,1.1235746145248413,0.21742360293865204,2.9986674785614014,0.3876103460788727,0.11955321580171585,0.11878619343042374,0.14367758350966178,0.32817746861296415,0.7247111797332764,0.3891734108861337,10x_human_lymph_node_D1
wo_Spatial_Contrastive,42,78,328,1.1187998056411743,0.21416886150836945,2.9982404708862305,0.38724154233932495,0.11923682689666748,0.11835092306137085,0.14313338670128242,0.3276275967660277,0.7272558808326721,0.38854385001343006,10x_human_lymph_node_D1
wo_Spatial_Contrastive,42,79,329,1.1166956424713135,0.2142747938632965,2.997537612915039,0.38737958669662476,0.1194569393992424,0.11840701103210449,0.1434711152252416,0.3283946097831043,0.7299324870109558,0.38941285414470617,10x_human_lymph_node_D1
wo_Spatial_Contrastive,42,80,330,1.1171183586120605,0.21745117008686066,2.997709274291992,0.3876277506351471,0.11987809091806412,0.118707574903965,0.1435944958566153,0.32812926464469283,0.7313019633293152,0.3891673178216824,10x_human_lymph_node_D1
wo_Spatial_Contrastive,42,81,331,1.1136146783828735,0.2157411128282547,2.9974863529205322,0.38787320256233215,0.11975275725126266,0.1184270828962326,0.14332362031913387,0.3278180600920406,0.7333264946937561,0.38879340301484416,10x_human_lymph_node_D1
wo_Spatial_Contrastive,42,82,332,1.1076620817184448,0.21171875298023224,2.9962923526763916,0.3874508738517761,0.11917749047279358,0.11766695976257324,0.14348664424068597,0.327823412362773,0.738105297088623,0.38875036383046824,10x_human_lymph_node_D1
wo_Spatial_Contrastive,42,83,333,1.105342984199524,0.21056848764419556,2.9960460662841797,0.3869361877441406,0.11984198540449142,0.11778455227613449,0.14353548869542912,0.3279149677994218,0.7400894165039062,0.38888934945592074,10x_human_lymph_node_D1
wo_Spatial_Contrastive,42,84,334,1.1041115522384644,0.21269801259040833,2.996166706085205,0.38797056674957275,0.11925158649682999,0.1176668107509613,0.1430102906783844,0.32717014658869104,0.7411734461784363,0.3879899307447351,10x_human_lymph_node_D1
wo_Spatial_Contrastive,42,85,335,1.1016111373901367,0.2119271457195282,2.995605945587158,0.387483686208725,0.11973075568675995,0.11754792928695679,0.1434108060317911,0.328280919341992,0.7444948554039001,0.38925711985824013,10x_human_lymph_node_D1
wo_Spatial_Contrastive,42,86,336,1.0985686779022217,0.2097194492816925,2.9952917098999023,0.38686761260032654,0.12036393582820892,0.11761341989040375,0.1435504662907085,0.32796586972982195,0.7457273006439209,0.3889668565006755,10x_human_lymph_node_D1
wo_Spatial_Contrastive,42,87,337,1.094478726387024,0.20957131683826447,2.995112895965576,0.38837024569511414,0.11860412359237671,0.11677998304367065,0.14310297838353536,0.32714765758952274,0.749586284160614,0.38792690818673425,10x_human_lymph_node_D1
wo_Spatial_Contrastive,42,88,338,1.0921247005462646,0.20719565451145172,2.9943792819976807,0.3870309293270111,0.12031251192092896,0.11708980053663254,0.1435363188937638,0.32802123306358844,0.753182053565979,0.38906510437041164,10x_human_lymph_node_D1
wo_Spatial_Contrastive,42,89,339,1.0914664268493652,0.20870032906532288,2.9947283267974854,0.38732466101646423,0.12070289999246597,0.11716549098491669,0.14352308047863904,0.32799450236836675,0.7535057663917542,0.38902422295078315,10x_human_lymph_node_D1
wo_Spatial_Contrastive,42,90,340,1.0892724990844727,0.21099312603473663,2.9946787357330322,0.3886864185333252,0.11917134374380112,0.1165543720126152,0.14351864446391055,0.32785706974547335,0.7558996677398682,0.38881168150341994,10x_human_lymph_node_D1
wo_Spatial_Contrastive,42,91,341,1.085278868675232,0.20655466616153717,2.993537187576294,0.3869662582874298,0.12048369646072388,0.11695395410060883,0.1436074463097154,0.3280718753359592,0.7575833797454834,0.3891285172316956,10x_human_lymph_node_D1
wo_Spatial_Contrastive,42,92,342,1.0811052322387695,0.20473164319992065,2.993171453475952,0.387493759393692,0.1199285089969635,0.11632995307445526,0.14365564391031369,0.3280632277610822,0.7617673277854919,0.38910160603640626,10x_human_lymph_node_D1
wo_Spatial_Contrastive,42,93,343,1.078911304473877,0.2057138979434967,2.993560314178467,0.388414591550827,0.11909427493810654,0.11590871959924698,0.14382925793805942,0.3288854117287358,0.7629860639572144,0.3900425659189644,10x_human_lymph_node_D1
wo_Spatial_Contrastive,42,94,344,1.0772063732147217,0.2043248862028122,2.9930171966552734,0.3872232735157013,0.12060753256082535,0.11633298546075821,0.14359122441908187,0.32804255719964037,0.7650256156921387,0.3890826740066563,10x_human_lymph_node_D1
wo_Spatial_Contrastive,42,95,345,1.0746757984161377,0.20453061163425446,2.9922361373901367,0.38757947087287903,0.12039560079574585,0.11608734726905823,0.14350522205202804,0.3279630564637308,0.767850399017334,0.38900300352600153,10x_human_lymph_node_D1
wo_Spatial_Contrastive,42,96,346,1.072516679763794,0.20536716282367706,2.99242901802063,0.38870230317115784,0.11962340027093887,0.11585670709609985,0.1437422981800448,0.3281865866990854,0.7685937881469727,0.38927412397316785,10x_human_lymph_node_D1
wo_Spatial_Contrastive,42,97,347,1.0707588195800781,0.20387908816337585,2.9920499324798584,0.3872174322605133,0.12119802832603455,0.11613263189792633,0.14353128037947427,0.3279262174293972,0.7708950638771057,0.38893005738515773,10x_human_lymph_node_D1
wo_Spatial_Contrastive,42,98,348,1.066532015800476,0.2026604562997818,2.991502046585083,0.38802769780158997,0.12011230736970901,0.11552517116069794,0.1437112895218472,0.3281058730950587,0.7727646231651306,0.3891522776862131,10x_human_lymph_node_D1
wo_Spatial_Contrastive,42,99,349,1.0636526346206665,0.20214581489562988,2.9908971786499023,0.38819947838783264,0.11986983567476273,0.11534232646226883,0.1435784947352065,0.3287105587317669,0.7749016284942627,0.3898722127401165,10x_human_lymph_node_D1
wo_Spatial_Contrastive,42,100,350,1.0612508058547974,0.20109675824642181,2.9906201362609863,0.3878665566444397,0.12034527212381363,0.11538753658533096,0.14358729059130793,0.3287227755158962,0.7766925692558289,0.3898597641651604,10x_human_lymph_node_D1
wo_Spatial_Contrastive,42,101,351,1.0592191219329834,0.20045354962348938,2.9905104637145996,0.38747188448905945,0.1208992600440979,0.11542116105556488,0.14358686024131123,0.32793805149371047,0.7796111702919006,0.3889664124918,10x_human_lymph_node_D1
wo_Spatial_Contrastive,42,102,352,1.0567829608917236,0.2022167593240738,2.99017596244812,0.389009952545166,0.119499072432518,0.1148776262998581,0.14361145921821775,0.3279808638717486,0.7806297540664673,0.388972473518316,10x_human_lymph_node_D1
wo_Spatial_Contrastive,42,103,353,1.0562529563903809,0.20112881064414978,2.989792823791504,0.3872634768486023,0.12201182544231415,0.11551883071660995,0.14382801885995347,0.32826011479409223,0.7806435823440552,0.38937085526574133,10x_human_lymph_node_D1
wo_Spatial_Contrastive,42,104,354,1.0539867877960205,0.2034863829612732,2.989593029022217,0.3886753022670746,0.12024401873350143,0.11497281491756439,0.14345795362405908,0.3278633302148302,0.782681941986084,0.38883878354989726,10x_human_lymph_node_D1
wo_Spatial_Contrastive,42,105,355,1.0519202947616577,0.20202314853668213,2.9891772270202637,0.3878592848777771,0.12124410271644592,0.11535131186246872,0.144079016053658,0.3285495932835828,0.7832872867584229,0.38971354325183416,10x_human_lymph_node_D1
wo_Spatial_Contrastive,42,106,356,1.0494129657745361,0.20278576016426086,2.9889438152313232,0.38825997710227966,0.12063159048557281,0.11471959948539734,0.14335257432650103,0.3276791170930008,0.78521728515625,0.3886250817217873,10x_human_lymph_node_D1
wo_Spatial_Contrastive,42,107,357,1.047303557395935,0.20161345601081848,2.9889566898345947,0.3877437710762024,0.12118953466415405,0.11500127613544464,0.144114042017794,0.32930164460563754,0.7846311926841736,0.39057597774282776,10x_human_lymph_node_D1
wo_Spatial_Contrastive,42,108,358,1.0445488691329956,0.20209941267967224,2.9891533851623535,0.3883896768093109,0.12034942209720612,0.114275261759758,0.1432949990744529,0.3276808244105286,0.7851740717887878,0.3886152390433078,10x_human_lymph_node_D1
wo_Spatial_Contrastive,42,109,359,1.039771318435669,0.19855566322803497,2.9885916709899902,0.388033390045166,0.11990182846784592,0.11428599804639816,0.14377526803514143,0.32821740264929566,0.7889302372932434,0.3892951054630383,10x_human_lymph_node_D1
wo_Spatial_Contrastive,42,110,360,1.0366144180297852,0.19684676826000214,2.988077402114868,0.3878249526023865,0.12010697275400162,0.11423112452030182,0.1434172518972963,0.3279498710533544,0.7918853163719177,0.3890168756530915,10x_human_lymph_node_D1
wo_Spatial_Contrastive,42,111,361,1.0354046821594238,0.19931426644325256,2.9877026081085205,0.38914287090301514,0.11965952813625336,0.11375787854194641,0.14362623515746303,0.32871084314114324,0.7917946577072144,0.3898270421277185,10x_human_lymph_node_D1
wo_Spatial_Contrastive,42,112,362,1.0349879264831543,0.19806772470474243,2.987119674682617,0.38710570335388184,0.12218596786260605,0.11470961570739746,0.14357607099929354,0.32808962636955874,0.792233943939209,0.3891685102246333,10x_human_lymph_node_D1
wo_Spatial_Contrastive,42,113,363,1.0313432216644287,0.1999266892671585,2.9869604110717773,0.3892395496368408,0.11953403055667877,0.11355052888393402,0.14359360478942976,0.3285468419034105,0.793256938457489,0.3895951642665001,10x_human_lymph_node_D1
wo_Spatial_Contrastive,42,114,364,1.0287284851074219,0.19689840078353882,2.986966133117676,0.38779202103614807,0.1208309456706047,0.11401353776454926,0.1434926618189005,0.3287359604946825,0.7953607439994812,0.38992796239724226,10x_human_lymph_node_D1
wo_Spatial_Contrastive,42,115,365,1.0252076387405396,0.19602563977241516,2.986759901046753,0.38817182183265686,0.1200205534696579,0.11358572542667389,0.1436204069669651,0.32806311469175636,0.7977792620658875,0.3891018595174868,10x_human_lymph_node_D1
wo_Spatial_Contrastive,42,116,366,1.0224603414535522,0.19587460160255432,2.985525131225586,0.38867083191871643,0.1200021356344223,0.1132916584610939,0.14337382104074908,0.32772478484471873,0.7988943457603455,0.38870446349265914,10x_human_lymph_node_D1
wo_Spatial_Contrastive,42,117,367,1.0199391841888428,0.19453690946102142,2.9847755432128906,0.38789597153663635,0.12051913142204285,0.11355231702327728,0.1436973244162837,0.3288476319416937,0.8006373643875122,0.3900209450639072,10x_human_lymph_node_D1
wo_Spatial_Contrastive,42,118,368,1.0184998512268066,0.19614994525909424,2.985492706298828,0.38846704363822937,0.1198740303516388,0.11312152445316315,0.14333236821054196,0.32840832189479496,0.8006761074066162,0.38946463296967415,10x_human_lymph_node_D1
wo_Spatial_Contrastive,42,119,369,1.0171867609024048,0.1961216777563095,2.9855995178222656,0.38848161697387695,0.12055764347314835,0.11326298862695694,0.1433780184192888,0.3285934593378436,0.8008697628974915,0.3897390688671306,10x_human_lymph_node_D1
wo_Spatial_Contrastive,42,120,370,1.0135245323181152,0.1947392374277115,2.9843318462371826,0.3884752690792084,0.12019408494234085,0.11315663903951645,0.14323046497085046,0.32780195469219353,0.8050990104675293,0.3888223589583168,10x_human_lymph_node_D1
wo_Spatial_Contrastive,42,121,371,1.0107759237289429,0.19367973506450653,2.9837474822998047,0.38823196291923523,0.12050916254520416,0.11298191547393799,0.143458129444263,0.32790143314209114,0.8056643009185791,0.38890940402430774,10x_human_lymph_node_D1
wo_Spatial_Contrastive,42,122,372,1.0102083683013916,0.19507166743278503,2.9846034049987793,0.3885049819946289,0.12062965333461761,0.11305267363786697,0.14325437855092943,0.3276926687133101,0.8067426681518555,0.38869540390494317,10x_human_lymph_node_D1
wo_Spatial_Contrastive,42,123,373,1.0103802680969238,0.19843690097332,2.9852347373962402,0.38909658789634705,0.12020125985145569,0.11302711069583893,0.14410880139826876,0.3285407155113788,0.80523282289505,0.38967436332543565,10x_human_lymph_node_D1
wo_Spatial_Contrastive,42,124,374,1.0120577812194824,0.20104913413524628,2.9839274883270264,0.3876107633113861,0.122406505048275,0.11397549510002136,0.14318663072663157,0.3275739340249348,0.8048704862594604,0.38855620668256136,10x_human_lymph_node_D1
wo_Spatial_Contrastive,42,125,375,1.011247992515564,0.20627088844776154,2.984307289123535,0.3903835713863373,0.1197548434138298,0.11331948637962341,0.144312880061249,0.32867028854158153,0.8017863631248474,0.38981844013120687,10x_human_lymph_node_D1
wo_Spatial_Contrastive,42,126,376,1.0053739547729492,0.1995554268360138,2.984041452407837,0.388164758682251,0.12056726962327957,0.1132674515247345,0.1431252673645573,0.32763967276185846,0.8065158128738403,0.3886427540959213,10x_human_lymph_node_D1
wo_Spatial_Contrastive,42,127,377,0.9972054958343506,0.19273369014263153,2.981887102127075,0.38786858320236206,0.1201116219162941,0.11246159672737122,0.14342627336558447,0.3286002953174254,0.8072178959846497,0.3897308032516626,10x_human_lymph_node_D1
wo_Spatial_Contrastive,42,128,378,0.9950018525123596,0.19544219970703125,2.981682777404785,0.38996633887290955,0.118071548640728,0.11183050274848938,0.14359891186372453,0.32818238646878495,0.8091154098510742,0.38928458240868935,10x_human_lymph_node_D1
wo_Spatial_Contrastive,42,129,379,0.9967138171195984,0.19602976739406586,2.982653856277466,0.3879430890083313,0.12077970802783966,0.1129445880651474,0.1431188474814663,0.32767785919893994,0.8105242252349854,0.3887113443665584,10x_human_lymph_node_D1
wo_Spatial_Contrastive,42,130,380,0.9925573468208313,0.19431856274604797,2.9814319610595703,0.3884035348892212,0.12058422714471817,0.11226601898670197,0.14355496577646637,0.328117766248307,0.8105106353759766,0.3892028028824348,10x_human_lymph_node_D1
wo_Spatial_Contrastive,42,131,381,0.9872937202453613,0.19353264570236206,2.9803545475006104,0.390022873878479,0.11824047565460205,0.11137184500694275,0.14350139123944644,0.32878962286876345,0.8139339089393616,0.38996555072039674,10x_human_lymph_node_D1
wo_Spatial_Contrastive,42,132,382,0.9880695343017578,0.19259315729141235,2.9812259674072266,0.38761407136917114,0.12101775407791138,0.11254879087209702,0.14343944269388714,0.328087599729295,0.8131957650184631,0.38919523774938375,10x_human_lymph_node_D1
wo_Spatial_Contrastive,42,133,383,0.9856806993484497,0.19408009946346283,2.9806742668151855,0.3887282609939575,0.12002629786729813,0.11185163259506226,0.1437035597061676,0.32820751203255427,0.8124870657920837,0.38928690147014544,10x_human_lymph_node_D1
wo_Spatial_Contrastive,42,134,384,0.9796063899993896,0.19193290174007416,2.9793219566345215,0.38971421122550964,0.11782266199588776,0.11108114570379257,0.1434464620649327,0.3280723609175111,0.8160911202430725,0.3891595110576848,10x_human_lymph_node_D1
wo_Spatial_Contrastive,42,135,385,0.9791035652160645,0.18914934992790222,2.9796252250671387,0.3873574435710907,0.12108703702688217,0.11197886615991592,0.14336896880419087,0.3279025972292131,0.8177984356880188,0.3889564389121546,10x_human_lymph_node_D1
wo_Spatial_Contrastive,42,136,386,0.9778133630752563,0.19254283607006073,2.9797024726867676,0.38930028676986694,0.11945051699876785,0.11137188971042633,0.14344687011899965,0.3280512261092405,0.8171840906143188,0.38912625230673353,10x_human_lymph_node_D1
wo_Spatial_Contrastive,42,137,387,0.9735472202301025,0.1906595230102539,2.978466033935547,0.38941484689712524,0.11881382763385773,0.11113616824150085,0.14349241514495736,0.3288032429161512,0.8200992941856384,0.3899996797188491,10x_human_lymph_node_D1
wo_Spatial_Contrastive,42,138,388,0.9721772074699402,0.18793971836566925,2.978649139404297,0.38762593269348145,0.1213805079460144,0.1115826666355133,0.14336896880419087,0.3279025972292131,0.8217617869377136,0.3889564389121546,10x_human_lymph_node_D1
wo_Spatial_Contrastive,42,139,389,0.9699921607971191,0.19022394716739655,2.978588581085205,0.3894401490688324,0.11957764625549316,0.11099569499492645,0.14359891186372453,0.32818238646878495,0.822340190410614,0.38928458240868935,10x_human_lymph_node_D1
wo_Spatial_Contrastive,42,140,390,0.9668453335762024,0.1889967918395996,2.9771854877471924,0.38897639513015747,0.11968550086021423,0.11098445951938629,0.1434464620649327,0.3280723609175111,0.8236342668533325,0.3891595110576848,10x_human_lymph_node_D1
wo_Spatial_Contrastive,42,141,391,0.9641025066375732,0.18631261587142944,2.977431535720825,0.3880552649497986,0.12079162150621414,0.11101913452148438,0.1433772067106317,0.3279091425816718,0.8252275586128235,0.38895424520795574,10x_human_lymph_node_D1
wo_Spatial_Contrastive,42,142,392,0.9621335864067078,0.18855150043964386,2.977443218231201,0.38947421312332153,0.11913902312517166,0.11055904626846313,0.14344687011899965,0.3280512261092405,0.8258693814277649,0.38912625230673353,10x_human_lymph_node_D1
wo_Spatial_Contrastive,42,143,393,0.9602289199829102,0.1874333918094635,2.976262331008911,0.3887147009372711,0.12039415538311005,0.11082261055707932,0.1434464620649327,0.3280723609175111,0.8278383612632751,0.3891595110576848,10x_human_lymph_node_D1
wo_Spatial_Contrastive,42,144,394,0.9578402638435364,0.18611112236976624,2.976320266723633,0.3885112702846527,0.12098018079996109,0.11071619391441345,0.14344687011899965,0.3280512261092405,0.8284434676170349,0.38912625230673353,10x_human_lymph_node_D1
wo_Spatial_Contrastive,42,145,395,0.9553241729736328,0.1869124323129654,2.976137638092041,0.38948526978492737,0.11985568702220917,0.11037053167819977,0.14344687011899965,0.3280512261092405,0.8304117918014526,0.38912625230673353,10x_human_lymph_node_D1
wo_Spatial_Contrastive,42,146,396,0.954272985458374,0.18677960336208344,2.975414514541626,0.38865354657173157,0.12100958079099655,0.11074265837669373,0.14349241514495736,0.3288032429161512,0.8307403326034546,0.3899996797188491,10x_human_lymph_node_D1
wo_Spatial_Contrastive,42,147,397,0.9522778391838074,0.18762065470218658,2.9753119945526123,0.38908785581588745,0.12046465277671814,0.11041894555091858,0.14350139123944644,0.32878962286876345,0.8304838538169861,0.38996555072039674,10x_human_lymph_node_D1
wo_Spatial_Contrastive,42,148,398,0.9500501155853271,0.1872314065694809,2.975116014480591,0.38915538787841797,0.12045371532440186,0.11039146035909653,0.14349241514495736,0.3288032429161512,0.8311225771903992,0.3899996797188491,10x_human_lymph_node_D1
wo_Spatial_Contrastive,42,149,399,0.9487965106964111,0.18794208765029907,2.9744009971618652,0.3889075517654419,0.120826855301857,0.1105073019862175,0.1434321405402354,0.3286264072887536,0.8329518437385559,0.38976028487066766,10x_human_lymph_node_D1
wo_Spatial_Contrastive,42,150,400,0.9479487538337708,0.18936721980571747,2.97452974319458,0.38924580812454224,0.12084779143333435,0.11046423017978668,0.143644449682099,0.32893440421529047,0.8317112922668457,0.39015800982080495,10x_human_lymph_node_D1
wo_Reconstruction,42,1,251,0.13697482645511627,0.2729441225528717,2.997465133666992,0.37916770577430725,0.0982709676027298,0.136698380112648,0.13874713333739705,0.3109004849523893,0.290016233921051,0.3731079009770173,10x_human_lymph_node_D1
wo_Reconstruction,42,2,252,0.1349208801984787,0.27324700355529785,2.9988512992858887,0.37878260016441345,0.09832505881786346,0.1363227665424347,0.13951778372715928,0.3113333668485099,0.29435059428215027,0.37372799989191036,10x_human_lymph_node_D1
wo_Reconstruction,42,3,253,0.13335753977298737,0.2735820710659027,3.002540111541748,0.3784562647342682,0.09918488562107086,0.13609567284584045,0.1410647118362758,0.31447959039629825,0.3010880649089813,0.37767542275599353,10x_human_lymph_node_D1
wo_Reconstruction,42,4,254,0.13194778561592102,0.2739153802394867,3.0085537433624268,0.3783992528915405,0.10024186968803406,0.13582754135131836,0.14225302041244342,0.31656562351403317,0.30869969725608826,0.3802901426149002,10x_human_lymph_node_D1
wo_Reconstruction,42,5,255,0.13008862733840942,0.2740357220172882,3.0159120559692383,0.3785174787044525,0.10100148618221283,0.1352936029434204,0.14243063382866245,0.3180092935135676,0.317078560590744,0.38199279638581957,10x_human_lymph_node_D1
wo_Reconstruction,42,6,256,0.12791882455348969,0.2740844190120697,3.023740291595459,0.37863361835479736,0.10156102478504181,0.13463643193244934,0.14194645900106254,0.3180247526444842,0.3262154757976532,0.38204816828017146,10x_human_lymph_node_D1
wo_Reconstruction,42,7,257,0.12547719478607178,0.2738817632198334,3.0319316387176514,0.3786570429801941,0.1021067351102829,0.13393163681030273,0.14221014333415546,0.31891046132974155,0.3359214961528778,0.38299535109594723,10x_human_lymph_node_D1
wo_Reconstruction,42,8,258,0.12298619002103806,0.2736411988735199,3.0411300659179688,0.37849706411361694,0.1027187928557396,0.1333407163619995,0.14200210776935845,0.3194622429259389,0.3456016182899475,0.38355749382396753,10x_human_lymph_node_D1
wo_Reconstruction,42,9,259,0.12082427740097046,0.27328771352767944,3.0518977642059326,0.37823915481567383,0.10378629714250565,0.13300876319408417,0.14059696357073012,0.31709466577405626,0.3555268347263336,0.38044332168168515,10x_human_lymph_node_D1
wo_Reconstruction,42,10,260,0.11860575526952744,0.27292969822883606,3.0637266635894775,0.37800323963165283,0.10486546903848648,0.13258665800094604,0.14014607564185044,0.3171049171591806,0.3651702105998993,0.3804445667631201,10x_human_lymph_node_D1
wo_Reconstruction,42,11,261,0.1163298562169075,0.2726038098335266,3.076052665710449,0.3780103325843811,0.10578053444623947,0.1319974809885025,0.13972283432068536,0.31710938994440424,0.37554141879081726,0.3804818774821524,10x_human_lymph_node_D1
wo_Reconstruction,42,12,262,0.11389622837305069,0.27217164635658264,3.0891342163085938,0.3781737983226776,0.10653889924287796,0.13126684725284576,0.13933057602137955,0.3166761565032861,0.3859374523162842,0.37997281805544275,10x_human_lymph_node_D1
wo_Reconstruction,42,13,263,0.11171440035104752,0.2717776596546173,3.103029489517212,0.37842729687690735,0.10757462680339813,0.1305265575647354,0.14116175695486302,0.31924334450272335,0.3966238498687744,0.38306037774273033,10x_human_lymph_node_D1
wo_Reconstruction,42,14,264,0.10928131639957428,0.27122533321380615,3.1174230575561523,0.3785903751850128,0.10840313881635666,0.1298215687274933,0.1407256535762076,0.3200409194888007,0.406768798828125,0.38392943421354436,10x_human_lymph_node_D1
wo_Reconstruction,42,15,265,0.1068672239780426,0.2704203128814697,3.1318771839141846,0.37868550419807434,0.1093820258975029,0.12925180792808533,0.14046852367255463,0.3210086520681558,0.4163949489593506,0.38493799040091403,10x_human_lymph_node_D1
wo_Reconstruction,42,16,266,0.10436228662729263,0.26959797739982605,3.1459789276123047,0.37869957089424133,0.11029339581727982,0.12869742512702942,0.14000201047658434,0.3209591221532084,0.4261023700237274,0.3848620208998783,10x_human_lymph_node_D1
wo_Reconstruction,42,17,267,0.10200396925210953,0.26879218220710754,3.1594138145446777,0.3787829279899597,0.11131121218204498,0.12816759943962097,0.14028831036361866,0.3223410680334966,0.4371609091758728,0.3865768032792365,10x_human_lymph_node_D1
wo_Reconstruction,42,18,268,0.09931673854589462,0.26778900623321533,3.172407865524292,0.3789370059967041,0.11199553310871124,0.12755253911018372,0.14022002485842558,0.32247929787210006,0.4468257427215576,0.3867272025843881,10x_human_lymph_node_D1
wo_Reconstruction,42,19,269,0.0968170166015625,0.26686784625053406,3.1851797103881836,0.3790484070777893,0.11284808814525604,0.12701544165611267,0.14111233183171482,0.32480494573531793,0.4566529095172882,0.38951294426494837,10x_human_lymph_node_D1
wo_Reconstruction,42,20,270,0.09449561685323715,0.2659461498260498,3.1976749897003174,0.3790159523487091,0.11394795775413513,0.1266235113143921,0.1405025941976742,0.3245924141279758,0.46671220660209656,0.3892622318777647,10x_human_lymph_node_D1
wo_Reconstruction,42,21,271,0.09223442524671555,0.26522499322891235,3.209895133972168,0.37893474102020264,0.11499679088592529,0.12624576687812805,0.14086160364389902,0.3245880106991511,0.4768206775188446,0.3893786093191782,10x_human_lymph_node_D1
wo_Reconstruction,42,22,272,0.08967611938714981,0.2640054523944855,3.2216897010803223,0.3790048658847809,0.11588738858699799,0.12581488490104675,0.14074919264508934,0.32410482541810703,0.48675772547721863,0.3887664826671347,10x_human_lymph_node_D1
wo_Reconstruction,42,23,273,0.08717773854732513,0.26311957836151123,3.2325961589813232,0.37912628054618835,0.11673089861869812,0.12519513070583344,0.14083824277345994,0.32457348957896504,0.49620598554611206,0.3894000436409186,10x_human_lymph_node_D1
wo_Reconstruction,42,24,274,0.08452653884887695,0.2618734836578369,3.242633819580078,0.3791213035583496,0.11752796173095703,0.1247832179069519,0.14073150595882225,0.324051314589117,0.5053361058235168,0.3887229402724072,10x_human_lymph_node_D1
wo_Reconstruction,42,25,275,0.081880584359169,0.26079267263412476,3.2518138885498047,0.3791324496269226,0.11814898997545242,0.12439199537038803,0.14083911435225555,0.3242809881832061,0.514289915561676,0.38896292190574105,10x_human_lymph_node_D1
wo_Reconstruction,42,26,276,0.07942497730255127,0.259936660528183,3.260267972946167,0.37919852137565613,0.11877166479825974,0.12403392791748047,0.14032653868959322,0.3243041586985663,0.5239052176475525,0.3890262418640052,10x_human_lymph_node_D1
wo_Reconstruction,42,27,277,0.07664903998374939,0.2586708962917328,3.2679920196533203,0.3792951703071594,0.11926521360874176,0.12361210584640503,0.14003756431355904,0.32355875085202823,0.5322763919830322,0.3881061068997893,10x_human_lymph_node_D1
wo_Reconstruction,42,28,278,0.07384148985147476,0.2576994299888611,3.275089740753174,0.37948110699653625,0.11951416730880737,0.12305311113595963,0.1395379174255365,0.32375834196929854,0.5412980318069458,0.38834758310587675,10x_human_lymph_node_D1
wo_Reconstruction,42,29,279,0.07130454480648041,0.2567891776561737,3.2817463874816895,0.3796478509902954,0.11994592100381851,0.12266544252634048,0.1406377472728471,0.325353378777742,0.5496166348457336,0.3902930165989303,10x_human_lymph_node_D1
wo_Reconstruction,42,30,280,0.06867169588804245,0.25575876235961914,3.2878217697143555,0.37959760427474976,0.12040413916110992,0.1223989725112915,0.13991704431258806,0.32441435673514685,0.5581495761871338,0.3891783990528482,10x_human_lymph_node_D1
wo_Reconstruction,42,31,281,0.06765606254339218,0.2559904456138611,3.2937850952148438,0.37943270802497864,0.12163598835468292,0.12282086908817291,0.14032791800155694,0.32583271604171515,0.5635967254638672,0.3908164957168293,10x_human_lymph_node_D1
wo_Reconstruction,42,32,282,0.06767138838768005,0.25796574354171753,3.2995550632476807,0.3804227411746979,0.12185879051685333,0.1232202872633934,0.13940983484912683,0.32404355106684474,0.5671623945236206,0.3887869759652124,10x_human_lymph_node_D1
wo_Reconstruction,42,33,283,0.06697012484073639,0.2581562101840973,3.3055169582366943,0.3801189959049225,0.12333834171295166,0.12397134304046631,0.13996415817062224,0.3254301461896609,0.5720380544662476,0.39038543684797616,10x_human_lymph_node_D1
wo_Reconstruction,42,34,284,0.05729854851961136,0.2522348165512085,3.3084797859191895,0.3798536956310272,0.12042663991451263,0.12083260715007782,0.1390584234863692,0.3246505369496695,0.5843849182128906,0.389489926885567,10x_human_lymph_node_D1
wo_Reconstruction,42,35,285,0.05580109357833862,0.2526128888130188,3.3135581016540527,0.3797587752342224,0.12083298712968826,0.12111004441976547,0.13868149025128745,0.3238938468408581,0.5885686278343201,0.3886894735844675,10x_human_lymph_node_D1
wo_Reconstruction,42,36,286,0.056119225919246674,0.2538796067237854,3.3187952041625977,0.3794906437397003,0.1225399374961853,0.12217523157596588,0.1399893969365554,0.325405700844314,0.5909469723701477,0.39039880264722526,10x_human_lymph_node_D1
wo_Reconstruction,42,37,287,0.04803648591041565,0.24896438419818878,3.3218917846679688,0.37983250617980957,0.11981657892465591,0.11978359520435333,0.13891101750324297,0.32474323992662435,0.6002140045166016,0.3896456607442217,10x_human_lymph_node_D1
wo_Reconstruction,42,38,288,0.047163546085357666,0.2503662705421448,3.3264553546905518,0.380204975605011,0.12000970542430878,0.11986289918422699,0.13869745104099201,0.32424557445474106,0.604229748249054,0.38914175354748065,10x_human_lymph_node_D1
wo_Reconstruction,42,39,289,0.04576212167739868,0.24966084957122803,3.330946445465088,0.3796868622303009,0.12150223553180695,0.12042410671710968,0.13970298547725948,0.3255306409801055,0.609136700630188,0.3905963246102445,10x_human_lymph_node_D1
wo_Reconstruction,42,40,290,0.03976302593946457,0.24560342729091644,3.3348746299743652,0.3794204890727997,0.12047754228115082,0.11926928907632828,0.1397541641089292,0.3261786070792784,0.6166816353797913,0.3914820877728196,10x_human_lymph_node_D1
wo_Reconstruction,42,41,291,0.03927638381719589,0.24762383103370667,3.339826822280884,0.37985724210739136,0.12059538066387177,0.11937130987644196,0.13868266067145574,0.3249521015243928,0.6208136081695557,0.39004345014661707,10x_human_lymph_node_D1
wo_Reconstruction,42,42,292,0.03603782504796982,0.2454708069562912,3.3440499305725098,0.37955909967422485,0.12116358429193497,0.11911792308092117,0.13876755593660392,0.32472883532733615,0.6260914206504822,0.3895957862017096,10x_human_lymph_node_D1
wo_Reconstruction,42,43,293,0.03161386400461197,0.2426617592573166,3.3480706214904785,0.37965402007102966,0.12072465568780899,0.11829999089241028,0.13886469927601086,0.32546385618436646,0.6325937509536743,0.39059155130444684,10x_human_lymph_node_D1
wo_Reconstruction,42,44,294,0.030885621905326843,0.24448511004447937,3.352660894393921,0.3798513412475586,0.12082428485155106,0.11841155588626862,0.1382772145582651,0.32374282689012923,0.6364368796348572,0.3885855650710601,10x_human_lymph_node_D1
wo_Reconstruction,42,45,295,0.027598954737186432,0.2420569509267807,3.3567426204681396,0.3793005049228668,0.12158165872097015,0.11834554374217987,0.13842604080732587,0.32495401168424054,0.6417290568351746,0.38995021417781234,10x_human_lymph_node_D1
wo_Reconstruction,42,46,296,0.02378173917531967,0.23989088833332062,3.3610072135925293,0.37943699955940247,0.1212724894285202,0.11769645661115646,0.13847234870939287,0.32495782082107044,0.64767986536026,0.38999284417568,10x_human_lymph_node_D1
wo_Reconstruction,42,47,297,0.02217959612607956,0.24091187119483948,3.3657333850860596,0.3800143897533417,0.12083926796913147,0.11732739955186844,0.13798818553886147,0.3232018499654505,0.6525358557701111,0.38790331756768526,10x_human_lymph_node_D1
wo_Reconstruction,42,48,298,0.019520170986652374,0.2387900948524475,3.3697919845581055,0.37938112020492554,0.12207846343517303,0.11749829351902008,0.1382516994290548,0.324434945666065,0.6572950482368469,0.3893732942668837,10x_human_lymph_node_D1
wo_Reconstruction,42,49,299,0.015232622623443604,0.23619580268859863,3.374112129211426,0.3793867230415344,0.12146198004484177,0.11693638563156128,0.13865481538264776,0.3245896007158059,0.6635165810585022,0.3896098527464602,10x_human_lymph_node_D1
wo_Reconstruction,42,50,300,0.013552084565162659,0.23704513907432556,3.378592014312744,0.37984782457351685,0.12115887552499771,0.11654631048440933,0.1381144651428866,0.3237582850566561,0.6681398153305054,0.3885967451292458,10x_human_lymph_node_D1
wo_Reconstruction,42,51,301,0.01140005886554718,0.23566478490829468,3.382629632949829,0.3793792128562927,0.12212812900543213,0.11692419648170471,0.13839759982459346,0.3238684024711037,0.6719940304756165,0.3887309181241571,10x_human_lymph_node_D1
wo_Reconstruction,42,52,302,0.007363229990005493,0.23350559175014496,3.3869168758392334,0.3795602023601532,0.12157879024744034,0.11612378060817719,0.13835863691955028,0.32432625978494145,0.6784274578094482,0.3893300141249304,10x_human_lymph_node_D1
wo_Reconstruction,42,53,303,0.004965357482433319,0.2332175076007843,3.3915343284606934,0.37955746054649353,0.12143036723136902,0.11590157449245453,0.13827486680774437,0.3241494480506274,0.682379961013794,0.3891177837454151,10x_human_lymph_node_D1
wo_Reconstruction,42,54,304,0.003688424825668335,0.23290205001831055,3.396061420440674,0.37928450107574463,0.12259047478437424,0.11625759303569794,0.13821376667756255,0.32363045602611734,0.6868855357170105,0.3884804866541196,10x_human_lymph_node_D1
wo_Reconstruction,42,55,305,0.0006276294589042664,0.2325083464384079,3.4003589153289795,0.3798064589500427,0.12158574908971786,0.115505650639534,0.13833671119198135,0.3238306695759616,0.6923419833183289,0.38868496249589685,10x_human_lymph_node_D1
wo_Reconstruction,42,56,306,-0.0025480538606643677,0.229813814163208,3.4042670726776123,0.3792630732059479,0.12247397750616074,0.11562734842300415,0.13843836479152383,0.32404589338189216,0.6964071989059448,0.3889777954929801,10x_human_lymph_node_D1
wo_Reconstruction,42,57,307,-0.005739815533161163,0.22846253216266632,3.408031702041626,0.37925371527671814,0.12220470607280731,0.11525001376867294,0.13836133595197356,0.32378984917876524,0.702231228351593,0.3886960569716188,10x_human_lymph_node_D1
wo_Reconstruction,42,58,308,-0.00776778906583786,0.22848491370677948,3.4121034145355225,0.3794059157371521,0.12213252484798431,0.11503774672746658,0.13819833950635077,0.3239408361489936,0.7061896324157715,0.3888975304103374,10x_human_lymph_node_D1
wo_Reconstruction,42,59,309,-0.00884992629289627,0.2287147343158722,3.4161829948425293,0.3793286383152008,0.12305096536874771,0.11522714048624039,0.13857374471801492,0.3238353161737304,0.7094242572784424,0.3887523258906349,10x_human_lymph_node_D1
wo_Reconstruction,42,60,310,-0.010331645607948303,0.22973017394542694,3.4199020862579346,0.37954261898994446,0.12285316735506058,0.11501097679138184,0.1380244910394841,0.3240975261964495,0.7139049768447876,0.3890069206953215,10x_human_lymph_node_D1
wo_Reconstruction,42,61,311,-0.011846855282783508,0.2298196256160736,3.4238600730895996,0.379605233669281,0.12332205474376678,0.11498929560184479,0.13845863530846192,0.3234731750566883,0.7162057757377625,0.3883364077912334,10x_human_lymph_node_D1
wo_Reconstruction,42,62,312,-0.01429777592420578,0.22885552048683167,3.4274213314056396,0.37926819920539856,0.12352253496646881,0.11515030264854431,0.1376935172981004,0.3237186444136003,0.7203709483146667,0.3886504390000329,10x_human_lymph_node_D1
wo_Reconstruction,42,63,313,-0.017427340149879456,0.228226900100708,3.4306395053863525,0.38000455498695374,0.12239249050617218,0.11436398327350616,0.13784234478614518,0.32290444804889473,0.7230087518692017,0.3875660578242465,10x_human_lymph_node_D1
wo_Reconstruction,42,64,314,-0.019652053713798523,0.22610704600811005,3.434145450592041,0.37901875376701355,0.12405452132225037,0.11497044563293457,0.13816125929136727,0.32379107457419853,0.7265169024467468,0.38874216723977384,10x_human_lymph_node_D1
wo_Reconstruction,42,65,315,-0.021977409720420837,0.22757983207702637,3.4368505477905273,0.3798472285270691,0.12232375890016556,0.11406421661376953,0.13788340676093067,0.3235243730206621,0.7308956980705261,0.3883280910888116,10x_human_lymph_node_D1
wo_Reconstruction,42,66,316,-0.02394648641347885,0.2266903817653656,3.4401025772094727,0.37948960065841675,0.12315414845943451,0.11421829462051392,0.13852089134017315,0.32391550565203403,0.7325426936149597,0.3888707716548135,10x_human_lymph_node_D1
wo_Reconstruction,42,67,317,-0.02906176447868347,0.22347334027290344,3.4427249431610107,0.37944862246513367,0.12215331941843033,0.11339151114225388,0.13780278257890255,0.32342280212469854,0.7385620474815369,0.3882507250267119,10x_human_lymph_node_D1
wo_Reconstruction,42,68,318,-0.03310445696115494,0.2206425815820694,3.445253849029541,0.37924283742904663,0.12202256917953491,0.11305257678031921,0.13775612934763057,0.32308247234636867,0.7417634129524231,0.38781700028165733,10x_human_lymph_node_D1
wo_Reconstruction,42,69,319,-0.03334285318851471,0.22181178629398346,3.448258638381958,0.3789959251880646,0.12318285554647446,0.1134747564792633,0.13793944891458254,0.32332181044270514,0.7435522079467773,0.3881852836692407,10x_human_lymph_node_D1
wo_Reconstruction,42,70,320,-0.03439047932624817,0.2242116630077362,3.4509339332580566,0.37975096702575684,0.12212470173835754,0.11295657604932785,0.13729606574217484,0.323056810528308,0.74685138463974,0.3877647675632631,10x_human_lymph_node_D1
wo_Reconstruction,42,71,321,-0.03812196105718613,0.2203833907842636,3.4537672996520996,0.3790034055709839,0.12333780527114868,0.11307044327259064,0.13814518029733938,0.32348698464714626,0.7497459053993225,0.388385242823872,10x_human_lymph_node_D1
wo_Reconstruction,42,72,322,-0.04342400282621384,0.2164536714553833,3.45656418800354,0.37910154461860657,0.12241057306528091,0.11238547414541245,0.13777484122542996,0.322980140193894,0.755564272403717,0.38771093944072654,10x_human_lymph_node_D1
wo_Reconstruction,42,73,323,-0.044655121862888336,0.21736924350261688,3.4593911170959473,0.37928274273872375,0.12250901758670807,0.11224048584699631,0.1375884281827857,0.32280911577641086,0.7585054636001587,0.38747725032679836,10x_human_lymph_node_D1
wo_Reconstruction,42,74,324,-0.044763967394828796,0.21908274292945862,3.4628076553344727,0.379149854183197,0.12339019030332565,0.11250611394643784,0.13785820755599046,0.32347370791438024,0.759223997592926,0.3882909328148852,10x_human_lymph_node_D1
wo_Reconstruction,42,75,325,-0.04829806834459305,0.21759971976280212,3.465376377105713,0.37935197353363037,0.12266996502876282,0.11193274706602097,0.13766398475711847,0.32324218759897577,0.763725757598877,0.3879841038704296,10x_human_lymph_node_D1
wo_Reconstruction,42,76,326,-0.052111268043518066,0.21394206583499908,3.4678592681884766,0.3788128197193146,0.12335280328989029,0.11211711168289185,0.138062644874888,0.32353425759557525,0.7671220302581787,0.38840445272532814,10x_human_lymph_node_D1
wo_Reconstruction,42,77,327,-0.054536573588848114,0.2138029783964157,3.4712421894073486,0.3792431354522705,0.12287397682666779,0.11150454729795456,0.1377099521649852,0.3230009186999759,0.769687294960022,0.3877192470066939,10x_human_lymph_node_D1
wo_Reconstruction,42,78,328,-0.05561366677284241,0.21436922252178192,3.474093198776245,0.3790329694747925,0.12358579784631729,0.11159677803516388,0.13798552828674643,0.3236495727512488,0.7718536853790283,0.38850085499422804,10x_human_lymph_node_D1
wo_Reconstruction,42,79,329,-0.05823425203561783,0.2132127583026886,3.476874351501465,0.37917637825012207,0.12357533723115921,0.11136770248413086,0.13823772879251817,0.32377976780841444,0.7753455638885498,0.38869808557345303,10x_human_lymph_node_D1
wo_Reconstruction,42,80,330,-0.06189078837633133,0.21152231097221375,3.479368209838867,0.37919750809669495,0.12281797081232071,0.11100214719772339,0.13798552828674643,0.3236495727512488,0.77902752161026,0.38850085499422804,10x_human_lymph_node_D1
wo_Reconstruction,42,81,331,-0.06409759819507599,0.21006347239017487,3.4823484420776367,0.3787072002887726,0.12378375977277756,0.11123564094305038,0.13833538196578435,0.324244783026436,0.7809456586837769,0.3892954728121096,10x_human_lymph_node_D1
wo_Reconstruction,42,82,332,-0.06566520035266876,0.21123318374156952,3.4851200580596924,0.3794203996658325,0.12301462888717651,0.11070038378238678,0.13806636936390043,0.32360795051345176,0.7832678556442261,0.38847167592001114,10x_human_lymph_node_D1
wo_Reconstruction,42,83,333,-0.06633058935403824,0.21129126846790314,3.487640857696533,0.37884438037872314,0.12455432862043381,0.11128517985343933,0.13813183561427372,0.3237344863641968,0.783572793006897,0.38865467587031555,10x_human_lymph_node_D1
wo_Reconstruction,42,84,334,-0.06865347176790237,0.21187740564346313,3.4906206130981445,0.3794132471084595,0.12346716970205307,0.11063443124294281,0.13820726374476516,0.3245466591017313,0.7859793901443481,0.38957265740328606,10x_human_lymph_node_D1
wo_Reconstruction,42,85,335,-0.0716523602604866,0.20947372913360596,3.4929585456848145,0.3788347840309143,0.12418697774410248,0.1108819991350174,0.1384931690361428,0.3250746118210363,0.7888367772102356,0.3902746909556424,10x_human_lymph_node_D1
wo_Reconstruction,42,86,336,-0.07383739203214645,0.21035905182361603,3.495194911956787,0.3795691132545471,0.1229785680770874,0.11012338101863861,0.13789564654960995,0.32354180243223946,0.7910314202308655,0.3883868810776151,10x_human_lymph_node_D1
wo_Reconstruction,42,87,337,-0.07445516437292099,0.21080487966537476,3.498715877532959,0.37879616022109985,0.1244332492351532,0.11068470031023026,0.13850058949236305,0.32446036079121837,0.7910242080688477,0.38956289417763806,10x_human_lymph_node_D1
wo_Reconstruction,42,88,338,-0.07639321684837341,0.2115020602941513,3.5004935264587402,0.37902966141700745,0.12384471297264099,0.1102726012468338,0.13812082585395122,0.32409812787736025,0.7925002574920654,0.38907516818662286,10x_human_lymph_node_D1
wo_Reconstruction,42,89,339,-0.08102869987487793,0.20818489789962769,3.5026164054870605,0.3790937066078186,0.12320568412542343,0.10977496206760406,0.13820491482219094,0.32393112462884766,0.7971687316894531,0.38889649850496305,10x_human_lymph_node_D1
wo_Reconstruction,42,90,340,-0.08558426052331924,0.20499686896800995,3.504777193069458,0.37890350818634033,0.12264245003461838,0.10944869369268417,0.1380469638162179,0.32370939579914126,0.8000633120536804,0.38857643037012174,10x_human_lymph_node_D1
wo_Reconstruction,42,91,341,-0.08672955632209778,0.20514965057373047,3.5067036151885986,0.3784678280353546,0.12355656921863556,0.10973048210144043,0.1383495652850816,0.32413106379076273,0.7997208833694458,0.3891537131150991,10x_human_lymph_node_D1
wo_Reconstruction,42,92,342,-0.0883927270770073,0.20581243932247162,3.5095763206481934,0.3791854679584503,0.12307800352573395,0.10914810746908188,0.1378904757220146,0.3235143709302055,0.8020032048225403,0.3883641968165966,10x_human_lymph_node_D1
wo_Reconstruction,42,93,343,-0.0908941701054573,0.20489388704299927,3.5112624168395996,0.3789771795272827,0.12317310273647308,0.10906901210546494,0.13836280206009022,0.3251413999848208,0.8047299385070801,0.39030653601743254,10x_human_lymph_node_D1
wo_Reconstruction,42,94,344,-0.09360256791114807,0.2028224766254425,3.513707160949707,0.37841373682022095,0.12394213676452637,0.10935907810926437,0.13818549888536155,0.3240325744536551,0.8076985478401184,0.3890012529550736,10x_human_lymph_node_D1
wo_Reconstruction,42,95,345,-0.09552067518234253,0.20399141311645508,3.5162010192871094,0.3792179822921753,0.12270604074001312,0.10864736139774323,0.13812535198246348,0.32391617321610067,0.8090811371803284,0.3888651902441678,10x_human_lymph_node_D1
wo_Reconstruction,42,96,346,-0.09587985277175903,0.2042914479970932,3.518190860748291,0.37851837277412415,0.124681755900383,0.10905007272958755,0.1380560300439791,0.3238374315439047,0.8080387711524963,0.3887983530620071,10x_human_lymph_node_D1
wo_Reconstruction,42,97,347,-0.09917919337749481,0.20391683280467987,3.521202325820923,0.379097044467926,0.1229691430926323,0.1084451973438263,0.13803583279996842,0.3238295253991611,0.8118312954902649,0.38875054169880446,10x_human_lymph_node_D1
wo_Reconstruction,42,98,348,-0.10189356654882431,0.20143446326255798,3.522559642791748,0.37841758131980896,0.12398231774568558,0.10893864929676056,0.1383495652850816,0.32413106379076273,0.81446373462677,0.3891537131150991,10x_human_lymph_node_D1
wo_Reconstruction,42,99,349,-0.10373163968324661,0.2025957554578781,3.5247087478637695,0.3790782690048218,0.12298787385225296,0.10822102427482605,0.13822996444388616,0.32495509083632024,0.8154163360595703,0.39012432575169825,10x_human_lymph_node_D1
wo_Reconstruction,42,100,350,-0.10572952032089233,0.20149275660514832,3.527350425720215,0.37871676683425903,0.1237841248512268,0.10841795057058334,0.13870351133170936,0.32504115182653703,0.81705641746521,0.39028423904137416,10x_human_lymph_node_D1
wo_Reconstruction,42,101,351,-0.10871120542287827,0.200306236743927,3.528937339782715,0.37863749265670776,0.12345588207244873,0.1081932932138443,0.13810550907003277,0.32392981750677363,0.8193193078041077,0.38891765694104125,10x_human_lymph_node_D1
wo_Reconstruction,42,102,352,-0.11204414814710617,0.1983935534954071,3.53098726272583,0.37870314717292786,0.12329263985157013,0.10781952738761902,0.13826560166493376,0.3238074759767556,0.8218821287155151,0.38874622440442297,10x_human_lymph_node_D1
wo_Reconstruction,42,103,353,-0.11388114094734192,0.1989080309867859,3.5331854820251465,0.3789542019367218,0.1228494793176651,0.10748548060655594,0.1382419462377547,0.3239259764628946,0.8219561576843262,0.38889393625982277,10x_human_lymph_node_D1
wo_Reconstruction,42,104,354,-0.11506419628858566,0.1984723061323166,3.5348029136657715,0.37824365496635437,0.12412690371274948,0.10805410146713257,0.13802831648883154,0.3235286958391629,0.8233481645584106,0.38842640567080244,10x_human_lymph_node_D1
wo_Reconstruction,42,105,355,-0.11802545934915543,0.1980043351650238,3.5373482704162598,0.37894028425216675,0.12295708060264587,0.10733567178249359,0.13810806096214506,0.323738528505817,0.8262068629264832,0.3887098777728642,10x_human_lymph_node_D1
wo_Reconstruction,42,106,356,-0.12044141441583633,0.19656144082546234,3.5393552780151367,0.3783678412437439,0.12370666116476059,0.10749330371618271,0.1383495652850816,0.32413106379076273,0.8284517526626587,0.3891537131150991,10x_human_lymph_node_D1
wo_Reconstruction,42,107,357,-0.12269405275583267,0.19608166813850403,3.540762424468994,0.3787105977535248,0.12339525669813156,0.10722410678863525,0.13839546006851414,0.3249157498358775,0.8303255438804626,0.39008900219742626,10x_human_lymph_node_D1
wo_Reconstruction,42,108,358,-0.12411987036466599,0.19663186371326447,3.54304575920105,0.37863558530807495,0.12350510060787201,0.10715479403734207,0.13815801064405786,0.32378713130918957,0.8304024934768677,0.38876416128826147,10x_human_lymph_node_D1
wo_Reconstruction,42,109,359,-0.12552888691425323,0.19677935540676117,3.5447418689727783,0.37845852971076965,0.1239905059337616,0.1071755662560463,0.13790183234998016,0.3238763883154917,0.8308462500572205,0.38886091827884794,10x_human_lymph_node_D1
wo_Reconstruction,42,110,360,-0.12737970054149628,0.19663815200328827,3.5466227531433105,0.37866470217704773,0.12389274686574936,0.10706029832363129,0.1382670586701583,0.3238684974213637,0.8336107730865479,0.3888916003851201,10x_human_lymph_node_D1
wo_Reconstruction,42,111,361,-0.1269051879644394,0.20022746920585632,3.5490267276763916,0.3788905441761017,0.12357960641384125,0.10702809691429138,0.13828151073022188,0.324995978364571,0.8329317569732666,0.3901756665378432,10x_human_lymph_node_D1
wo_Reconstruction,42,112,362,-0.12192457914352417,0.20652052760124207,3.5503687858581543,0.37817296385765076,0.1264611929655075,0.1084129586815834,0.13856290222922749,0.3244476904049543,0.826837420463562,0.3896213415149705,10x_human_lymph_node_D1
wo_Reconstruction,42,113,363,-0.12213809788227081,0.21247036755084991,3.552704095840454,0.38033074140548706,0.12250107526779175,0.10715538263320923,0.13816253177096363,0.324727659675266,0.8275005221366882,0.38985622280038446,10x_human_lymph_node_D1
wo_Reconstruction,42,114,364,-0.13091722130775452,0.20142045617103577,3.5536861419677734,0.3781495988368988,0.12423896789550781,0.10761716961860657,0.13870709270183065,0.32519599737803745,0.8294472694396973,0.39051630380599545,10x_human_lymph_node_D1
wo_Reconstruction,42,115,365,-0.13887178897857666,0.19487935304641724,3.555713176727295,0.37800332903862,0.12273469567298889,0.10658732801675797,0.13841374843738782,0.32491258133327056,0.8321523666381836,0.39009103734181994,10x_human_lymph_node_D1
wo_Reconstruction,42,116,366,-0.1370328962802887,0.2018207460641861,3.5573267936706543,0.3798635005950928,0.12069275975227356,0.10559366643428802,0.13835761655704462,0.32479790972783323,0.8320959210395813,0.38994648608695853,10x_human_lymph_node_D1
wo_Reconstruction,42,117,367,-0.13665024936199188,0.20134593546390533,3.5587475299835205,0.37821587920188904,0.12409815937280655,0.10699334740638733,0.13864800364393204,0.3252720517907503,0.8326382040977478,0.3905786078556563,10x_human_lymph_node_D1
wo_Reconstruction,42,118,368,-0.14353832602500916,0.1952846646308899,3.561660051345825,0.37777775526046753,0.12337121367454529,0.10649697482585907,0.13841244675409936,0.3252099874854842,0.8364601135253906,0.3904660377487721,10x_human_lymph_node_D1
wo_Reconstruction,42,119,369,-0.1460954248905182,0.19708672165870667,3.562403678894043,0.3797634541988373,0.12039249390363693,0.10489195585250854,0.13841700300678642,0.32472197574236383,0.8370968699455261,0.38988432169517667,10x_human_lymph_node_D1
wo_Reconstruction,42,120,370,-0.14542968571186066,0.19703231751918793,3.564271926879883,0.3779646158218384,0.12383642047643661,0.10639260709285736,0.13865217075774866,0.3251166168907291,0.8374944925308228,0.39040422306461003,10x_human_lymph_node_D1
wo_Reconstruction,42,121,371,-0.14862854778766632,0.19455571472644806,3.56752347946167,0.3774001896381378,0.12438396364450455,0.10656052827835083,0.13841257502075915,0.3251105897591127,0.8399189114570618,0.3903576985359902,10x_human_lymph_node_D1
wo_Reconstruction,42,122,372,-0.15238399803638458,0.19519846141338348,3.567598342895508,0.379795640707016,0.12093979865312576,0.1044444665312767,0.1384986805112246,0.3248067513332039,0.8411572575569153,0.39001518206838515,10x_human_lymph_node_D1
wo_Reconstruction,42,123,373,-0.15306802093982697,0.19401587545871735,3.569526195526123,0.3779805898666382,0.1236933171749115,0.10581563413143158,0.13845958106252346,0.3248426750914277,0.842057466506958,0.3900382651886562,10x_human_lymph_node_D1
wo_Reconstruction,42,124,374,-0.15519997477531433,0.1927325427532196,3.5729386806488037,0.37729373574256897,0.1244424507021904,0.10627292841672897,0.1383772380409917,0.32475739023049593,0.8443264365196228,0.38990667725908945,10x_human_lymph_node_D1
wo_Reconstruction,42,125,375,-0.15943649411201477,0.19288742542266846,3.572200298309326,0.3797828257083893,0.12072698771953583,0.1041267067193985,0.1385763653723224,0.3248522108632748,0.8465396165847778,0.39006651596105085,10x_human_lymph_node_D1
wo_Reconstruction,42,126,376,-0.1603010594844818,0.19151993095874786,3.5743093490600586,0.37801551818847656,0.12353258579969406,0.10531670600175858,0.13813961204349745,0.32447833500580364,0.8462284207344055,0.389586495863557,10x_human_lymph_node_D1
wo_Reconstruction,42,127,377,-0.1616710126399994,0.19111225008964539,3.5774664878845215,0.3773655891418457,0.12442904710769653,0.10583170503377914,0.13850963111591566,0.3248786984388547,0.8480309247970581,0.3900965197857263,10x_human_lymph_node_D1
wo_Reconstruction,42,128,378,-0.1657458394765854,0.19109244644641876,3.576836585998535,0.37953028082847595,0.12115113437175751,0.10392740368843079,0.13857458365728323,0.32494455215122664,0.8514668345451355,0.39016651517119433,10x_human_lymph_node_D1
wo_Reconstruction,42,129,379,-0.16716718673706055,0.18919716775417328,3.5789918899536133,0.37796515226364136,0.12358429282903671,0.10501329600811005,0.13826987327122803,0.3246918642133833,0.8518592715263367,0.389876141007501,10x_human_lymph_node_D1
wo_Reconstruction,42,130,380,-0.16745217144489288,0.190279021859169,3.581479549407959,0.37751638889312744,0.12455182522535324,0.10538741946220398,0.13850963111591566,0.3248786984388547,0.8506382703781128,0.3900965197857263,10x_human_lymph_node_D1
wo_Reconstruction,42,131,381,-0.1709473431110382,0.19011712074279785,3.581244945526123,0.37912794947624207,0.12227165699005127,0.10390496999025345,0.13857458365728323,0.32494455215122664,0.8536325097084045,0.39016651517119433,10x_human_lymph_node_D1
wo_Reconstruction,42,132,382,-0.17393779754638672,0.18727606534957886,3.5829594135284424,0.3782673478126526,0.12339787185192108,0.10438215732574463,0.13858954139371063,0.32505591139951695,0.8565528392791748,0.39032754618131477,10x_human_lymph_node_D1
wo_Reconstruction,42,133,383,-0.17379337549209595,0.18831399083137512,3.5854601860046387,0.3773018717765808,0.12499437481164932,0.10520458221435547,0.13827130398895154,0.324599162644907,0.8556755781173706,0.3897756108338357,10x_human_lymph_node_D1
wo_Reconstruction,42,134,384,-0.17666791379451752,0.18930499255657196,3.585188627243042,0.37907594442367554,0.12239965051412582,0.10368281602859497,0.13865610357114344,0.3251358560737283,0.8565794229507446,0.3904403671999036,10x_human_lymph_node_D1
wo_Reconstruction,42,135,385,-0.1797345131635666,0.18673357367515564,3.587594747543335,0.37815219163894653,0.12330173701047897,0.10410471260547638,0.13870455704330537,0.3251577765428827,0.8589839935302734,0.3904557961638529,10x_human_lymph_node_D1
wo_Reconstruction,42,136,386,-0.1804719865322113,0.18693935871124268,3.589498519897461,0.37760061025619507,0.12439525872468948,0.10459695756435394,0.13850785233382318,0.32497115724581654,0.8593004941940308,0.3901966858081064,10x_human_lymph_node_D1
wo_Reconstruction,42,137,387,-0.1820533573627472,0.1882176250219345,3.5897345542907715,0.3785896599292755,0.12326399981975555,0.10379745066165924,0.13858954139371063,0.32505591139951695,0.8598126769065857,0.39032754618131477,10x_human_lymph_node_D1
wo_Reconstruction,42,138,388,-0.1847652941942215,0.1870046854019165,3.5915257930755615,0.378655344247818,0.123080775141716,0.10363434255123138,0.13869153646551516,0.3250608917790291,0.8616687059402466,0.3903381217503753,10x_human_lymph_node_D1
wo_Reconstruction,42,139,389,-0.18572752177715302,0.18570072948932648,3.593972682952881,0.37700405716896057,0.1254797875881195,0.10488508641719818,0.13826987327122803,0.3246918642133833,0.8624495267868042,0.389876141007501,10x_human_lymph_node_D1
wo_Reconstruction,42,140,390,-0.18780823051929474,0.18819499015808105,3.593719720840454,0.3791602551937103,0.12237340956926346,0.10321369767189026,0.13874616382354338,0.32522306629381753,0.8626097440719604,0.3905556298922251,10x_human_lymph_node_D1
wo_Reconstruction,42,141,391,-0.1882554143667221,0.18813221156597137,3.596452236175537,0.37795737385749817,0.12430096417665482,0.10408046841621399,0.13859064785681724,0.3249629486520047,0.861573338508606,0.3902266511070804,10x_human_lymph_node_D1
wo_Reconstruction,42,142,392,-0.18917836248874664,0.1885126382112503,3.5975594520568848,0.377806156873703,0.12474988400936127,0.10440664738416672,0.13842646076064763,0.32485905072726623,0.862205982208252,0.3901042247184114,10x_human_lymph_node_D1
wo_Reconstruction,42,143,393,-0.19089218974113464,0.18987949192523956,3.5989487171173096,0.37853360176086426,0.12352304905653,0.10366932302713394,0.13870455704330537,0.3251577765428827,0.8632574081420898,0.3904557961638529,10x_human_lymph_node_D1
wo_Reconstruction,42,144,394,-0.19399778544902802,0.1884363740682602,3.5999903678894043,0.37868407368659973,0.12307329475879669,0.1033722311258316,0.13865721291688857,0.3250428951326027,0.8642882704734802,0.3903394721256692,10x_human_lymph_node_D1
wo_Reconstruction,42,145,395,-0.1967054158449173,0.18529336154460907,3.602144956588745,0.37700018286705017,0.12515056133270264,0.10430977493524551,0.13858954139371063,0.32505591139951695,0.864968478679657,0.39032754618131477,10x_human_lymph_node_D1
wo_Reconstruction,42,146,396,-0.20047572255134583,0.1859855204820633,3.602334499359131,0.378976047039032,0.12167751044034958,0.10255420207977295,0.1387472770400205,0.3251301054615448,0.8674689531326294,0.3904547348179907,10x_human_lymph_node_D1
wo_Reconstruction,42,147,397,-0.20216548442840576,0.18412086367607117,3.60391902923584,0.37782517075538635,0.12358999997377396,0.10334709286689758,0.13865610357114344,0.3251358560737283,0.8671518564224243,0.3904403671999036,10x_human_lymph_node_D1
wo_Reconstruction,42,148,398,-0.20279134809970856,0.18459902703762054,3.6058425903320312,0.3773159086704254,0.12456630170345306,0.103766068816185,0.13865610357114344,0.3251358560737283,0.8680950403213501,0.3904403671999036,10x_human_lymph_node_D1
wo_Reconstruction,42,149,399,-0.20456741750240326,0.18676821887493134,3.605774402618408,0.3791750967502594,0.12206679582595825,0.10242410004138947,0.1387472770400205,0.3251301054615448,0.8685103058815002,0.3904547348179907,10x_human_lymph_node_D1
wo_Reconstruction,42,150,400,-0.20610101521015167,0.18430402874946594,3.6080663204193115,0.3773007392883301,0.12510909140110016,0.10350220650434494,0.13865610357114344,0.3251358560737283,0.8670589923858643,0.3904403671999036,10x_human_lymph_node_D1
Frozen_Encoder_DEC_Only,42,1,251,1.4477087259292603,0.2622348666191101,2.999959945678711,0.37910258769989014,0.09829395264387131,0.13677391409873962,0.14472295674895694,0.31659750845385165,0.28766265511512756,0.37523538449326377,10x_human_lymph_node_D1
Frozen_Encoder_DEC_Only,42,2,252,1.4477165937423706,0.26219481229782104,2.9999706745147705,0.37909838557243347,0.09834083914756775,0.13676774501800537,0.14602715620545892,0.3182475969083318,0.2880081236362457,0.3771969574857524,10x_human_lymph_node_D1
Frozen_Encoder_DEC_Only,42,3,253,1.44773530960083,0.2621105909347534,2.9999566078186035,0.3791022002696991,0.09841889888048172,0.13678798079490662,0.14536902078558256,0.31738310965211375,0.2876926064491272,0.3761662436126725,10x_human_lymph_node_D1
Frozen_Encoder_DEC_Only,42,4,254,1.4477499723434448,0.26213449239730835,2.999971866607666,0.37908461689949036,0.09840446710586548,0.13681337237358093,0.14493808277877868,0.31690392674556705,0.2880001664161682,0.37559286136828096,10x_human_lymph_node_D1
Frozen_Encoder_DEC_Only,42,5,255,1.4477064609527588,0.26206347346305847,2.9999756813049316,0.37908220291137695,0.09841139614582062,0.13679467141628265,0.14553031611120726,0.3174097238759564,0.2878588140010834,0.37622084632045794,10x_human_lymph_node_D1
Frozen_Encoder_DEC_Only,42,6,256,1.4477336406707764,0.26207059621810913,2.999969005584717,0.3790757656097412,0.09843787550926208,0.1368146538734436,0.1455628685317839,0.3171492774361627,0.28797435760498047,0.3759112774670985,10x_human_lymph_node_D1
Frozen_Encoder_DEC_Only,42,7,257,1.4477055072784424,0.26199257373809814,2.9999756813049316,0.3790777325630188,0.09846223145723343,0.1368016004562378,0.14594738235906166,0.31878899153769397,0.2884620726108551,0.3778000750877177,10x_human_lymph_node_D1
Frozen_Encoder_DEC_Only,42,8,258,1.447632074356079,0.2619551122188568,2.999966859817505,0.3790811002254486,0.0983966737985611,0.13678541779518127,0.14576748717349083,0.31798293137593336,0.2882775068283081,0.3769002832193427,10x_human_lymph_node_D1
Frozen_Encoder_DEC_Only,42,9,259,1.447609782218933,0.2619236409664154,2.9999589920043945,0.37907567620277405,0.09836896508932114,0.13681235909461975,0.14535730988381518,0.3173345007266808,0.28819844126701355,0.37611518420048856,10x_human_lymph_node_D1
Frozen_Encoder_DEC_Only,42,10,260,1.4475715160369873,0.26187774538993835,2.9999802112579346,0.37906572222709656,0.09835918992757797,0.1367955505847931,0.1449586879801508,0.3170817466777501,0.2878856658935547,0.3758559647884283,10x_human_lymph_node_D1
Frozen_Encoder_DEC_Only,42,11,261,1.447524905204773,0.2618286907672882,2.9999704360961914,0.3790883421897888,0.0983230248093605,0.13678231835365295,0.14495029494801626,0.3169440242180457,0.28780749440193176,0.3756092365238848,10x_human_lymph_node_D1
Frozen_Encoder_DEC_Only,42,12,262,1.447469711303711,0.2617734670639038,2.9999711513519287,0.3790728449821472,0.09830040484666824,0.1367768794298172,0.14545028301328308,0.3176866375859394,0.2879440188407898,0.37659347901866963,10x_human_lymph_node_D1
Frozen_Encoder_DEC_Only,42,13,263,1.447537899017334,0.26175788044929504,2.9999639987945557,0.3790789246559143,0.09841020405292511,0.13678282499313354,0.14514066373306936,0.31715190480030386,0.28798243403434753,0.37589987234357425,10x_human_lymph_node_D1
Frozen_Encoder_DEC_Only,42,14,264,1.4474942684173584,0.26172393560409546,2.999962091445923,0.3790718615055084,0.0983583927154541,0.13680106401443481,0.14553669359499116,0.31742499266231916,0.28808748722076416,0.3762342494706379,10x_human_lymph_node_D1
Frozen_Encoder_DEC_Only,42,15,265,1.447452187538147,0.26166558265686035,2.9999539852142334,0.3790772557258606,0.09834622591733932,0.13679289817810059,0.14597803913384866,0.3182526659078344,0.2881298363208771,0.3772582815187012,10x_human_lymph_node_D1
Frozen_Encoder_DEC_Only,42,16,266,1.4474608898162842,0.2616039514541626,2.9999711513519287,0.37910670042037964,0.09837020188570023,0.13679052889347076,0.14652878882659287,0.3191375065594624,0.28784018754959106,0.37830034205360535,10x_human_lymph_node_D1
Frozen_Encoder_DEC_Only,42,17,267,1.447427749633789,0.26151129603385925,2.9999494552612305,0.3791002333164215,0.09840903431177139,0.13679179549217224,0.14504716505714657,0.3170041184018055,0.2877598702907562,0.37569068670322076,10x_human_lymph_node_D1
Frozen_Encoder_DEC_Only,42,18,268,1.44736909866333,0.26148056983947754,2.9999642372131348,0.3790704905986786,0.09836174547672272,0.1367923766374588,0.14537691446406958,0.31724776549590716,0.2878745496273041,0.37599949890573137,10x_human_lymph_node_D1
Frozen_Encoder_DEC_Only,42,19,269,1.4473320245742798,0.26143690943717957,2.9999709129333496,0.37907323241233826,0.09833265095949173,0.1367911398410797,0.14605423232613382,0.3178885541413677,0.28746363520622253,0.3767667646351519,10x_human_lymph_node_D1
Frozen_Encoder_DEC_Only,42,20,270,1.4472665786743164,0.26132819056510925,2.9999570846557617,0.379077672958374,0.09832940250635147,0.1367819607257843,0.14543692062067629,0.3175231087929147,0.2879028022289276,0.3763585038755933,10x_human_lymph_node_D1
Frozen_Encoder_DEC_Only,42,21,271,1.447383999824524,0.2614121735095978,2.9999735355377197,0.3790837228298187,0.09842940419912338,0.13678178191184998,0.14575907646000266,0.3175844694646171,0.28811314702033997,0.3763966145217671,10x_human_lymph_node_D1
Frozen_Encoder_DEC_Only,42,22,272,1.4473530054092407,0.2613140940666199,2.999966859817505,0.3791004419326782,0.09842279553413391,0.1368037313222885,0.1459121895776811,0.31814977133136946,0.28777778148651123,0.3771626666856583,10x_human_lymph_node_D1
Frozen_Encoder_DEC_Only,42,23,273,1.4472781419754028,0.26128318905830383,2.999966859817505,0.3790728747844696,0.09836327284574509,0.1367986798286438,0.14584310116702742,0.3180588694894108,0.28782254457473755,0.37704527488919526,10x_human_lymph_node_D1
Frozen_Encoder_DEC_Only,42,24,274,1.4472748041152954,0.2612237334251404,2.9999618530273438,0.3790704607963562,0.09841368347406387,0.13679444789886475,0.1465712187319263,0.31850765245785206,0.2882012128829956,0.37761712037577594,10x_human_lymph_node_D1
Frozen_Encoder_DEC_Only,42,25,275,1.4472984075546265,0.26126953959465027,2.999959945678711,0.37907129526138306,0.098409004509449,0.13680040836334229,0.1460528372736793,0.31804502762764153,0.2880500257015228,0.3770458101941218,10x_human_lymph_node_D1
Frozen_Encoder_DEC_Only,42,26,276,1.4472588300704956,0.26123639941215515,2.9999725818634033,0.3790906071662903,0.09835704416036606,0.13679027557373047,0.1455560490934923,0.31714715499021384,0.2881247401237488,0.37594973520538844,10x_human_lymph_node_D1
Frozen_Encoder_DEC_Only,42,27,277,1.447288155555725,0.2611367702484131,2.9999613761901855,0.3790874779224396,0.09846337139606476,0.13681548833847046,0.14562005494122648,0.31764218363890273,0.2881161868572235,0.37650283100737036,10x_human_lymph_node_D1
Frozen_Encoder_DEC_Only,42,28,278,1.4472146034240723,0.26115620136260986,2.9999656677246094,0.3790726363658905,0.09838730841875076,0.13677643239498138,0.14588753638368135,0.3180593562203224,0.28792819380760193,0.37703216303076664,10x_human_lymph_node_D1
Frozen_Encoder_DEC_Only,42,29,279,1.4471864700317383,0.2610050141811371,2.9999752044677734,0.37910354137420654,0.09840719401836395,0.136792853474617,0.1461428976815453,0.31817353824380484,0.2880597412586212,0.37706847249626135,10x_human_lymph_node_D1
Frozen_Encoder_DEC_Only,42,30,280,1.447239637374878,0.2610539495944977,2.9999794960021973,0.37909021973609924,0.09844796359539032,0.13680587708950043,0.14614284811485537,0.318796775942832,0.2880754768848419,0.37796378833441163,10x_human_lymph_node_D1
Frozen_Encoder_DEC_Only,42,31,281,1.4471454620361328,0.2609681487083435,2.9999608993530273,0.3790702819824219,0.0984124094247818,0.1367942839860916,0.14597845203098214,0.3183757719703838,0.28804805874824524,0.37746322216409045,10x_human_lymph_node_D1
Frozen_Encoder_DEC_Only,42,32,282,1.4471648931503296,0.2609209716320038,2.9999728202819824,0.3790891468524933,0.09843190759420395,0.13681453466415405,0.14566047116749656,0.3182258405259548,0.2879045307636261,0.37725915962907164,10x_human_lymph_node_D1
Frozen_Encoder_DEC_Only,42,33,283,1.4470692873001099,0.2608928978443146,2.9999563694000244,0.3790907561779022,0.09835898131132126,0.1367715746164322,0.14569277402808276,0.31825711542585994,0.28794583678245544,0.37726545682820295,10x_human_lymph_node_D1
Frozen_Encoder_DEC_Only,42,34,284,1.4470701217651367,0.2608112096786499,2.9999618530273438,0.37907567620277405,0.09840647131204605,0.1367986649274826,0.1461138773353196,0.31865492915758253,0.2879875600337982,0.3777536047464598,10x_human_lymph_node_D1
Frozen_Encoder_DEC_Only,42,35,285,1.4470213651657104,0.26077327132225037,2.999964714050293,0.37910544872283936,0.0983339473605156,0.1367945671081543,0.14528247867607752,0.31697418458541643,0.2878663241863251,0.37572785128272485,10x_human_lymph_node_D1
Frozen_Encoder_DEC_Only,42,36,286,1.4469528198242188,0.2607138156890869,2.9999582767486572,0.3790797293186188,0.09831097722053528,0.1367872804403305,0.14632252630490972,0.31868907131116525,0.28770914673805237,0.37782904681331636,10x_human_lymph_node_D1
Frozen_Encoder_DEC_Only,42,37,287,1.446945309638977,0.2606770396232605,2.999964475631714,0.37907329201698303,0.09833211451768875,0.13678553700447083,0.14639709902194353,0.3186828253433224,0.2877121567726135,0.3777837261182731,10x_human_lymph_node_D1
Frozen_Encoder_DEC_Only,42,38,288,1.4469767808914185,0.2606857419013977,2.9999701976776123,0.37906011939048767,0.09835851192474365,0.13680928945541382,0.14631594912918172,0.31845727946891816,0.2877901792526245,0.3775229834646446,10x_human_lymph_node_D1
Frozen_Encoder_DEC_Only,42,39,289,1.447007656097412,0.26059475541114807,2.999969482421875,0.37911587953567505,0.09842666238546371,0.13680459558963776,0.14662274782727605,0.3189409477656048,0.28773757815361023,0.3781316511994152,10x_human_lymph_node_D1
Frozen_Encoder_DEC_Only,42,40,290,1.4469263553619385,0.26062119007110596,2.999964952468872,0.37910035252571106,0.09830740839242935,0.13679693639278412,0.14621612645192747,0.31830169748044274,0.2881559431552887,0.3773564693303774,10x_human_lymph_node_D1
Frozen_Encoder_DEC_Only,42,41,291,1.4469218254089355,0.26049697399139404,2.999971866607666,0.37908250093460083,0.0983835980296135,0.13682176172733307,0.14568633183840546,0.3178835482300383,0.28790566325187683,0.37685585958935425,10x_human_lymph_node_D1
Frozen_Encoder_DEC_Only,42,42,292,1.44694185256958,0.2605307996273041,2.999962568283081,0.379085898399353,0.09839753806591034,0.1368153840303421,0.1463991862496797,0.3187927224128808,0.2879953980445862,0.37796236610534184,10x_human_lymph_node_D1
Frozen_Encoder_DEC_Only,42,43,293,1.4469176530838013,0.2604999840259552,2.9999637603759766,0.3790922462940216,0.0984005406498909,0.1367926448583603,0.14630381420558378,0.3189708783877528,0.2879006266593933,0.3781432865271449,10x_human_lymph_node_D1
Frozen_Encoder_DEC_Only,42,44,294,1.4468371868133545,0.26042309403419495,2.9999630451202393,0.3790697753429413,0.09837174415588379,0.13677924871444702,0.1468406561305858,0.31899399525077743,0.28782767057418823,0.3782383864535476,10x_human_lymph_node_D1
Frozen_Encoder_DEC_Only,42,45,295,1.4468073844909668,0.2603149116039276,2.999974012374878,0.379084974527359,0.09837346524000168,0.13679319620132446,0.14713675735404166,0.3194684167299921,0.28786078095436096,0.3787682648973043,10x_human_lymph_node_D1
Frozen_Encoder_DEC_Only,42,46,296,1.446799397468567,0.2602880299091339,2.9999678134918213,0.37908345460891724,0.09838396310806274,0.13679614663124084,0.1471884539728006,0.3196506016669871,0.2881331741809845,0.3789828113278978,10x_human_lymph_node_D1
Frozen_Encoder_DEC_Only,42,47,297,1.446835994720459,0.2603680193424225,2.999964475631714,0.3790927231311798,0.09839042276144028,0.13677799701690674,0.14692175405574365,0.3191373316173424,0.28836339712142944,0.37836575930636523,10x_human_lymph_node_D1
Frozen_Encoder_DEC_Only,42,48,298,1.446829080581665,0.26032641530036926,2.999981641769409,0.3790924549102783,0.09838823974132538,0.136790931224823,0.14628294043339132,0.31832183088605215,0.2881681025028229,0.3773815019561882,10x_human_lymph_node_D1
Frozen_Encoder_DEC_Only,42,49,299,1.446733832359314,0.26024118065834045,2.999976634979248,0.3791023790836334,0.09831978380680084,0.13677185773849487,0.14709917005084958,0.31971094616760687,0.28794199228286743,0.37906797499164796,10x_human_lymph_node_D1
Frozen_Encoder_DEC_Only,42,50,300,1.4467018842697144,0.2601596713066101,2.999953508377075,0.3791002631187439,0.0983419194817543,0.1367795467376709,0.14701658191301542,0.3193853849912362,0.2878832519054413,0.3786976192070408,10x_human_lymph_node_D1
Frozen_Encoder_DEC_Only,42,51,301,1.4466809034347534,0.2600831985473633,2.999960422515869,0.3791012763977051,0.09836842119693756,0.13677459955215454,0.14693978056713208,0.3194406784438371,0.2879256308078766,0.3786838535881358,10x_human_lymph_node_D1
Frozen_Encoder_DEC_Only,42,52,302,1.4467437267303467,0.2600880563259125,2.999972105026245,0.37908583879470825,0.09843932837247849,0.13680382072925568,0.14797222919629674,0.32031217041099985,0.28829318284988403,0.37979759009403913,10x_human_lymph_node_D1
Frozen_Encoder_DEC_Only,42,53,303,1.4466577768325806,0.2600698471069336,2.9999547004699707,0.37909233570098877,0.09833718091249466,0.13679222762584686,0.14663503117512933,0.3186694623436589,0.2877790033817291,0.37775732887910535,10x_human_lymph_node_D1
Frozen_Encoder_DEC_Only,42,54,304,1.4467684030532837,0.2600839138031006,2.999971866607666,0.37911123037338257,0.09844941645860672,0.13680988550186157,0.146735934474737,0.31899729911984126,0.2882288098335266,0.3781354476919391,10x_human_lymph_node_D1
Frozen_Encoder_DEC_Only,42,55,305,1.4467003345489502,0.2600024342536926,2.999969482421875,0.37908053398132324,0.0984223410487175,0.1368260681629181,0.14734275197166735,0.31948774711104067,0.2881137430667877,0.37873737006628183,10x_human_lymph_node_D1
Frozen_Encoder_DEC_Only,42,56,306,1.446605920791626,0.25995582342147827,2.9999630451202393,0.3790681064128876,0.09835957735776901,0.1367962658405304,0.14710885869877377,0.3192827034979522,0.2879891097545624,0.378480980750285,10x_human_lymph_node_D1
Frozen_Encoder_DEC_Only,42,57,307,1.4466116428375244,0.2599453330039978,2.9999613761901855,0.37908434867858887,0.0983709841966629,0.13678714632987976,0.14705630222272334,0.3192152178554962,0.2879059910774231,0.3784412182080786,10x_human_lymph_node_D1
Frozen_Encoder_DEC_Only,42,58,308,1.4466845989227295,0.2599487900733948,2.999980926513672,0.3790868818759918,0.09844601899385452,0.1368066966533661,0.14704200648590623,0.3196333491988253,0.28797855973243713,0.3789578724562854,10x_human_lymph_node_D1
Frozen_Encoder_DEC_Only,42,59,309,1.4465477466583252,0.2597986161708832,2.999967336654663,0.37908053398132324,0.0983833447098732,0.13678935170173645,0.14681429988251934,0.31890444482595137,0.28810885548591614,0.378044771711457,10x_human_lymph_node_D1
Frozen_Encoder_DEC_Only,42,60,310,1.446634292602539,0.259789377450943,2.999980926513672,0.37909388542175293,0.0984773114323616,0.1368137151002884,0.14763969170923072,0.319817824016723,0.28761741518974304,0.37920659781845184,10x_human_lymph_node_D1
Frozen_Encoder_DEC_Only,42,61,311,1.4465022087097168,0.2597399950027466,2.9999661445617676,0.37907299399375916,0.09835978597402573,0.1367960423231125,0.14701476736824942,0.3190922208342582,0.2880334258079529,0.3782783058629947,10x_human_lymph_node_D1
Frozen_Encoder_DEC_Only,42,62,312,1.4465372562408447,0.25973716378211975,2.999957799911499,0.3790956437587738,0.09838339686393738,0.1368110179901123,0.14787013629411444,0.3199127845913374,0.2878926396369934,0.37929649031710594,10x_human_lymph_node_D1
Frozen_Encoder_DEC_Only,42,63,313,1.4464752674102783,0.25974470376968384,2.999959707260132,0.3790745437145233,0.09833377599716187,0.13677971065044403,0.14782335284587445,0.32040948818804615,0.2879614233970642,0.37990137738432633,10x_human_lymph_node_D1
Frozen_Encoder_DEC_Only,42,64,314,1.4464939832687378,0.2596878409385681,2.9999701976776123,0.3790743350982666,0.09837892651557922,0.13680005073547363,0.14749349242916465,0.3197782837273974,0.2880823612213135,0.37916862450243793,10x_human_lymph_node_D1
Frozen_Encoder_DEC_Only,42,65,315,1.4464718103408813,0.2596788704395294,2.999966859817505,0.37907758355140686,0.09835877269506454,0.1367923468351364,0.1469162108455395,0.31890564303167046,0.2880024015903473,0.37812875063010487,10x_human_lymph_node_D1
Frozen_Encoder_DEC_Only,42,66,316,1.4465434551239014,0.25971293449401855,2.9999704360961914,0.3790793716907501,0.09842149913311005,0.13680917024612427,0.1478722796861811,0.3202199255334616,0.2883889973163605,0.3796592665531378,10x_human_lymph_node_D1
Frozen_Encoder_DEC_Only,42,67,317,1.4464390277862549,0.2596126198768616,2.9999711513519287,0.3790901005268097,0.09835749119520187,0.13677933812141418,0.14805079089307419,0.32014045205529035,0.28803199529647827,0.379567571122585,10x_human_lymph_node_D1
Frozen_Encoder_DEC_Only,42,68,318,1.4464311599731445,0.25947532057762146,2.9999799728393555,0.37909242510795593,0.09843138605356216,0.13679149746894836,0.14767310222643507,0.31975704626061235,0.2878229022026062,0.37908504281398464,10x_human_lymph_node_D1
Frozen_Encoder_DEC_Only,42,69,319,1.4464412927627563,0.2595675587654114,2.99997615814209,0.379090815782547,0.09838457405567169,0.13678663969039917,0.1478815841798472,0.3201602443111245,0.2881259620189667,0.3795713084124329,10x_human_lymph_node_D1
Frozen_Encoder_DEC_Only,42,70,320,1.4463587999343872,0.2594795823097229,2.999967336654663,0.3790673017501831,0.09834443032741547,0.13679587841033936,0.14771182905377025,0.3197338535881168,0.2879956066608429,0.3790556415264255,10x_human_lymph_node_D1
Frozen_Encoder_DEC_Only,42,71,321,1.4463897943496704,0.2594509422779083,2.999964475631714,0.3790768086910248,0.0984109491109848,0.13679170608520508,0.14745811934948497,0.3194101212925611,0.2878235876560211,0.37865450109926796,10x_human_lymph_node_D1
Frozen_Encoder_DEC_Only,42,72,322,1.4463565349578857,0.2594587504863739,2.9999594688415527,0.3790743052959442,0.09836407750844955,0.13678684830665588,0.14746568705990065,0.31961877562149177,0.288136750459671,0.37892080413615215,10x_human_lymph_node_D1
Frozen_Encoder_DEC_Only,42,73,323,1.4463056325912476,0.25937169790267944,2.9999635219573975,0.3790822923183441,0.09833144396543503,0.13679739832878113,0.14715537112887667,0.3197590417447981,0.2876623868942261,0.37913241486467963,10x_human_lymph_node_D1
Frozen_Encoder_DEC_Only,42,74,324,1.4463268518447876,0.25938504934310913,2.999960422515869,0.37910306453704834,0.09834504872560501,0.13678833842277527,0.14760210282327244,0.3198930645578814,0.2879568040370941,0.3791667199360969,10x_human_lymph_node_D1
Frozen_Encoder_DEC_Only,42,75,325,1.4463112354278564,0.25935742259025574,2.9999635219573975,0.3790913224220276,0.09835244715213776,0.13678765296936035,0.14768269508565438,0.3196956744910339,0.28799328207969666,0.37905874595794065,10x_human_lymph_node_D1
Frozen_Encoder_DEC_Only,42,76,326,1.4462902545928955,0.2593136429786682,2.999969959259033,0.37908947467803955,0.09834396094083786,0.13679486513137817,0.14740791197346695,0.31932704485600866,0.2880896329879761,0.37857645800505024,10x_human_lymph_node_D1
Frozen_Encoder_DEC_Only,42,77,327,1.4463266134262085,0.25931820273399353,2.9999563694000244,0.37909430265426636,0.09840424358844757,0.1367911398410797,0.1480812875426411,0.32002899615684977,0.2880261242389679,0.37937721583086814,10x_human_lymph_node_D1
Frozen_Encoder_DEC_Only,42,78,328,1.4462462663650513,0.25923457741737366,2.9999516010284424,0.37906134128570557,0.09837169200181961,0.13679911196231842,0.14762439488631668,0.31972751073379974,0.2878563702106476,0.37896362290677355,10x_human_lymph_node_D1
Frozen_Encoder_DEC_Only,42,79,329,1.4462515115737915,0.2591795027256012,2.9999618530273438,0.37908831238746643,0.09839905053377151,0.13678991794586182,0.14655213823481752,0.3184430870772552,0.28772175312042236,0.37755603716450603,10x_human_lymph_node_D1
Frozen_Encoder_DEC_Only,42,80,330,1.4462159872055054,0.2591798007488251,2.9999537467956543,0.3790884017944336,0.09835977107286453,0.1367795467376709,0.14753987560763426,0.3197167467532593,0.2877563536167145,0.37905080623530063,10x_human_lymph_node_D1
Frozen_Encoder_DEC_Only,42,81,331,1.4462251663208008,0.2591300904750824,2.9999749660491943,0.3790886700153351,0.09839034825563431,0.1367877572774887,0.14835168171629054,0.32021806621044013,0.28786757588386536,0.37962581806130186,10x_human_lymph_node_D1
Frozen_Encoder_DEC_Only,42,82,332,1.446158528327942,0.2590950131416321,2.9999735355377197,0.3790625035762787,0.09834575653076172,0.13678327202796936,0.1472722215490887,0.31931999578878645,0.2876162827014923,0.3785523912458687,10x_human_lymph_node_D1
Frozen_Encoder_DEC_Only,42,83,333,1.446234107017517,0.25908881425857544,2.999966621398926,0.3790951371192932,0.09842422604560852,0.1367979645729065,0.147707757743409,0.31967343695834843,0.28793391585350037,0.37899155380404026,10x_human_lymph_node_D1
Frozen_Encoder_DEC_Only,42,84,334,1.4462347030639648,0.25902846455574036,2.9999685287475586,0.3791038990020752,0.09846428781747818,0.13679563999176025,0.14743590786715108,0.31922659482769905,0.2877347767353058,0.37843970050800124,10x_human_lymph_node_D1
Frozen_Encoder_DEC_Only,42,85,335,1.4461959600448608,0.2590005695819855,2.9999759197235107,0.37908995151519775,0.09843462705612183,0.1367960274219513,0.14767041418710633,0.31974376708393865,0.2876599431037903,0.37905244956920464,10x_human_lymph_node_D1
Frozen_Encoder_DEC_Only,42,86,336,1.4461473226547241,0.25904276967048645,2.9999678134918213,0.3790798783302307,0.09834282100200653,0.13679543137550354,0.14776046621774996,0.31955834122257165,0.2877977788448334,0.37886221317466484,10x_human_lymph_node_D1
Frozen_Encoder_DEC_Only,42,87,337,1.4461168050765991,0.2589639127254486,2.9999618530273438,0.37909170985221863,0.09835055470466614,0.1367936134338379,0.148064302452684,0.32029261543750287,0.2878243625164032,0.37968954252006387,10x_human_lymph_node_D1
Frozen_Encoder_DEC_Only,42,88,338,1.4461681842803955,0.2590230405330658,2.9999542236328125,0.3790757656097412,0.09840903431177139,0.1367892622947693,0.1472318964087783,0.3190828532939082,0.2875787317752838,0.37831641600449784,10x_human_lymph_node_D1
Frozen_Encoder_DEC_Only,42,89,339,1.4461356401443481,0.25899210572242737,2.9999523162841797,0.3790683448314667,0.09840602427721024,0.13677480816841125,0.1471214593353901,0.31892449782581284,0.2880154252052307,0.37805091836961613,10x_human_lymph_node_D1
Frozen_Encoder_DEC_Only,42,90,340,1.446066975593567,0.25893446803092957,2.999962329864502,0.3791062831878662,0.09830167144536972,0.13677412271499634,0.1476286378906034,0.31936023812182707,0.2877844274044037,0.3785791927419073,10x_human_lymph_node_D1
Frozen_Encoder_DEC_Only,42,91,341,1.4460431337356567,0.2588350474834442,2.999974012374878,0.37908947467803955,0.09833607822656631,0.13678860664367676,0.14783302963330092,0.3197065897654563,0.2878285348415375,0.3790437867925316,10x_human_lymph_node_D1
Frozen_Encoder_DEC_Only,42,92,342,1.4460529088974,0.25881561636924744,2.999966859817505,0.37908676266670227,0.09837497025728226,0.13678696751594543,0.147288565958623,0.3194163606606984,0.2876659631729126,0.37869564467717953,10x_human_lymph_node_D1
Frozen_Encoder_DEC_Only,42,93,343,1.4462201595306396,0.2588140368461609,2.999993085861206,0.3791113793849945,0.0985950231552124,0.13678520917892456,0.1472088347351596,0.3190592457814408,0.28794151544570923,0.3782765067975928,10x_human_lymph_node_D1
Frozen_Encoder_DEC_Only,42,94,344,1.4460060596466064,0.25876474380493164,2.9999632835388184,0.3790721893310547,0.09836075454950333,0.13678470253944397,0.1477554537610202,0.3197280766347567,0.287913054227829,0.37905925560619597,10x_human_lymph_node_D1
Frozen_Encoder_DEC_Only,42,95,345,1.4460370540618896,0.25877800583839417,2.999966859817505,0.37906402349472046,0.09838332235813141,0.1368047147989273,0.1479215803349018,0.3200148857346474,0.28756314516067505,0.3793512767251911,10x_human_lymph_node_D1
Frozen_Encoder_DEC_Only,42,96,346,1.445967197418213,0.2586977779865265,2.999964475631714,0.37908798456192017,0.09833233803510666,0.13678845763206482,0.14745902550095608,0.3193002536203835,0.2876606285572052,0.37852403918506794,10x_human_lymph_node_D1
Frozen_Encoder_DEC_Only,42,97,347,1.4459277391433716,0.2587292790412903,2.999966859817505,0.3790728747844696,0.09826144576072693,0.1367877721786499,0.14746051907219945,0.3192911550304944,0.2877851128578186,0.37849833151532997,10x_human_lymph_node_D1
Frozen_Encoder_DEC_Only,42,98,348,1.4460148811340332,0.25877645611763,2.999967336654663,0.3790574073791504,0.09834964573383331,0.1368117332458496,0.14771577673287428,0.3196386137478938,0.2877238094806671,0.3790268688981916,10x_human_lymph_node_D1
Frozen_Encoder_DEC_Only,42,99,349,1.4460773468017578,0.2586715817451477,2.9999823570251465,0.37909573316574097,0.09846492111682892,0.13682609796524048,0.14735143965638195,0.3187121976058596,0.28788039088249207,0.3778537133671903,10x_human_lymph_node_D1
Frozen_Encoder_DEC_Only,42,100,350,1.446064829826355,0.25866788625717163,2.999972105026245,0.37908726930618286,0.09844928979873657,0.136839359998703,0.14774195568132778,0.3192175016934216,0.2876988649368286,0.37846012412143365,10x_human_lymph_node_D1
Frozen_Encoder_DEC_Only,42,101,351,1.4459202289581299,0.25861892104148865,2.9999568462371826,0.37909215688705444,0.09832549840211868,0.13678453862667084,0.14761956167208506,0.319463192272574,0.28752630949020386,0.37872340754128275,10x_human_lymph_node_D1
Frozen_Encoder_DEC_Only,42,102,352,1.4459277391433716,0.25853660702705383,2.9999537467956543,0.3790799081325531,0.09840550273656845,0.13679322600364685,0.14743478926534095,0.31904078939387076,0.2873394191265106,0.37826387976630965,10x_human_lymph_node_D1
Frozen_Encoder_DEC_Only,42,103,353,1.445886254310608,0.2585361897945404,2.9999618530273438,0.37910205125808716,0.0983097106218338,0.13679833710193634,0.1476561196803532,0.319531648857894,0.28742289543151855,0.3786799383698983,10x_human_lymph_node_D1
Frozen_Encoder_DEC_Only,42,104,354,1.4459526538848877,0.25853344798088074,2.9999759197235107,0.37909722328186035,0.0984208881855011,0.13678769767284393,0.14772070209060895,0.3190697368505504,0.2875933051109314,0.37824872238438995,10x_human_lymph_node_D1
Frozen_Encoder_DEC_Only,42,105,355,1.4459335803985596,0.25851380825042725,2.9999778270721436,0.37908220291137695,0.09841536730527878,0.13679239153862,0.14761583877289325,0.31911298911401637,0.28761574625968933,0.3782374475853854,10x_human_lymph_node_D1
Frozen_Encoder_DEC_Only,42,106,356,1.4458845853805542,0.25848588347435,2.999969244003296,0.3790620267391205,0.09838972240686417,0.13678953051567078,0.14701275211803966,0.3182683607227126,0.28774958848953247,0.3773667850811293,10x_human_lymph_node_D1
Frozen_Encoder_DEC_Only,42,107,357,1.4459576606750488,0.2584685683250427,2.9999730587005615,0.3790912628173828,0.09846609085798264,0.136807382106781,0.14720511758104807,0.31899672819167085,0.28790104389190674,0.37816923145123926,10x_human_lymph_node_D1
Frozen_Encoder_DEC_Only,42,108,358,1.4458177089691162,0.2584109604358673,2.9999523162841797,0.37907594442367554,0.09835528582334518,0.13677582144737244,0.14708654814225486,0.31845116360096093,0.287476509809494,0.377442652971048,10x_human_lymph_node_D1
Frozen_Encoder_DEC_Only,42,109,359,1.4458270072937012,0.25841760635375977,2.9999639987945557,0.3790613114833832,0.09833870083093643,0.1368078887462616,0.14718669055314085,0.3187541869752355,0.2878064811229706,0.3778313426838011,10x_human_lymph_node_D1
Frozen_Encoder_DEC_Only,42,110,360,1.4457881450653076,0.2583717107772827,2.999957323074341,0.37908726930618286,0.09830567240715027,0.13679544627666473,0.14741787403798884,0.31889794494055035,0.2878493666648865,0.37803246370789184,10x_human_lymph_node_D1
Frozen_Encoder_DEC_Only,42,111,361,1.4459000825881958,0.2584056556224823,2.9999637603759766,0.3790690004825592,0.09844619035720825,0.13681453466415405,0.1476673616273864,0.3190238548982717,0.2875698506832123,0.3781525486136813,10x_human_lymph_node_D1
Frozen_Encoder_DEC_Only,42,112,362,1.4458144903182983,0.2583920657634735,2.9999616146087646,0.3790839910507202,0.09833931177854538,0.13678763806819916,0.1474152214713743,0.31891957728706066,0.2875731885433197,0.37811757155011316,10x_human_lymph_node_D1
Frozen_Encoder_DEC_Only,42,113,363,1.445849061012268,0.2582944333553314,2.9999775886535645,0.3790833652019501,0.09844422340393066,0.13680148124694824,0.1474523760802325,0.31879962309563586,0.28767213225364685,0.3778719787604557,10x_human_lymph_node_D1
Frozen_Encoder_DEC_Only,42,114,364,1.445845603942871,0.2582939863204956,2.9999732971191406,0.3790835440158844,0.09842720627784729,0.13681547343730927,0.1477674658569163,0.3197403845113109,0.2874577045440674,0.37904553146954717,10x_human_lymph_node_D1
Frozen_Encoder_DEC_Only,42,115,365,1.4457643032073975,0.25827687978744507,2.9999701976776123,0.3790639638900757,0.0983424261212349,0.1368093192577362,0.14772773658419502,0.3190302369952005,0.28760600090026855,0.37830795007124113,10x_human_lymph_node_D1
Frozen_Encoder_DEC_Only,42,116,366,1.4458760023117065,0.2582828998565674,2.999964714050293,0.3790796399116516,0.09848292171955109,0.1368238627910614,0.14692766990816736,0.31869849763485236,0.28764551877975464,0.3778126886067841,10x_human_lymph_node_D1
Frozen_Encoder_DEC_Only,42,117,367,1.4458062648773193,0.25825485587120056,2.9999711513519287,0.37908756732940674,0.09841631352901459,0.1367938220500946,0.14728753394848032,0.3189854117595996,0.28757667541503906,0.3781511847791891,10x_human_lymph_node_D1
Frozen_Encoder_DEC_Only,42,118,368,1.4458032846450806,0.2582157552242279,2.9999775886535645,0.37909233570098877,0.09843256324529648,0.13679459691047668,0.14682030336599464,0.3181925994681273,0.28750669956207275,0.37720444591664265,10x_human_lymph_node_D1
Frozen_Encoder_DEC_Only,42,119,369,1.4458669424057007,0.2582300305366516,2.999976396560669,0.3790908455848694,0.09848900884389877,0.1368265151977539,0.14755183883300324,0.31878666098987096,0.2876003086566925,0.3779138908416935,10x_human_lymph_node_D1
Frozen_Encoder_DEC_Only,42,120,370,1.4456813335418701,0.2581058740615845,2.999955654144287,0.3790923058986664,0.09834980964660645,0.1367879956960678,0.14721618016946714,0.3184115888468154,0.2873537242412567,0.3774052017846913,10x_human_lymph_node_D1
Frozen_Encoder_DEC_Only,42,121,371,1.4457248449325562,0.2581501603126526,2.999958038330078,0.3790801465511322,0.09839440882205963,0.13678663969039917,0.1480968665878224,0.3192903753866399,0.28778061270713806,0.378518480375463,10x_human_lymph_node_D1
Frozen_Encoder_DEC_Only,42,122,372,1.4456919431686401,0.2581107020378113,2.99996018409729,0.37907764315605164,0.09835926443338394,0.13680212199687958,0.14738240995731006,0.31912668687381474,0.28745177388191223,0.37827374099113553,10x_human_lymph_node_D1
Frozen_Encoder_DEC_Only,42,123,373,1.445664644241333,0.2581298053264618,2.9999630451202393,0.3790857493877411,0.0983092337846756,0.13678596913814545,0.14677365112993773,0.31818957784273555,0.2873912453651428,0.3772195574108894,10x_human_lymph_node_D1
Frozen_Encoder_DEC_Only,42,124,374,1.445686936378479,0.2580145299434662,2.9999778270721436,0.3790943920612335,0.09838920831680298,0.13681082427501678,0.14718248400341974,0.3184319229652221,0.2875474691390991,0.3774771967171265,10x_human_lymph_node_D1
Frozen_Encoder_DEC_Only,42,125,375,1.4456791877746582,0.2580462694168091,2.999967575073242,0.37909117341041565,0.09839306771755219,0.1367807388305664,0.14770102729177464,0.3191597616112123,0.28744322061538696,0.378388725875086,10x_human_lymph_node_D1
Frozen_Encoder_DEC_Only,42,126,376,1.445595622062683,0.2579595744609833,2.9999685287475586,0.3790871202945709,0.09834518283605576,0.1367706060409546,0.14743823266009132,0.3185478381688147,0.2874099314212799,0.3775897826273697,10x_human_lymph_node_D1
Frozen_Encoder_DEC_Only,42,127,377,1.4457380771636963,0.2580552101135254,2.999969244003296,0.37907278537750244,0.09846201539039612,0.1368122100830078,0.14802541168464253,0.31919240352953865,0.2876027226448059,0.3784319669957338,10x_human_lymph_node_D1
Frozen_Encoder_DEC_Only,42,128,378,1.4456778764724731,0.25802329182624817,2.999969959259033,0.37908318638801575,0.09841183573007584,0.13678398728370667,0.1476181984991215,0.31883875881739654,0.2872871458530426,0.3780036409378053,10x_human_lymph_node_D1
Frozen_Encoder_DEC_Only,42,129,379,1.445603609085083,0.2579638659954071,2.9999735355377197,0.3790862262248993,0.09832270443439484,0.13679882884025574,0.14749427531749898,0.31928484169361815,0.28727951645851135,0.37850829017340404,10x_human_lymph_node_D1
Frozen_Encoder_DEC_Only,42,130,380,1.4456052780151367,0.257969468832016,2.9999637603759766,0.37908658385276794,0.09832186996936798,0.13680382072925568,0.14716988542972162,0.3180810480671668,0.28739988803863525,0.3770307772429954,10x_human_lymph_node_D1
Frozen_Encoder_DEC_Only,42,131,381,1.4456945657730103,0.25797462463378906,2.9999639987945557,0.3790926933288574,0.09843653440475464,0.1368163824081421,0.14754361953932332,0.3189539237955321,0.28736990690231323,0.3781565476108393,10x_human_lymph_node_D1
Frozen_Encoder_DEC_Only,42,132,382,1.4455852508544922,0.25791168212890625,2.999971628189087,0.3790826201438904,0.09836641699075699,0.13677269220352173,0.1477905457681716,0.318851739139259,0.2873857617378235,0.37799228735697976,10x_human_lymph_node_D1
Frozen_Encoder_DEC_Only,42,133,383,1.4455904960632324,0.2579360604286194,2.99996280670166,0.3790934085845947,0.09834825247526169,0.13677529990673065,0.14720006673126645,0.31823481061730985,0.2873111367225647,0.3772178344027413,10x_human_lymph_node_D1
Frozen_Encoder_DEC_Only,42,134,384,1.445550799369812,0.2578237056732178,2.999962568283081,0.3790980279445648,0.09835737943649292,0.13678666949272156,0.14729937781550823,0.3183780235203491,0.28735363483428955,0.37742299305297833,10x_human_lymph_node_D1
Frozen_Encoder_DEC_Only,42,135,385,1.4455305337905884,0.25781121850013733,2.9999639987945557,0.3790740668773651,0.0983443632721901,0.1368003636598587,0.14750823824518491,0.31897001687649773,0.2873718738555908,0.37813047455319143,10x_human_lymph_node_D1
Frozen_Encoder_DEC_Only,42,136,386,1.4455506801605225,0.25782111287117004,2.999964714050293,0.379095196723938,0.09835681319236755,0.1367902010679245,0.14815202720858497,0.3191255401221565,0.28727906942367554,0.37833825191132014,10x_human_lymph_node_D1
Frozen_Encoder_DEC_Only,42,137,387,1.4456202983856201,0.2578696310520172,2.999967098236084,0.3790770173072815,0.09841302782297134,0.13681934773921967,0.1472555101894946,0.31812625944172385,0.287405401468277,0.3771337266351201,10x_human_lymph_node_D1
Frozen_Encoder_DEC_Only,42,138,388,1.44560706615448,0.257827490568161,2.9999594688415527,0.37906917929649353,0.09844215214252472,0.13681499660015106,0.14771652698742807,0.3187154455098528,0.2876216173171997,0.3778154031166273,10x_human_lymph_node_D1
Frozen_Encoder_DEC_Only,42,139,389,1.4456169605255127,0.2578344941139221,2.9999725818634033,0.37908822298049927,0.09846094995737076,0.13678020238876343,0.1476451813270571,0.31879776224648226,0.28775230050086975,0.377942421540208,10x_human_lymph_node_D1
Frozen_Encoder_DEC_Only,42,140,390,1.4456148147583008,0.2578323185443878,2.9999606609344482,0.3791024684906006,0.0984443873167038,0.1367882490158081,0.1475054977788092,0.3184531950224228,0.2875373363494873,0.3774835837599245,10x_human_lymph_node_D1
Frozen_Encoder_DEC_Only,42,141,391,1.4455432891845703,0.25773581862449646,2.999962329864502,0.3790985643863678,0.09840910881757736,0.13679039478302002,0.14789650454763098,0.3180601044486,0.2872123718261719,0.377069378169102,10x_human_lymph_node_D1
Frozen_Encoder_DEC_Only,42,142,392,1.4455041885375977,0.257739394903183,2.9999711513519287,0.37909066677093506,0.09834641218185425,0.13679221272468567,0.14756002728784864,0.31911546262809803,0.2874505817890167,0.378279343247243,10x_human_lymph_node_D1
Frozen_Encoder_DEC_Only,42,143,393,1.4455201625823975,0.2577856183052063,2.9999687671661377,0.3790777027606964,0.09833754599094391,0.13680395483970642,0.14773492855860604,0.3189218620568246,0.2875189185142517,0.37796201990284806,10x_human_lymph_node_D1
Frozen_Encoder_DEC_Only,42,144,394,1.445474624633789,0.25771766901016235,2.999964952468872,0.37908506393432617,0.0983310267329216,0.1367885172367096,0.1476977833596285,0.31823856217414215,0.28684189915657043,0.3773417690311242,10x_human_lymph_node_D1
Frozen_Encoder_DEC_Only,42,145,395,1.4454686641693115,0.2577241063117981,2.9999547004699707,0.37905916571617126,0.09834132343530655,0.13679543137550354,0.14700367955749172,0.31799140954872884,0.28742191195487976,0.37700751995735815,10x_human_lymph_node_D1
Frozen_Encoder_DEC_Only,42,146,396,1.4454643726348877,0.2576669752597809,2.9999568462371826,0.3790712356567383,0.09835317730903625,0.13680751621723175,0.14755435263039263,0.3184377612497682,0.28727883100509644,0.37736539796061874,10x_human_lymph_node_D1
Frozen_Encoder_DEC_Only,42,147,397,1.4454923868179321,0.2576248347759247,2.999976873397827,0.37909913063049316,0.09841055423021317,0.13678668439388275,0.14698283721230196,0.31845392492002256,0.2872422933578491,0.3774867980926384,10x_human_lymph_node_D1
Frozen_Encoder_DEC_Only,42,148,398,1.4454450607299805,0.2575448751449585,2.999976396560669,0.3790851831436157,0.0984010323882103,0.13679876923561096,0.14764046793122604,0.3187599845695264,0.28731676936149597,0.37785429651454444,10x_human_lymph_node_D1
Frozen_Encoder_DEC_Only,42,149,399,1.4454668760299683,0.25754687190055847,2.999971866607666,0.3790930509567261,0.09841561317443848,0.13681066036224365,0.1471907073872747,0.3184113432868944,0.2868824303150177,0.37750017642456635,10x_human_lymph_node_D1
Frozen_Encoder_DEC_Only,42,150,400,1.4454689025878906,0.2575353682041168,2.999966621398926,0.37909212708473206,0.09843123704195023,0.13681116700172424,0.14704986648033178,0.31722761602348587,0.28685644268989563,0.37593477000218717,10x_human_lymph_node_D1
