ablation,seed,dec_epoch,fused_joint,fused_rna,fused_aux,x_sim,x_dist,dataset
Full_ARISE_v2,42,1,0.30678069591522217,0.2379947155714035,0.15477247536182404,0.0008164588361978531,0.013810732401907444,10x_human_lymph_node_A1
Full_ARISE_v2,42,2,0.31337621808052063,0.24389316141605377,0.15304993093013763,0.003275505732744932,0.011580361053347588,10x_human_lymph_node_A1
Full_ARISE_v2,42,3,0.323224276304245,0.26004600524902344,0.1506369709968567,0.004382847808301449,0.012817645445466042,10x_human_lymph_node_A1
Full_ARISE_v2,42,4,0.33452391624450684,0.27358365058898926,0.15059250593185425,0.0032744798809289932,0.012472281232476234,10x_human_lymph_node_A1
Full_ARISE_v2,42,5,0.3456437587738037,0.286576509475708,0.15022584795951843,0.003140326589345932,0.011313887313008308,10x_human_lymph_node_A1
Full_ARISE_v2,42,6,0.356900691986084,0.30213573575019836,0.1495792269706726,0.0011086593149229884,0.011960798874497414,10x_human_lymph_node_A1
Full_ARISE_v2,42,7,0.3666435778141022,0.3116980195045471,0.14907164871692657,0.003438460873439908,0.011909771710634232,10x_human_lymph_node_A1
Full_ARISE_v2,42,8,0.3765351176261902,0.3260240852832794,0.1468164175748825,0.002799445064738393,0.012685428373515606,10x_human_lymph_node_A1
Full_ARISE_v2,42,9,0.386422723531723,0.33562418818473816,0.1473388373851776,0.0026300670579075813,0.012995276600122452,10x_human_lymph_node_A1
Full_ARISE_v2,42,10,0.39475563168525696,0.34578821063041687,0.1457129418849945,0.003194160060957074,0.01312576700001955,10x_human_lymph_node_A1
Full_ARISE_v2,42,11,0.4026469588279724,0.35563454031944275,0.14393334090709686,0.003908212762326002,0.013769306242465973,10x_human_lymph_node_A1
Full_ARISE_v2,42,12,0.4130902886390686,0.36548668146133423,0.14499960839748383,0.004662099294364452,0.013944732956588268,10x_human_lymph_node_A1
Full_ARISE_v2,42,13,0.4190843403339386,0.37180158495903015,0.14409446716308594,0.00486871087923646,0.014861013740301132,10x_human_lymph_node_A1
Full_ARISE_v2,42,14,0.42786577343940735,0.3861598074436188,0.1404990404844284,0.006736690644174814,0.01647682674229145,10x_human_lymph_node_A1
Full_ARISE_v2,42,15,0.4278271198272705,0.3801358640193939,0.14070886373519897,0.0045550111681222916,0.014454701915383339,10x_human_lymph_node_A1
Full_ARISE_v2,42,16,0.4338134229183197,0.3945388197898865,0.14060324430465698,0.007260686252266169,0.01903347112238407,10x_human_lymph_node_A1
Full_ARISE_v2,42,17,0.4451766908168793,0.4014104902744293,0.1402905136346817,0.0058349440805613995,0.016234230250120163,10x_human_lymph_node_A1
Full_ARISE_v2,42,18,0.45520320534706116,0.4168905019760132,0.14147889614105225,0.005355916917324066,0.018150217831134796,10x_human_lymph_node_A1
Full_ARISE_v2,42,19,0.4583456814289093,0.42273595929145813,0.13875700533390045,0.00862173829227686,0.019901162013411522,10x_human_lymph_node_A1
Full_ARISE_v2,42,20,0.4638735055923462,0.42378929257392883,0.14002694189548492,0.006718798074871302,0.018370844423770905,10x_human_lymph_node_A1
Full_ARISE_v2,42,21,0.47238689661026,0.43573033809661865,0.13957923650741577,0.0074042463675141335,0.019203655421733856,10x_human_lymph_node_A1
Full_ARISE_v2,42,22,0.4779030382633209,0.4403584897518158,0.1407848596572876,0.006324886344373226,0.019785847514867783,10x_human_lymph_node_A1
Full_ARISE_v2,42,23,0.480898380279541,0.4443444609642029,0.13856741786003113,0.006733305286616087,0.020234379917383194,10x_human_lymph_node_A1
Full_ARISE_v2,42,24,0.48604995012283325,0.45140063762664795,0.13920541107654572,0.009248939342796803,0.022340882569551468,10x_human_lymph_node_A1
Full_ARISE_v2,42,25,0.49376264214515686,0.4570315182209015,0.14023436605930328,0.005473691038787365,0.022565247491002083,10x_human_lymph_node_A1
Full_ARISE_v2,42,26,0.5000078678131104,0.46641644835472107,0.13823653757572174,0.0049132127314805984,0.024098971858620644,10x_human_lymph_node_A1
Full_ARISE_v2,42,27,0.5034943222999573,0.4699435532093048,0.13980086147785187,0.0070433784276247025,0.02524837665259838,10x_human_lymph_node_A1
Full_ARISE_v2,42,28,0.50473552942276,0.4661020338535309,0.14071591198444366,0.005436128471046686,0.02566305361688137,10x_human_lymph_node_A1
Full_ARISE_v2,42,29,0.512244462966919,0.47896915674209595,0.1386549174785614,0.008430173620581627,0.026979710906744003,10x_human_lymph_node_A1
Full_ARISE_v2,42,30,0.5157721042633057,0.47981053590774536,0.1405433863401413,0.0059200492687523365,0.025941908359527588,10x_human_lymph_node_A1
Full_ARISE_v2,42,31,0.5228430032730103,0.4889657497406006,0.14073486626148224,0.006241507828235626,0.027319343760609627,10x_human_lymph_node_A1
Full_ARISE_v2,42,32,0.5261359810829163,0.49225884675979614,0.1406957507133484,0.007580856326967478,0.02756355330348015,10x_human_lymph_node_A1
Full_ARISE_v2,42,33,0.5281235575675964,0.4906330406665802,0.14280065894126892,0.00529705872759223,0.026714645326137543,10x_human_lymph_node_A1
Full_ARISE_v2,42,34,0.531517744064331,0.5000502467155457,0.13932092487812042,0.00847625732421875,0.028490100055933,10x_human_lymph_node_A1
Full_ARISE_v2,42,35,0.531402051448822,0.49179768562316895,0.14261530339717865,0.0045681726187467575,0.027465641498565674,10x_human_lymph_node_A1
Full_ARISE_v2,42,36,0.5358189344406128,0.5028250217437744,0.14083904027938843,0.0094809764996171,0.030345331877470016,10x_human_lymph_node_A1
Full_ARISE_v2,42,37,0.5428078770637512,0.5068055391311646,0.14242327213287354,0.006839440204203129,0.028333311900496483,10x_human_lymph_node_A1
Full_ARISE_v2,42,38,0.5481722354888916,0.5144910216331482,0.1427888423204422,0.006596655119210482,0.029741473495960236,10x_human_lymph_node_A1
Full_ARISE_v2,42,39,0.5492420792579651,0.5162577629089355,0.14130084216594696,0.010588148608803749,0.029957465827465057,10x_human_lymph_node_A1
Full_ARISE_v2,42,40,0.5496083498001099,0.5096666812896729,0.14430223405361176,0.005892707500606775,0.029212819412350655,10x_human_lymph_node_A1
Full_ARISE_v2,42,41,0.5551781058311462,0.5219190120697021,0.14227436482906342,0.010500255972146988,0.03155871853232384,10x_human_lymph_node_A1
Full_ARISE_v2,42,42,0.558655858039856,0.5226224660873413,0.1428106129169464,0.007319134660065174,0.03127419948577881,10x_human_lymph_node_A1
Full_ARISE_v2,42,43,0.5652417540550232,0.5296595096588135,0.14226830005645752,0.009739883244037628,0.03142886981368065,10x_human_lymph_node_A1
Full_ARISE_v2,42,44,0.566230833530426,0.530308187007904,0.14409519731998444,0.010490728542208672,0.03195599839091301,10x_human_lymph_node_A1
Full_ARISE_v2,42,45,0.5690870881080627,0.5307758450508118,0.1429608017206192,0.0071243043057620525,0.03197205439209938,10x_human_lymph_node_A1
Full_ARISE_v2,42,46,0.5736768841743469,0.5452421307563782,0.13966919481754303,0.01183999702334404,0.0341622531414032,10x_human_lymph_node_A1
Full_ARISE_v2,42,47,0.573127269744873,0.5366970300674438,0.14428740739822388,0.007298883516341448,0.03243228420615196,10x_human_lymph_node_A1
Full_ARISE_v2,42,48,0.5806403160095215,0.546945333480835,0.14027263224124908,0.012828509323298931,0.03392418101429939,10x_human_lymph_node_A1
Full_ARISE_v2,42,49,0.582549512386322,0.5465771555900574,0.1446135938167572,0.008698217570781708,0.032877907156944275,10x_human_lymph_node_A1
Full_ARISE_v2,42,50,0.5889466404914856,0.5556423664093018,0.14175237715244293,0.010608810000121593,0.03409716486930847,10x_human_lymph_node_A1
Full_ARISE_v2,42,51,0.592108964920044,0.5580927729606628,0.14315752685070038,0.008853054605424404,0.03407924994826317,10x_human_lymph_node_A1
Full_ARISE_v2,42,52,0.5938476324081421,0.5583577156066895,0.14447924494743347,0.009041744284331799,0.034347474575042725,10x_human_lymph_node_A1
Full_ARISE_v2,42,53,0.5983377695083618,0.5641849637031555,0.141264408826828,0.011292318813502789,0.03497704863548279,10x_human_lymph_node_A1
Full_ARISE_v2,42,54,0.6002416014671326,0.565270721912384,0.14307068288326263,0.00914978701621294,0.035558782517910004,10x_human_lymph_node_A1
Full_ARISE_v2,42,55,0.6051532626152039,0.5702425837516785,0.14198903739452362,0.009943774901330471,0.035169195383787155,10x_human_lymph_node_A1
Full_ARISE_v2,42,56,0.6083426475524902,0.5739108920097351,0.1428661197423935,0.009094704873859882,0.03502973914146423,10x_human_lymph_node_A1
Full_ARISE_v2,42,57,0.6101967692375183,0.5738061666488647,0.14350853860378265,0.009752882644534111,0.03582043573260307,10x_human_lymph_node_A1
Full_ARISE_v2,42,58,0.6143036484718323,0.5768431425094604,0.14254963397979736,0.009631668217480183,0.03537916764616966,10x_human_lymph_node_A1
Full_ARISE_v2,42,59,0.6141279935836792,0.5787463784217834,0.14250847697257996,0.010504194535315037,0.03599081188440323,10x_human_lymph_node_A1
Full_ARISE_v2,42,60,0.618299663066864,0.5802451968193054,0.14303918182849884,0.00962848961353302,0.03680509328842163,10x_human_lymph_node_A1
Full_ARISE_v2,42,61,0.6129695773124695,0.5800625085830688,0.1412111520767212,0.012967465445399284,0.037831153720617294,10x_human_lymph_node_A1
Full_ARISE_v2,42,62,0.5962749123573303,0.5548567771911621,0.1436004340648651,0.004753115586936474,0.03544357791543007,10x_human_lymph_node_A1
Full_ARISE_v2,42,63,0.6063516736030579,0.5711386799812317,0.13951236009597778,0.014455972239375114,0.039170872420072556,10x_human_lymph_node_A1
Full_ARISE_v2,42,64,0.6096876263618469,0.5731490850448608,0.1414640098810196,0.007068386767059565,0.038008250296115875,10x_human_lymph_node_A1
Full_ARISE_v2,42,65,0.6195834875106812,0.5837270617485046,0.14388911426067352,0.007823335006833076,0.03661798685789108,10x_human_lymph_node_A1
Full_ARISE_v2,42,66,0.6095326542854309,0.5737654566764832,0.14097972214221954,0.015052088536322117,0.03752942010760307,10x_human_lymph_node_A1
Full_ARISE_v2,42,67,0.6197346448898315,0.5848677158355713,0.1442325860261917,0.008108120411634445,0.03680354729294777,10x_human_lymph_node_A1
Full_ARISE_v2,42,68,0.6257740259170532,0.5951803922653198,0.14286424219608307,0.009838346391916275,0.03788236528635025,10x_human_lymph_node_A1
Full_ARISE_v2,42,69,0.6187947392463684,0.5863152146339417,0.1416018307209015,0.014043490402400494,0.04043127968907356,10x_human_lymph_node_A1
Full_ARISE_v2,42,70,0.6273708939552307,0.5931591987609863,0.14499114453792572,0.007240369915962219,0.038686808198690414,10x_human_lymph_node_A1
Full_ARISE_v2,42,71,0.6285197138786316,0.5949509143829346,0.14356113970279694,0.008727991953492165,0.03878873959183693,10x_human_lymph_node_A1
Full_ARISE_v2,42,72,0.6286681890487671,0.5969054698944092,0.14197878539562225,0.014375033788383007,0.03963792324066162,10x_human_lymph_node_A1
Full_ARISE_v2,42,73,0.6327598094940186,0.5972188711166382,0.1444973647594452,0.009246708825230598,0.039527490735054016,10x_human_lymph_node_A1
Full_ARISE_v2,42,74,0.6335173845291138,0.601264476776123,0.1435481607913971,0.009266848675906658,0.039909545332193375,10x_human_lymph_node_A1
Full_ARISE_v2,42,75,0.6384965181350708,0.6067341566085815,0.14176933467388153,0.013074018992483616,0.039181724190711975,10x_human_lymph_node_A1
Full_ARISE_v2,42,76,0.6388362646102905,0.6036441326141357,0.14467166364192963,0.008532569743692875,0.039785005152225494,10x_human_lymph_node_A1
Full_ARISE_v2,42,77,0.6435385942459106,0.6104966402053833,0.14464111626148224,0.010172063484787941,0.03912891075015068,10x_human_lymph_node_A1
Full_ARISE_v2,42,78,0.6467031240463257,0.6150723695755005,0.1412143111228943,0.011879989877343178,0.040199533104896545,10x_human_lymph_node_A1
Full_ARISE_v2,42,79,0.6492128372192383,0.6128283143043518,0.14374306797981262,0.00986829586327076,0.03996711224317551,10x_human_lymph_node_A1
Full_ARISE_v2,42,80,0.6509419679641724,0.6159652471542358,0.1444464921951294,0.010879235342144966,0.04070628061890602,10x_human_lymph_node_A1
Full_ARISE_v2,42,81,0.6547535061836243,0.6211251616477966,0.14182226359844208,0.01160302571952343,0.03984632343053818,10x_human_lymph_node_A1
Full_ARISE_v2,42,82,0.6591669917106628,0.6242106556892395,0.14162734150886536,0.011131624691188335,0.04052631929516792,10x_human_lymph_node_A1
Full_ARISE_v2,42,83,0.6585972905158997,0.6231855750083923,0.14329782128334045,0.011068173684179783,0.04078471660614014,10x_human_lymph_node_A1
Full_ARISE_v2,42,84,0.6624894738197327,0.6263298988342285,0.1431751400232315,0.011261734180152416,0.04095010086894035,10x_human_lymph_node_A1
Full_ARISE_v2,42,85,0.66642165184021,0.6318308115005493,0.14108087122440338,0.012783952057361603,0.04127396270632744,10x_human_lymph_node_A1
Full_ARISE_v2,42,86,0.664752721786499,0.6281380653381348,0.14185276627540588,0.009730173274874687,0.04294538125395775,10x_human_lymph_node_A1
Full_ARISE_v2,42,87,0.6705042719841003,0.6361462473869324,0.1404249519109726,0.012385332025587559,0.042196210473775864,10x_human_lymph_node_A1
Full_ARISE_v2,42,88,0.6732370257377625,0.6379895806312561,0.1410251259803772,0.012141699902713299,0.04239355027675629,10x_human_lymph_node_A1
Full_ARISE_v2,42,89,0.67369145154953,0.6355182528495789,0.14201335608959198,0.009833534248173237,0.042685698717832565,10x_human_lymph_node_A1
Full_ARISE_v2,42,90,0.6758168339729309,0.6383147835731506,0.1405259072780609,0.013714530505239964,0.04287028685212135,10x_human_lymph_node_A1
Full_ARISE_v2,42,91,0.6762381792068481,0.6384090185165405,0.14247238636016846,0.01040155254304409,0.04340203478932381,10x_human_lymph_node_A1
Full_ARISE_v2,42,92,0.6816116571426392,0.6439365148544312,0.14067737758159637,0.013052171096205711,0.04268041253089905,10x_human_lymph_node_A1
Full_ARISE_v2,42,93,0.6811313033103943,0.642412006855011,0.1420680433511734,0.01045013777911663,0.04315180331468582,10x_human_lymph_node_A1
Full_ARISE_v2,42,94,0.6829560399055481,0.647689938545227,0.1407453566789627,0.01180950365960598,0.04436742514371872,10x_human_lymph_node_A1
Full_ARISE_v2,42,95,0.6826516389846802,0.6427098512649536,0.14139814674854279,0.008135996758937836,0.04367618262767792,10x_human_lymph_node_A1
Full_ARISE_v2,42,96,0.6849003434181213,0.6481383442878723,0.14086991548538208,0.0140756880864501,0.042983412742614746,10x_human_lymph_node_A1
Full_ARISE_v2,42,97,0.6805766224861145,0.6414535045623779,0.14208205044269562,0.00938746053725481,0.04390640929341316,10x_human_lymph_node_A1
Full_ARISE_v2,42,98,0.6841287612915039,0.6454905271530151,0.1387849599123001,0.013189160265028477,0.04395703971385956,10x_human_lymph_node_A1
Full_ARISE_v2,42,99,0.6859285831451416,0.6486030220985413,0.14160902798175812,0.009008551947772503,0.04470990598201752,10x_human_lymph_node_A1
Full_ARISE_v2,42,100,0.6913573145866394,0.655589759349823,0.14168135821819305,0.012504489161074162,0.0440865121781826,10x_human_lymph_node_A1
Full_ARISE_v2,42,101,0.6931701898574829,0.6555531620979309,0.1405847817659378,0.012365206144750118,0.044189274311065674,10x_human_lymph_node_A1
Full_ARISE_v2,42,102,0.6928531527519226,0.6577913761138916,0.14084577560424805,0.010573086328804493,0.04535874351859093,10x_human_lymph_node_A1
Full_ARISE_v2,42,103,0.695434033870697,0.659457802772522,0.14077582955360413,0.012874222360551357,0.044497013092041016,10x_human_lymph_node_A1
Full_ARISE_v2,42,104,0.6944034099578857,0.656970202922821,0.141017347574234,0.009902684949338436,0.044997770339250565,10x_human_lymph_node_A1
Full_ARISE_v2,42,105,0.6950533390045166,0.6594616770744324,0.14165624976158142,0.013779054395854473,0.04483659565448761,10x_human_lymph_node_A1
Full_ARISE_v2,42,106,0.6984666585922241,0.6600502729415894,0.14161717891693115,0.01034579612314701,0.04505317658185959,10x_human_lymph_node_A1
Full_ARISE_v2,42,107,0.7026705145835876,0.6664815545082092,0.14104247093200684,0.013147630728781223,0.0443846769630909,10x_human_lymph_node_A1
Full_ARISE_v2,42,108,0.7034488320350647,0.6670230627059937,0.14283327758312225,0.011862754821777344,0.04552191495895386,10x_human_lymph_node_A1
Full_ARISE_v2,42,109,0.7059842348098755,0.6691848039627075,0.1403309553861618,0.011581044644117355,0.04555296525359154,10x_human_lymph_node_A1
Full_ARISE_v2,42,110,0.707347571849823,0.671532392501831,0.14237314462661743,0.012278041802346706,0.045352790504693985,10x_human_lymph_node_A1
Full_ARISE_v2,42,111,0.7102941274642944,0.6735637784004211,0.14108504354953766,0.010768670588731766,0.04601819068193436,10x_human_lymph_node_A1
Full_ARISE_v2,42,112,0.7119749784469604,0.673916757106781,0.13986429572105408,0.012211667373776436,0.04550069570541382,10x_human_lymph_node_A1
Full_ARISE_v2,42,113,0.7098856568336487,0.669209897518158,0.14266785979270935,0.010496104136109352,0.045901309698820114,10x_human_lymph_node_A1
Full_ARISE_v2,42,114,0.7116108536720276,0.671818196773529,0.1398012936115265,0.014131021685898304,0.045203812420368195,10x_human_lymph_node_A1
Full_ARISE_v2,42,115,0.7054928541183472,0.6668537259101868,0.13995684683322906,0.008696111850440502,0.04718109965324402,10x_human_lymph_node_A1
Full_ARISE_v2,42,116,0.7094088196754456,0.6705251932144165,0.1401369571685791,0.014138917438685894,0.04522717371582985,10x_human_lymph_node_A1
Full_ARISE_v2,42,117,0.7028481960296631,0.6645570397377014,0.13900411128997803,0.008641677908599377,0.046506255865097046,10x_human_lymph_node_A1
Full_ARISE_v2,42,118,0.7158088088035583,0.6801362633705139,0.14084598422050476,0.012847852893173695,0.046188704669475555,10x_human_lymph_node_A1
Full_ARISE_v2,42,119,0.7169420719146729,0.6831298470497131,0.14154289662837982,0.011075248941779137,0.04602006450295448,10x_human_lymph_node_A1
Full_ARISE_v2,42,120,0.7115513682365417,0.675686776638031,0.13998205959796906,0.01017101388424635,0.047373346984386444,10x_human_lymph_node_A1
Full_ARISE_v2,42,121,0.7165277004241943,0.6788879036903381,0.14128081500530243,0.013075512833893299,0.045079007744789124,10x_human_lymph_node_A1
Full_ARISE_v2,42,122,0.7172471880912781,0.6804423332214355,0.14292924106121063,0.009989293292164803,0.047696780413389206,10x_human_lymph_node_A1
Full_ARISE_v2,42,123,0.7184964418411255,0.6837893724441528,0.1399000883102417,0.011418244801461697,0.04741128161549568,10x_human_lymph_node_A1
Full_ARISE_v2,42,124,0.7203803062438965,0.6814506649971008,0.141707643866539,0.011001399718225002,0.045840732753276825,10x_human_lymph_node_A1
Full_ARISE_v2,42,125,0.7186418175697327,0.6840676069259644,0.14091189205646515,0.0116329500451684,0.04842041805386543,10x_human_lymph_node_A1
Full_ARISE_v2,42,126,0.7244077920913696,0.6884194612503052,0.14063453674316406,0.011664417572319508,0.04615955054759979,10x_human_lymph_node_A1
Full_ARISE_v2,42,127,0.727051854133606,0.689583957195282,0.14094728231430054,0.009574088267982006,0.048144616186618805,10x_human_lymph_node_A1
Full_ARISE_v2,42,128,0.7269246578216553,0.6912579536437988,0.14221538603305817,0.012758481316268444,0.04674515128135681,10x_human_lymph_node_A1
Full_ARISE_v2,42,129,0.7302984595298767,0.6915363073348999,0.14024598896503448,0.010380140505731106,0.04733431339263916,10x_human_lymph_node_A1
Full_ARISE_v2,42,130,0.7314302921295166,0.6932364106178284,0.14105063676834106,0.010465893894433975,0.04773661494255066,10x_human_lymph_node_A1
Full_ARISE_v2,42,131,0.7331769466400146,0.6946581602096558,0.14131566882133484,0.012523849494755268,0.04668120667338371,10x_human_lymph_node_A1
Full_ARISE_v2,42,132,0.7329282164573669,0.6938863396644592,0.13980449736118317,0.010279902257025242,0.04738183319568634,10x_human_lymph_node_A1
Full_ARISE_v2,42,133,0.7360297441482544,0.6963728666305542,0.1419818103313446,0.011509990319609642,0.04640723392367363,10x_human_lymph_node_A1
Full_ARISE_v2,42,134,0.7369248867034912,0.6979028582572937,0.14146730303764343,0.01180996373295784,0.04773906618356705,10x_human_lymph_node_A1
Full_ARISE_v2,42,135,0.7364229559898376,0.6956910490989685,0.14082366228103638,0.00909134466201067,0.048173144459724426,10x_human_lymph_node_A1
Full_ARISE_v2,42,136,0.7348545789718628,0.6970094442367554,0.14216601848602295,0.014049050398170948,0.045902449637651443,10x_human_lymph_node_A1
Full_ARISE_v2,42,137,0.7322351932525635,0.6928724050521851,0.14081180095672607,0.009653808549046516,0.04845697432756424,10x_human_lymph_node_A1
Full_ARISE_v2,42,138,0.7295117974281311,0.6880612969398499,0.13985629379749298,0.014131267555058002,0.046125855296850204,10x_human_lymph_node_A1
Full_ARISE_v2,42,139,0.7254437804222107,0.6870874762535095,0.14101970195770264,0.009342272765934467,0.04888279363512993,10x_human_lymph_node_A1
Full_ARISE_v2,42,140,0.7368783354759216,0.6997225880622864,0.14070585370063782,0.011310428380966187,0.048137735575437546,10x_human_lymph_node_A1
Full_ARISE_v2,42,141,0.7371007800102234,0.6985098719596863,0.14145836234092712,0.010771689005196095,0.047316040843725204,10x_human_lymph_node_A1
Full_ARISE_v2,42,142,0.735396683216095,0.6996798515319824,0.14083874225616455,0.010487564839422703,0.048891663551330566,10x_human_lymph_node_A1
Full_ARISE_v2,42,143,0.7389039397239685,0.7020475268363953,0.14207172393798828,0.01354248821735382,0.04714226350188255,10x_human_lymph_node_A1
Full_ARISE_v2,42,144,0.7377662658691406,0.7006512880325317,0.14058862626552582,0.010198217816650867,0.048828642815351486,10x_human_lymph_node_A1
Full_ARISE_v2,42,145,0.7404789328575134,0.7066239714622498,0.14092469215393066,0.010938436724245548,0.048907991498708725,10x_human_lymph_node_A1
Full_ARISE_v2,42,146,0.7407382726669312,0.7030736804008484,0.14304305613040924,0.01225854642689228,0.04633539170026779,10x_human_lymph_node_A1
Full_ARISE_v2,42,147,0.7386488914489746,0.6999853849411011,0.14110563695430756,0.011045484803617,0.048289794474840164,10x_human_lymph_node_A1
Full_ARISE_v2,42,148,0.7460789084434509,0.709126353263855,0.1415322870016098,0.010350014083087444,0.04792221263051033,10x_human_lymph_node_A1
Full_ARISE_v2,42,149,0.7458245158195496,0.7101616263389587,0.14258013665676117,0.01157158613204956,0.04741240292787552,10x_human_lymph_node_A1
Full_ARISE_v2,42,150,0.7432385683059692,0.7080991864204407,0.13991671800613403,0.012237661518156528,0.04913255572319031,10x_human_lymph_node_A1
wo_Potts_MRF,42,1,0.3060438632965088,0.2366151511669159,0.1548765003681183,-0.004891465418040752,0.010807893238961697,10x_human_lymph_node_A1
wo_Potts_MRF,42,2,0.3196004331111908,0.253165602684021,0.15333540737628937,-0.001089587458409369,0.0119789345189929,10x_human_lymph_node_A1
wo_Potts_MRF,42,3,0.3267131447792053,0.27007609605789185,0.1470516324043274,0.001818176475353539,0.014057260006666183,10x_human_lymph_node_A1
wo_Potts_MRF,42,4,0.33149442076683044,0.26907679438591003,0.1481819748878479,-0.0005808438872918487,0.01059370581060648,10x_human_lymph_node_A1
wo_Potts_MRF,42,5,0.34843042492866516,0.2922784984111786,0.15071870386600494,0.0010214961366727948,0.011061502620577812,10x_human_lymph_node_A1
wo_Potts_MRF,42,6,0.3595621585845947,0.3087705969810486,0.14749173820018768,0.0013506546383723617,0.012905481271445751,10x_human_lymph_node_A1
wo_Potts_MRF,42,7,0.3652466833591461,0.3129221200942993,0.14805541932582855,0.002581956796348095,0.010608961805701256,10x_human_lymph_node_A1
wo_Potts_MRF,42,8,0.37267372012138367,0.3200017213821411,0.14749005436897278,0.0007495097233913839,0.012155826203525066,10x_human_lymph_node_A1
wo_Potts_MRF,42,9,0.384889155626297,0.333587110042572,0.14785069227218628,0.0014626062475144863,0.012709835544228554,10x_human_lymph_node_A1
wo_Potts_MRF,42,10,0.39435890316963196,0.34364908933639526,0.14770860970020294,0.0011938153766095638,0.011280408129096031,10x_human_lymph_node_A1
wo_Potts_MRF,42,11,0.40159639716148376,0.3544807732105255,0.14603537321090698,0.001971019431948662,0.013392412103712559,10x_human_lymph_node_A1
wo_Potts_MRF,42,12,0.40972986817359924,0.36330580711364746,0.145011767745018,0.0035944837145507336,0.0135701484978199,10x_human_lymph_node_A1
wo_Potts_MRF,42,13,0.41758790612220764,0.36860546469688416,0.14677794277668,0.0025266511365771294,0.013892138376832008,10x_human_lymph_node_A1
wo_Potts_MRF,42,14,0.4257437586784363,0.3770384192466736,0.14634354412555695,0.003560942132025957,0.01373643334954977,10x_human_lymph_node_A1
wo_Potts_MRF,42,15,0.43377140164375305,0.3881758749485016,0.14399687945842743,0.0024543169420212507,0.014661615714430809,10x_human_lymph_node_A1
wo_Potts_MRF,42,16,0.4395536780357361,0.39624184370040894,0.1429900974035263,0.0022122738882899284,0.015415174886584282,10x_human_lymph_node_A1
wo_Potts_MRF,42,17,0.44703465700149536,0.4022139608860016,0.14389288425445557,0.002380221150815487,0.015921493992209435,10x_human_lymph_node_A1
wo_Potts_MRF,42,18,0.45366841554641724,0.4134526252746582,0.14268673956394196,0.004090187605470419,0.01640559360384941,10x_human_lymph_node_A1
wo_Potts_MRF,42,19,0.46072930097579956,0.4228355288505554,0.1409623920917511,0.005087287165224552,0.016965311020612717,10x_human_lymph_node_A1
wo_Potts_MRF,42,20,0.4672304391860962,0.43130308389663696,0.1391918957233429,0.00500771077349782,0.01729435846209526,10x_human_lymph_node_A1
wo_Potts_MRF,42,21,0.4723990261554718,0.43804848194122314,0.13799713551998138,0.0041897231712937355,0.019009746611118317,10x_human_lymph_node_A1
wo_Potts_MRF,42,22,0.4786447584629059,0.4449961483478546,0.13887619972229004,0.005345101468265057,0.019841734319925308,10x_human_lymph_node_A1
wo_Potts_MRF,42,23,0.4816628098487854,0.44796276092529297,0.1383628100156784,0.003064136952161789,0.020466359332203865,10x_human_lymph_node_A1
wo_Potts_MRF,42,24,0.4823217988014221,0.44467976689338684,0.14020197093486786,0.0046799019910395145,0.022587528452277184,10x_human_lymph_node_A1
wo_Potts_MRF,42,25,0.47545188665390015,0.4384083151817322,0.1387641876935959,0.0021279659122228622,0.02084951288998127,10x_human_lymph_node_A1
wo_Potts_MRF,42,26,0.4931885898113251,0.4598965346813202,0.14023944735527039,0.004200565628707409,0.02459467574954033,10x_human_lymph_node_A1
wo_Potts_MRF,42,27,0.5028778910636902,0.4739462435245514,0.13874636590480804,0.004103735089302063,0.02359877899289131,10x_human_lymph_node_A1
wo_Potts_MRF,42,28,0.5028996467590332,0.4689147472381592,0.1408766508102417,0.0035427152179181576,0.02257918380200863,10x_human_lymph_node_A1
wo_Potts_MRF,42,29,0.5072834491729736,0.4748014509677887,0.1406649798154831,0.004803671967238188,0.025095893070101738,10x_human_lymph_node_A1
wo_Potts_MRF,42,30,0.5116627216339111,0.4802027940750122,0.14034724235534668,0.0032423853408545256,0.0236499160528183,10x_human_lymph_node_A1
wo_Potts_MRF,42,31,0.5190230011940002,0.48769575357437134,0.142055943608284,0.004308194853365421,0.02522730827331543,10x_human_lymph_node_A1
wo_Potts_MRF,42,32,0.521615207195282,0.491743266582489,0.1397906392812729,0.004968117456883192,0.027301419526338577,10x_human_lymph_node_A1
wo_Potts_MRF,42,33,0.5243813395500183,0.49180495738983154,0.14353932440280914,0.0033563440665602684,0.026567919179797173,10x_human_lymph_node_A1
wo_Potts_MRF,42,34,0.5302244424819946,0.5014925599098206,0.1412649303674698,0.005722544156014919,0.026805482804775238,10x_human_lymph_node_A1
wo_Potts_MRF,42,35,0.5344582796096802,0.5068120956420898,0.14044329524040222,0.006257921457290649,0.028521602973341942,10x_human_lymph_node_A1
wo_Potts_MRF,42,36,0.5367569923400879,0.5026774406433105,0.14438053965568542,0.00268950080499053,0.029345406219363213,10x_human_lymph_node_A1
wo_Potts_MRF,42,37,0.5411115288734436,0.5135565996170044,0.14134478569030762,0.006503753364086151,0.029647165909409523,10x_human_lymph_node_A1
wo_Potts_MRF,42,38,0.5451433658599854,0.5150917172431946,0.14300920069217682,0.004350954666733742,0.029695039615035057,10x_human_lymph_node_A1
wo_Potts_MRF,42,39,0.5503518581390381,0.5229163765907288,0.14111490547657013,0.005672219209372997,0.03085334226489067,10x_human_lymph_node_A1
wo_Potts_MRF,42,40,0.5538845062255859,0.5249778628349304,0.14249850809574127,0.004466502461582422,0.030969083309173584,10x_human_lymph_node_A1
wo_Potts_MRF,42,41,0.5578305125236511,0.5285669565200806,0.14230340719223022,0.0036043496802449226,0.031475044786930084,10x_human_lymph_node_A1
wo_Potts_MRF,42,42,0.5605877041816711,0.5327807664871216,0.14173690974712372,0.006507209036499262,0.03258650377392769,10x_human_lymph_node_A1
wo_Potts_MRF,42,43,0.5624694228172302,0.527887225151062,0.1447862982749939,0.004446748644113541,0.031202562153339386,10x_human_lymph_node_A1
wo_Potts_MRF,42,44,0.5665271282196045,0.5393670201301575,0.14123940467834473,0.007428439799696207,0.03342333436012268,10x_human_lymph_node_A1
wo_Potts_MRF,42,45,0.5688214898109436,0.5352834463119507,0.14446064829826355,0.004131266847252846,0.03149890527129173,10x_human_lymph_node_A1
wo_Potts_MRF,42,46,0.5728087425231934,0.5463255643844604,0.1420084834098816,0.007664097938686609,0.03359842300415039,10x_human_lymph_node_A1
wo_Potts_MRF,42,47,0.5761679410934448,0.543791651725769,0.14427430927753448,0.004918842110782862,0.03335626795887947,10x_human_lymph_node_A1
wo_Potts_MRF,42,48,0.5796029567718506,0.5515453219413757,0.1434396356344223,0.007526634726673365,0.033375948667526245,10x_human_lymph_node_A1
wo_Potts_MRF,42,49,0.5840951800346375,0.5517542958259583,0.14457495510578156,0.006037717219442129,0.03435027226805687,10x_human_lymph_node_A1
wo_Potts_MRF,42,50,0.5879222750663757,0.5563328862190247,0.1438998430967331,0.006651397794485092,0.03432158753275871,10x_human_lymph_node_A1
wo_Potts_MRF,42,51,0.5911574959754944,0.5605825185775757,0.1446845531463623,0.006266578566282988,0.03458147495985031,10x_human_lymph_node_A1
wo_Potts_MRF,42,52,0.5944103598594666,0.5607213377952576,0.14465321600437164,0.0063253287225961685,0.03510144725441933,10x_human_lymph_node_A1
wo_Potts_MRF,42,53,0.5968303680419922,0.5651146173477173,0.1438276618719101,0.006993676070123911,0.03538176789879799,10x_human_lymph_node_A1
wo_Potts_MRF,42,54,0.6000944375991821,0.5650408267974854,0.14554430544376373,0.007028146181255579,0.035444825887680054,10x_human_lymph_node_A1
wo_Potts_MRF,42,55,0.6012261509895325,0.5718578696250916,0.1426343321800232,0.009084830991923809,0.03632823005318642,10x_human_lymph_node_A1
wo_Potts_MRF,42,56,0.5943855047225952,0.5558356642723083,0.14574146270751953,0.0026794488076120615,0.0342080295085907,10x_human_lymph_node_A1
wo_Potts_MRF,42,57,0.5922672748565674,0.5626929402351379,0.13988597691059113,0.012375213205814362,0.03812894597649574,10x_human_lymph_node_A1
wo_Potts_MRF,42,58,0.5997251272201538,0.5636100769042969,0.14666295051574707,0.00414193794131279,0.0337819941341877,10x_human_lymph_node_A1
wo_Potts_MRF,42,59,0.6110953092575073,0.5810052752494812,0.14389736950397491,0.007615022826939821,0.03683614358305931,10x_human_lymph_node_A1
wo_Potts_MRF,42,60,0.6069791913032532,0.5799188613891602,0.1426340788602829,0.009335811249911785,0.03665885329246521,10x_human_lymph_node_A1
wo_Potts_MRF,42,61,0.6066884994506836,0.5732455253601074,0.14540565013885498,0.004381274338811636,0.035526495426893234,10x_human_lymph_node_A1
wo_Potts_MRF,42,62,0.6136565804481506,0.5881396532058716,0.14160361886024475,0.010239332914352417,0.037870150059461594,10x_human_lymph_node_A1
wo_Potts_MRF,42,63,0.615915060043335,0.5863138437271118,0.14497651159763336,0.007880568504333496,0.03701275959610939,10x_human_lymph_node_A1
wo_Potts_MRF,42,64,0.6168599724769592,0.5857248306274414,0.1433972716331482,0.005596771836280823,0.038550615310668945,10x_human_lymph_node_A1
wo_Potts_MRF,42,65,0.6189634799957275,0.5944992303848267,0.14068904519081116,0.011310706846415997,0.03882284462451935,10x_human_lymph_node_A1
wo_Potts_MRF,42,66,0.6240769028663635,0.5923921465873718,0.1460302621126175,0.007706592325121164,0.03718048334121704,10x_human_lymph_node_A1
wo_Potts_MRF,42,67,0.627017617225647,0.5954762101173401,0.1439720243215561,0.006997724995017052,0.03911758214235306,10x_human_lymph_node_A1
wo_Potts_MRF,42,68,0.627153217792511,0.6026932001113892,0.1404973864555359,0.012097070924937725,0.03869247809052467,10x_human_lymph_node_A1
wo_Potts_MRF,42,69,0.629923939704895,0.5973243713378906,0.146164208650589,0.008214714005589485,0.036937166005373,10x_human_lymph_node_A1
wo_Potts_MRF,42,70,0.6340540647506714,0.6009992957115173,0.1430957019329071,0.008876634761691093,0.037582188844680786,10x_human_lymph_node_A1
wo_Potts_MRF,42,71,0.6363958716392517,0.6066427230834961,0.14360593259334564,0.00886818952858448,0.03911453112959862,10x_human_lymph_node_A1
wo_Potts_MRF,42,72,0.6402643918991089,0.6100745797157288,0.1446439027786255,0.00819829385727644,0.0398438386619091,10x_human_lymph_node_A1
wo_Potts_MRF,42,73,0.6428274512290955,0.6119040250778198,0.14195139706134796,0.008608745411038399,0.03890897333621979,10x_human_lymph_node_A1
wo_Potts_MRF,42,74,0.6436777114868164,0.6115792989730835,0.1430564522743225,0.00899125263094902,0.03919796645641327,10x_human_lymph_node_A1
wo_Potts_MRF,42,75,0.6503216624259949,0.619155764579773,0.1432429701089859,0.010040455497801304,0.0399075411260128,10x_human_lymph_node_A1
wo_Potts_MRF,42,76,0.6523156762123108,0.6219196319580078,0.14276328682899475,0.010490205138921738,0.039682041853666306,10x_human_lymph_node_A1
wo_Potts_MRF,42,77,0.6506035923957825,0.6179178953170776,0.14343896508216858,0.009576930664479733,0.038851574063301086,10x_human_lymph_node_A1
wo_Potts_MRF,42,78,0.6555286645889282,0.6229322552680969,0.14216631650924683,0.010054857470095158,0.040354251861572266,10x_human_lymph_node_A1
wo_Potts_MRF,42,79,0.6574586033821106,0.6249648332595825,0.14245855808258057,0.008634122088551521,0.0405413992702961,10x_human_lymph_node_A1
wo_Potts_MRF,42,80,0.6613913774490356,0.6276261210441589,0.1430131047964096,0.010908368043601513,0.039814796298742294,10x_human_lymph_node_A1
wo_Potts_MRF,42,81,0.6620351076126099,0.6275089383125305,0.14294002950191498,0.008680799975991249,0.040531713515520096,10x_human_lymph_node_A1
wo_Potts_MRF,42,82,0.6623356938362122,0.6323941349983215,0.14105376601219177,0.011528553441166878,0.04092315956950188,10x_human_lymph_node_A1
wo_Potts_MRF,42,83,0.6597298383712769,0.6229972839355469,0.14481636881828308,0.00598065136000514,0.04080132022500038,10x_human_lymph_node_A1
wo_Potts_MRF,42,84,0.6628997921943665,0.6299589276313782,0.13981729745864868,0.010522606782615185,0.04019148275256157,10x_human_lymph_node_A1
wo_Potts_MRF,42,85,0.6601963043212891,0.6242963075637817,0.14411556720733643,0.007169743534177542,0.040948789566755295,10x_human_lymph_node_A1
wo_Potts_MRF,42,86,0.6703478097915649,0.6386656165122986,0.14123059809207916,0.009643609635531902,0.04051537811756134,10x_human_lymph_node_A1
wo_Potts_MRF,42,87,0.6732637286186218,0.6415169835090637,0.14281699061393738,0.011047251522541046,0.041052043437957764,10x_human_lymph_node_A1
wo_Potts_MRF,42,88,0.6716997623443604,0.6396052837371826,0.14262856543064117,0.008977261371910572,0.04223508760333061,10x_human_lymph_node_A1
wo_Potts_MRF,42,89,0.6746074557304382,0.6405189037322998,0.1420949399471283,0.009751345030963421,0.04078849405050278,10x_human_lymph_node_A1
wo_Potts_MRF,42,90,0.6720837354660034,0.6369169354438782,0.1433388888835907,0.007564113475382328,0.041575491428375244,10x_human_lymph_node_A1
wo_Potts_MRF,42,91,0.6777989864349365,0.6465392708778381,0.14259544014930725,0.010514138266444206,0.04193559288978577,10x_human_lymph_node_A1
wo_Potts_MRF,42,92,0.6802217364311218,0.6462019681930542,0.14448465406894684,0.009586046449840069,0.041882045567035675,10x_human_lymph_node_A1
wo_Potts_MRF,42,93,0.6817712187767029,0.6494929194450378,0.14365650713443756,0.010102725587785244,0.04220672696828842,10x_human_lymph_node_A1
wo_Potts_MRF,42,94,0.6858082413673401,0.6510622501373291,0.1438944935798645,0.010774287395179272,0.04192054644227028,10x_human_lymph_node_A1
wo_Potts_MRF,42,95,0.6869872808456421,0.6525320410728455,0.1437508761882782,0.010647768154740334,0.040710803121328354,10x_human_lymph_node_A1
wo_Potts_MRF,42,96,0.6881059408187866,0.6550220251083374,0.1437229961156845,0.011307352222502232,0.04140273481607437,10x_human_lymph_node_A1
wo_Potts_MRF,42,97,0.6898080110549927,0.6541163325309753,0.1446303278207779,0.010332364588975906,0.04123951494693756,10x_human_lymph_node_A1
wo_Potts_MRF,42,98,0.6915817260742188,0.6582991480827332,0.14226692914962769,0.01167240645736456,0.04204145446419716,10x_human_lymph_node_A1
wo_Potts_MRF,42,99,0.6895422339439392,0.6517993807792664,0.145403191447258,0.008782245218753815,0.042498521506786346,10x_human_lymph_node_A1
wo_Potts_MRF,42,100,0.6920289993286133,0.6540567874908447,0.14173200726509094,0.010764469392597675,0.04100710153579712,10x_human_lymph_node_A1
wo_Potts_MRF,42,101,0.6869199275970459,0.6503105759620667,0.14305807650089264,0.00976148433983326,0.042674336582422256,10x_human_lymph_node_A1
wo_Potts_MRF,42,102,0.6966086030006409,0.6625804305076599,0.14193309843540192,0.010523688048124313,0.04172429069876671,10x_human_lymph_node_A1
wo_Potts_MRF,42,103,0.69659024477005,0.6638587117195129,0.14277102053165436,0.009212041273713112,0.04248954355716705,10x_human_lymph_node_A1
wo_Potts_MRF,42,104,0.6977488398551941,0.6632861495018005,0.1444581300020218,0.010358029045164585,0.0421089269220829,10x_human_lymph_node_A1
wo_Potts_MRF,42,105,0.701361358165741,0.6654941439628601,0.1430613100528717,0.00990367028862238,0.042168740183115005,10x_human_lymph_node_A1
wo_Potts_MRF,42,106,0.7027421593666077,0.6685615181922913,0.14354225993156433,0.01126069389283657,0.0429631844162941,10x_human_lymph_node_A1
wo_Potts_MRF,42,107,0.7068176865577698,0.6717501282691956,0.14347311854362488,0.011107259429991245,0.04225429892539978,10x_human_lymph_node_A1
wo_Potts_MRF,42,108,0.7050809860229492,0.6714961528778076,0.14359208941459656,0.011247185990214348,0.04317650943994522,10x_human_lymph_node_A1
wo_Potts_MRF,42,109,0.7054141759872437,0.6714839935302734,0.1430119276046753,0.01159246452152729,0.04287184402346611,10x_human_lymph_node_A1
wo_Potts_MRF,42,110,0.7060310244560242,0.6703130602836609,0.145326167345047,0.010450301691889763,0.04189124330878258,10x_human_lymph_node_A1
wo_Potts_MRF,42,111,0.7074545621871948,0.673312783241272,0.14078614115715027,0.011740659363567829,0.04224451258778572,10x_human_lymph_node_A1
wo_Potts_MRF,42,112,0.7066130638122559,0.6690793037414551,0.14607299864292145,0.009764345362782478,0.04318973422050476,10x_human_lymph_node_A1
wo_Potts_MRF,42,113,0.7131681442260742,0.6780085563659668,0.14200282096862793,0.011142183095216751,0.04291275888681412,10x_human_lymph_node_A1
wo_Potts_MRF,42,114,0.7140231132507324,0.6779569983482361,0.14397472143173218,0.011411776766180992,0.04248550534248352,10x_human_lymph_node_A1
wo_Potts_MRF,42,115,0.7148682475090027,0.678560197353363,0.14491653442382812,0.010551639832556248,0.04277973622083664,10x_human_lymph_node_A1
wo_Potts_MRF,42,116,0.7150389552116394,0.681471586227417,0.1424536556005478,0.012687413953244686,0.04277029633522034,10x_human_lymph_node_A1
wo_Potts_MRF,42,117,0.7176512479782104,0.681604266166687,0.14448559284210205,0.009323547594249249,0.04265769198536873,10x_human_lymph_node_A1
wo_Potts_MRF,42,118,0.7215080857276917,0.6872147917747498,0.14341919124126434,0.011748655699193478,0.04306306689977646,10x_human_lymph_node_A1
wo_Potts_MRF,42,119,0.722845196723938,0.6875120997428894,0.14375494420528412,0.012304898351430893,0.0425618514418602,10x_human_lymph_node_A1
wo_Potts_MRF,42,120,0.7225090861320496,0.6854486465454102,0.14447875320911407,0.01052689179778099,0.04202986881136894,10x_human_lymph_node_A1
wo_Potts_MRF,42,121,0.7201971411705017,0.686066746711731,0.1432214230298996,0.012649540789425373,0.04344017058610916,10x_human_lymph_node_A1
wo_Potts_MRF,42,122,0.7253957390785217,0.6882164478302002,0.14298634231090546,0.010851303115487099,0.04305150359869003,10x_human_lymph_node_A1
wo_Potts_MRF,42,123,0.7260797023773193,0.6892045140266418,0.14419957995414734,0.01228167861700058,0.042912229895591736,10x_human_lymph_node_A1
wo_Potts_MRF,42,124,0.7293463349342346,0.6927734017372131,0.14232107996940613,0.011130984872579575,0.043037764728069305,10x_human_lymph_node_A1
wo_Potts_MRF,42,125,0.7219899892807007,0.6826805472373962,0.14565463364124298,0.010166024789214134,0.04330741614103317,10x_human_lymph_node_A1
wo_Potts_MRF,42,126,0.7262331247329712,0.6918016076087952,0.14149360358715057,0.01232918445020914,0.043318334966897964,10x_human_lymph_node_A1
wo_Potts_MRF,42,127,0.7264077663421631,0.6869106888771057,0.14537663757801056,0.011045225895941257,0.04398690164089203,10x_human_lymph_node_A1
wo_Potts_MRF,42,128,0.7300230264663696,0.6939129829406738,0.14212030172348022,0.012626356445252895,0.04326462000608444,10x_human_lymph_node_A1
wo_Potts_MRF,42,129,0.7267792224884033,0.6908100247383118,0.14417225122451782,0.011209065094590187,0.04363159462809563,10x_human_lymph_node_A1
wo_Potts_MRF,42,130,0.7298620343208313,0.6954193115234375,0.1432715207338333,0.012228421866893768,0.04382062703371048,10x_human_lymph_node_A1
wo_Potts_MRF,42,131,0.734795868396759,0.6993870139122009,0.14434561133384705,0.011081256903707981,0.043991297483444214,10x_human_lymph_node_A1
wo_Potts_MRF,42,132,0.735532283782959,0.701308012008667,0.14403946697711945,0.012883985415101051,0.04285794869065285,10x_human_lymph_node_A1
wo_Potts_MRF,42,133,0.7339734435081482,0.6969496607780457,0.14530982077121735,0.011750324629247189,0.04215805605053902,10x_human_lymph_node_A1
wo_Potts_MRF,42,134,0.7370786070823669,0.7014626860618591,0.14426174759864807,0.012580974958837032,0.04377751052379608,10x_human_lymph_node_A1
wo_Potts_MRF,42,135,0.7376832962036133,0.7042056918144226,0.1440046727657318,0.012882358394563198,0.043637245893478394,10x_human_lymph_node_A1
wo_Potts_MRF,42,136,0.7352575063705444,0.6971982717514038,0.14606861770153046,0.010758967138826847,0.043266378343105316,10x_human_lymph_node_A1
wo_Potts_MRF,42,137,0.7394134998321533,0.7046830654144287,0.14267602562904358,0.013719902373850346,0.04334297403693199,10x_human_lymph_node_A1
wo_Potts_MRF,42,138,0.7400619983673096,0.7026260495185852,0.14563386142253876,0.012174105271697044,0.044122178107500076,10x_human_lymph_node_A1
wo_Potts_MRF,42,139,0.744090735912323,0.7071364521980286,0.1441667526960373,0.011677500791847706,0.04274236410856247,10x_human_lymph_node_A1
wo_Potts_MRF,42,140,0.7411284446716309,0.7044029831886292,0.1427909880876541,0.012249547988176346,0.04389086365699768,10x_human_lymph_node_A1
wo_Potts_MRF,42,141,0.7463797926902771,0.7103496193885803,0.14341001212596893,0.011624411679804325,0.04296622425317764,10x_human_lymph_node_A1
wo_Potts_MRF,42,142,0.746279776096344,0.7099382281303406,0.14428678154945374,0.011738154105842113,0.04372594505548477,10x_human_lymph_node_A1
wo_Potts_MRF,42,143,0.7485710382461548,0.7122052311897278,0.1436970829963684,0.01280446071177721,0.043246131390333176,10x_human_lymph_node_A1
wo_Potts_MRF,42,144,0.7500070333480835,0.7131527066230774,0.14406609535217285,0.011400571092963219,0.044370315968990326,10x_human_lymph_node_A1
wo_Potts_MRF,42,145,0.7524190545082092,0.7161781191825867,0.14402084052562714,0.012326495721936226,0.04406137391924858,10x_human_lymph_node_A1
wo_Potts_MRF,42,146,0.7539732456207275,0.7153153419494629,0.14452745020389557,0.011777549982070923,0.04395229369401932,10x_human_lymph_node_A1
wo_Potts_MRF,42,147,0.753899097442627,0.7138345241546631,0.14455488324165344,0.011984449811279774,0.04326805844902992,10x_human_lymph_node_A1
wo_Potts_MRF,42,148,0.7549625635147095,0.7167014479637146,0.14349617063999176,0.012240082025527954,0.044215574860572815,10x_human_lymph_node_A1
wo_Potts_MRF,42,149,0.7552601099014282,0.7176086902618408,0.14275917410850525,0.013055378571152687,0.04410320892930031,10x_human_lymph_node_A1
wo_Potts_MRF,42,150,0.7449465990066528,0.7045363187789917,0.14663471281528473,0.009900795295834541,0.044596511870622635,10x_human_lymph_node_A1
wo_Sinkhorn_OT,42,1,0.3093010485172272,0.24529454112052917,0.1531796008348465,-0.0002523000875953585,0.013246387243270874,10x_human_lymph_node_A1
wo_Sinkhorn_OT,42,2,0.3141862154006958,0.25160932540893555,0.14943039417266846,0.0038768749218434095,0.011162851937115192,10x_human_lymph_node_A1
wo_Sinkhorn_OT,42,3,0.3237280547618866,0.267523854970932,0.14404624700546265,0.001983725931495428,0.011979538016021252,10x_human_lymph_node_A1
wo_Sinkhorn_OT,42,4,0.33447372913360596,0.2777651846408844,0.14347918331623077,0.002149747684597969,0.011946160346269608,10x_human_lymph_node_A1
wo_Sinkhorn_OT,42,5,0.34439846873283386,0.2898721694946289,0.14320094883441925,0.0008599473512731493,0.011729808524250984,10x_human_lymph_node_A1
wo_Sinkhorn_OT,42,6,0.35513031482696533,0.3047812581062317,0.142623171210289,-0.0022019967436790466,0.011548000387847424,10x_human_lymph_node_A1
wo_Sinkhorn_OT,42,7,0.3646341860294342,0.3165509104728699,0.14078089594841003,-0.0018253325251862407,0.011344063095748425,10x_human_lymph_node_A1
wo_Sinkhorn_OT,42,8,0.3754812777042389,0.32871976494789124,0.13938915729522705,-0.0010289611527696252,0.01212677825242281,10x_human_lymph_node_A1
wo_Sinkhorn_OT,42,9,0.3861355185508728,0.3374824821949005,0.1394677609205246,-0.00022530843853019178,0.011867486871778965,10x_human_lymph_node_A1
wo_Sinkhorn_OT,42,10,0.39618930220603943,0.34947213530540466,0.136951744556427,0.00027885104645974934,0.01201640348881483,10x_human_lymph_node_A1
wo_Sinkhorn_OT,42,11,0.40403303503990173,0.358860045671463,0.135133758187294,0.001990613993257284,0.012517829425632954,10x_human_lymph_node_A1
wo_Sinkhorn_OT,42,12,0.414559543132782,0.36909133195877075,0.13405202329158783,0.0028638914227485657,0.012509898282587528,10x_human_lymph_node_A1
wo_Sinkhorn_OT,42,13,0.42226552963256836,0.3795280158519745,0.1325514316558838,0.0024109012447297573,0.014615828171372414,10x_human_lymph_node_A1
wo_Sinkhorn_OT,42,14,0.43173661828041077,0.3914834260940552,0.13026027381420135,0.0027104157488793135,0.015794048085808754,10x_human_lymph_node_A1
wo_Sinkhorn_OT,42,15,0.43884843587875366,0.39885464310646057,0.1291314661502838,0.0026390166021883488,0.015383158810436726,10x_human_lymph_node_A1
wo_Sinkhorn_OT,42,16,0.4443347156047821,0.40968000888824463,0.12761950492858887,0.003744172165170312,0.019196443259716034,10x_human_lymph_node_A1
wo_Sinkhorn_OT,42,17,0.4460233151912689,0.40223807096481323,0.12907478213310242,0.0024698839988559484,0.015683287754654884,10x_human_lymph_node_A1
wo_Sinkhorn_OT,42,18,0.4485384523868561,0.41082701086997986,0.12789155542850494,0.005759233143180609,0.02175438590347767,10x_human_lymph_node_A1
wo_Sinkhorn_OT,42,19,0.4677138030529022,0.4330463111400604,0.1254570037126541,0.003958254121243954,0.01973656564950943,10x_human_lymph_node_A1
wo_Sinkhorn_OT,42,20,0.4707317054271698,0.43161335587501526,0.12421346455812454,0.0038204642478376627,0.019603395834565163,10x_human_lymph_node_A1
wo_Sinkhorn_OT,42,21,0.4633018374443054,0.425605446100235,0.12369569391012192,0.006322493776679039,0.02330513671040535,10x_human_lymph_node_A1
wo_Sinkhorn_OT,42,22,0.48302552103996277,0.4499974250793457,0.1229633018374443,0.005183829925954342,0.023819925263524055,10x_human_lymph_node_A1
wo_Sinkhorn_OT,42,23,0.47239330410957336,0.4256454408168793,0.1209108978509903,0.0023545227013528347,0.020444724708795547,10x_human_lymph_node_A1
wo_Sinkhorn_OT,42,24,0.4832804799079895,0.44696906208992004,0.12398184835910797,0.0047945925034582615,0.026694979518651962,10x_human_lymph_node_A1
wo_Sinkhorn_OT,42,25,0.4950738847255707,0.461892306804657,0.12454234063625336,0.007080611307173967,0.02774590440094471,10x_human_lymph_node_A1
wo_Sinkhorn_OT,42,26,0.4921468198299408,0.4540743827819824,0.12332015484571457,0.0038245301693677902,0.0244654081761837,10x_human_lymph_node_A1
wo_Sinkhorn_OT,42,27,0.5062633752822876,0.4706133008003235,0.12054886668920517,0.006445201579481363,0.027165299281477928,10x_human_lymph_node_A1
wo_Sinkhorn_OT,42,28,0.5058165192604065,0.4715770184993744,0.12483936548233032,0.008445093408226967,0.029080282896757126,10x_human_lymph_node_A1
wo_Sinkhorn_OT,42,29,0.5125153660774231,0.47594156861305237,0.125796377658844,0.003953563515096903,0.029132992029190063,10x_human_lymph_node_A1
wo_Sinkhorn_OT,42,30,0.5182119011878967,0.483730673789978,0.12114178389310837,0.007628011517226696,0.029098618775606155,10x_human_lymph_node_A1
wo_Sinkhorn_OT,42,31,0.5216730833053589,0.48241516947746277,0.12361843883991241,0.008279290050268173,0.03043883666396141,10x_human_lymph_node_A1
wo_Sinkhorn_OT,42,32,0.5285305976867676,0.4917730689048767,0.12374559044837952,0.004573817830532789,0.030343368649482727,10x_human_lymph_node_A1
wo_Sinkhorn_OT,42,33,0.5324088335037231,0.4967423677444458,0.12338205426931381,0.004606397822499275,0.03149133548140526,10x_human_lymph_node_A1
wo_Sinkhorn_OT,42,34,0.5383653044700623,0.5012359619140625,0.12196719646453857,0.00882640015333891,0.031607095152139664,10x_human_lymph_node_A1
wo_Sinkhorn_OT,42,35,0.5425529479980469,0.505513608455658,0.12234267592430115,0.00664929673075676,0.03162645176053047,10x_human_lymph_node_A1
wo_Sinkhorn_OT,42,36,0.5470259189605713,0.5100160241127014,0.12235735356807709,0.006040359381586313,0.03313127160072327,10x_human_lymph_node_A1
wo_Sinkhorn_OT,42,37,0.5508366227149963,0.5131745338439941,0.12301989644765854,0.007004984654486179,0.03368280455470085,10x_human_lymph_node_A1
wo_Sinkhorn_OT,42,38,0.555173397064209,0.5169436931610107,0.12240239977836609,0.0058207823894917965,0.03259635716676712,10x_human_lymph_node_A1
wo_Sinkhorn_OT,42,39,0.5604300498962402,0.5208836197853088,0.12279698997735977,0.007926587015390396,0.033160142600536346,10x_human_lymph_node_A1
wo_Sinkhorn_OT,42,40,0.5646247267723083,0.5263636112213135,0.12113204598426819,0.006514242850244045,0.03425842896103859,10x_human_lymph_node_A1
wo_Sinkhorn_OT,42,41,0.5707265138626099,0.5309016108512878,0.1218801960349083,0.006376937497407198,0.03323271498084068,10x_human_lymph_node_A1
wo_Sinkhorn_OT,42,42,0.57332444190979,0.5316677093505859,0.12223740667104721,0.007902062498033047,0.034673843532800674,10x_human_lymph_node_A1
wo_Sinkhorn_OT,42,43,0.576728880405426,0.535233199596405,0.12155086547136307,0.0062263295985758305,0.03486144542694092,10x_human_lymph_node_A1
wo_Sinkhorn_OT,42,44,0.5797632336616516,0.5405282378196716,0.12142065167427063,0.008356299251317978,0.03677375987172127,10x_human_lymph_node_A1
wo_Sinkhorn_OT,42,45,0.5821878910064697,0.5398598313331604,0.12162913382053375,0.005233219359070063,0.035185739398002625,10x_human_lymph_node_A1
wo_Sinkhorn_OT,42,46,0.5860394835472107,0.5481277108192444,0.12061019986867905,0.008464961312711239,0.0377192422747612,10x_human_lymph_node_A1
wo_Sinkhorn_OT,42,47,0.5850783586502075,0.5426999926567078,0.1217978447675705,0.006069752853363752,0.034806691110134125,10x_human_lymph_node_A1
wo_Sinkhorn_OT,42,48,0.5892369151115417,0.5500730276107788,0.12125624716281891,0.009667548350989819,0.03829067945480347,10x_human_lymph_node_A1
wo_Sinkhorn_OT,42,49,0.5965497493743896,0.5586406588554382,0.12033890187740326,0.005772373639047146,0.03630699962377548,10x_human_lymph_node_A1
wo_Sinkhorn_OT,42,50,0.6015822887420654,0.5618656277656555,0.12034333497285843,0.007607731502503157,0.036908648908138275,10x_human_lymph_node_A1
wo_Sinkhorn_OT,42,51,0.6045393943786621,0.5642236471176147,0.12144656479358673,0.006122031714767218,0.03775059059262276,10x_human_lymph_node_A1
wo_Sinkhorn_OT,42,52,0.6052274107933044,0.5604111552238464,0.1222907304763794,0.005678839515894651,0.037552062422037125,10x_human_lymph_node_A1
wo_Sinkhorn_OT,42,53,0.6072269082069397,0.5653463006019592,0.12031439691781998,0.009402445517480373,0.0397724024951458,10x_human_lymph_node_A1
wo_Sinkhorn_OT,42,54,0.6074301600456238,0.563812792301178,0.12101659178733826,0.005517106503248215,0.03830122575163841,10x_human_lymph_node_A1
wo_Sinkhorn_OT,42,55,0.6139140129089355,0.571908175945282,0.11952394247055054,0.009202389046549797,0.039181698113679886,10x_human_lymph_node_A1
wo_Sinkhorn_OT,42,56,0.6183789372444153,0.5761242508888245,0.120509572327137,0.006560547277331352,0.038280002772808075,10x_human_lymph_node_A1
wo_Sinkhorn_OT,42,57,0.6219736933708191,0.5802848935127258,0.12023378908634186,0.006859024055302143,0.03953622281551361,10x_human_lymph_node_A1
wo_Sinkhorn_OT,42,58,0.6252437233924866,0.5817303657531738,0.11983965337276459,0.006766875274479389,0.039631832391023636,10x_human_lymph_node_A1
wo_Sinkhorn_OT,42,59,0.6271630525588989,0.58420330286026,0.11972452700138092,0.006971846334636211,0.03910600394010544,10x_human_lymph_node_A1
wo_Sinkhorn_OT,42,60,0.6304372549057007,0.5864426493644714,0.11929944902658463,0.00870290957391262,0.03994055464863777,10x_human_lymph_node_A1
wo_Sinkhorn_OT,42,61,0.628537654876709,0.5820820331573486,0.12091824412345886,0.0046517811715602875,0.03997771814465523,10x_human_lymph_node_A1
wo_Sinkhorn_OT,42,62,0.6289422512054443,0.5841277241706848,0.11988949775695801,0.008870125748217106,0.04045961797237396,10x_human_lymph_node_A1
wo_Sinkhorn_OT,42,63,0.6303838491439819,0.5849983096122742,0.12014192342758179,0.00434211315587163,0.039908718317747116,10x_human_lymph_node_A1
wo_Sinkhorn_OT,42,64,0.6374753713607788,0.5914897918701172,0.11877862364053726,0.008499951101839542,0.04058004915714264,10x_human_lymph_node_A1
wo_Sinkhorn_OT,42,65,0.6405263543128967,0.5970116257667542,0.11886077374219894,0.005332369823008776,0.04167506843805313,10x_human_lymph_node_A1
wo_Sinkhorn_OT,42,66,0.6457215547561646,0.6004008054733276,0.11947952955961227,0.007397495210170746,0.04120301082730293,10x_human_lymph_node_A1
wo_Sinkhorn_OT,42,67,0.6483444571495056,0.6035643219947815,0.1193641647696495,0.00722847692668438,0.041761379688978195,10x_human_lymph_node_A1
wo_Sinkhorn_OT,42,68,0.6478924751281738,0.6036437153816223,0.11938285082578659,0.006614398211240768,0.04204732924699783,10x_human_lymph_node_A1
wo_Sinkhorn_OT,42,69,0.6506628394126892,0.6013376116752625,0.11993985623121262,0.008306708186864853,0.04118818789720535,10x_human_lymph_node_A1
wo_Sinkhorn_OT,42,70,0.6464076638221741,0.5994893908500671,0.11870437115430832,0.004536585882306099,0.042122527956962585,10x_human_lymph_node_A1
wo_Sinkhorn_OT,42,71,0.6531628966331482,0.6053762435913086,0.11888029426336288,0.009434188716113567,0.0425608791410923,10x_human_lymph_node_A1
wo_Sinkhorn_OT,42,72,0.6551179885864258,0.6080053448677063,0.11996158957481384,0.0054606287740170956,0.04193035513162613,10x_human_lymph_node_A1
wo_Sinkhorn_OT,42,73,0.661691427230835,0.6140429377555847,0.11936337500810623,0.005704101175069809,0.04335976019501686,10x_human_lymph_node_A1
wo_Sinkhorn_OT,42,74,0.6634329557418823,0.6171630620956421,0.11985829472541809,0.007690235506743193,0.04364132508635521,10x_human_lymph_node_A1
wo_Sinkhorn_OT,42,75,0.6643155813217163,0.6157189607620239,0.11955371499061584,0.0056289187632501125,0.04339384287595749,10x_human_lymph_node_A1
wo_Sinkhorn_OT,42,76,0.6654515266418457,0.6154893040657043,0.1193649023771286,0.008708363398909569,0.04314405843615532,10x_human_lymph_node_A1
wo_Sinkhorn_OT,42,77,0.6608688831329346,0.6147567629814148,0.11867242306470871,0.004776439163833857,0.04348989576101303,10x_human_lymph_node_A1
wo_Sinkhorn_OT,42,78,0.6672753095626831,0.6161547899246216,0.11994125694036484,0.0094898147508502,0.044011473655700684,10x_human_lymph_node_A1
wo_Sinkhorn_OT,42,79,0.6705735921859741,0.6236481070518494,0.11779046058654785,0.005088665522634983,0.044036898761987686,10x_human_lymph_node_A1
wo_Sinkhorn_OT,42,80,0.6756436228752136,0.6264618039131165,0.11871182918548584,0.008481983095407486,0.04455213248729706,10x_human_lymph_node_A1
wo_Sinkhorn_OT,42,81,0.6781110763549805,0.6296005249023438,0.11915308982133865,0.0060525694862008095,0.044468458741903305,10x_human_lymph_node_A1
wo_Sinkhorn_OT,42,82,0.6773698329925537,0.6291866302490234,0.11819536238908768,0.005193187855184078,0.04513637349009514,10x_human_lymph_node_A1
wo_Sinkhorn_OT,42,83,0.6793655753135681,0.6291378736495972,0.1186729297041893,0.009220859035849571,0.04558427631855011,10x_human_lymph_node_A1
wo_Sinkhorn_OT,42,84,0.6753522753715515,0.62566077709198,0.11815124750137329,0.004120609723031521,0.04503383859992027,10x_human_lymph_node_A1
wo_Sinkhorn_OT,42,85,0.6819466948509216,0.6303626298904419,0.1177491843700409,0.009368570521473885,0.045964315533638,10x_human_lymph_node_A1
wo_Sinkhorn_OT,42,86,0.6815101504325867,0.6323850154876709,0.11918270587921143,0.0047059087082743645,0.04518284648656845,10x_human_lymph_node_A1
wo_Sinkhorn_OT,42,87,0.6893070340156555,0.6396118402481079,0.1168501079082489,0.008230329491198063,0.04608377814292908,10x_human_lymph_node_A1
wo_Sinkhorn_OT,42,88,0.6910860538482666,0.6424658894538879,0.1168820858001709,0.007594739086925983,0.04719866067171097,10x_human_lymph_node_A1
wo_Sinkhorn_OT,42,89,0.6925622224807739,0.6427303552627563,0.11918170750141144,0.005468203220516443,0.04625028744339943,10x_human_lymph_node_A1
wo_Sinkhorn_OT,42,90,0.6947810053825378,0.6433231830596924,0.11732282489538193,0.007577140815556049,0.047046106308698654,10x_human_lymph_node_A1
wo_Sinkhorn_OT,42,91,0.6916652917861938,0.6425684690475464,0.11771178245544434,0.005166867282241583,0.04668040946125984,10x_human_lymph_node_A1
wo_Sinkhorn_OT,42,92,0.6962039470672607,0.6430118680000305,0.11786948889493942,0.008417031727731228,0.04694196581840515,10x_human_lymph_node_A1
wo_Sinkhorn_OT,42,93,0.6918069124221802,0.6416722536087036,0.11536108702421188,0.004654642194509506,0.04824210703372955,10x_human_lymph_node_A1
wo_Sinkhorn_OT,42,94,0.6966492533683777,0.6468660831451416,0.11719198524951935,0.01055435836315155,0.047843966633081436,10x_human_lymph_node_A1
wo_Sinkhorn_OT,42,95,0.6981030106544495,0.6488190293312073,0.11553940922021866,0.004337825812399387,0.04798117280006409,10x_human_lymph_node_A1
wo_Sinkhorn_OT,42,96,0.7041237950325012,0.6537479162216187,0.11774410307407379,0.007435069419443607,0.048816077411174774,10x_human_lymph_node_A1
wo_Sinkhorn_OT,42,97,0.7041658163070679,0.6554589867591858,0.11641676723957062,0.006051559932529926,0.049563661217689514,10x_human_lymph_node_A1
wo_Sinkhorn_OT,42,98,0.7043263912200928,0.6508567333221436,0.11626002192497253,0.004065925255417824,0.04969817399978638,10x_human_lymph_node_A1
wo_Sinkhorn_OT,42,99,0.6993511915206909,0.6506580710411072,0.11784686893224716,0.008051717653870583,0.04894053190946579,10x_human_lymph_node_A1
wo_Sinkhorn_OT,42,100,0.7068334817886353,0.6539589166641235,0.11861270666122437,0.005671742372214794,0.04820328578352928,10x_human_lymph_node_A1
wo_Sinkhorn_OT,42,101,0.7080034613609314,0.657478928565979,0.11332982778549194,0.006629319861531258,0.04974288120865822,10x_human_lymph_node_A1
wo_Sinkhorn_OT,42,102,0.7113046646118164,0.6627333164215088,0.11703536659479141,0.008902139961719513,0.04876389354467392,10x_human_lymph_node_A1
wo_Sinkhorn_OT,42,103,0.71393883228302,0.6619945764541626,0.1160614937543869,0.005892249755561352,0.049531299620866776,10x_human_lymph_node_A1
wo_Sinkhorn_OT,42,104,0.715309739112854,0.6675172448158264,0.11445454508066177,0.008207620121538639,0.05006667599081993,10x_human_lymph_node_A1
wo_Sinkhorn_OT,42,105,0.7143937349319458,0.6627629399299622,0.11784416437149048,0.0064704688265919685,0.04863458871841431,10x_human_lymph_node_A1
wo_Sinkhorn_OT,42,106,0.7186870574951172,0.6680719256401062,0.11548149585723877,0.007164718583226204,0.0502820648252964,10x_human_lymph_node_A1
wo_Sinkhorn_OT,42,107,0.7214065194129944,0.669084370136261,0.11683675646781921,0.00615168921649456,0.0495697483420372,10x_human_lymph_node_A1
wo_Sinkhorn_OT,42,108,0.7214393019676208,0.6670231819152832,0.11803943663835526,0.009511983022093773,0.04861520230770111,10x_human_lymph_node_A1
wo_Sinkhorn_OT,42,109,0.7139628529548645,0.6624759435653687,0.1150616705417633,0.005671121645718813,0.04974988102912903,10x_human_lymph_node_A1
wo_Sinkhorn_OT,42,110,0.7123355865478516,0.6533364057540894,0.11660341173410416,0.009469346143305302,0.04754342511296272,10x_human_lymph_node_A1
wo_Sinkhorn_OT,42,111,0.698728084564209,0.6452049612998962,0.11689504981040955,0.0038966869469732046,0.050607264041900635,10x_human_lymph_node_A1
wo_Sinkhorn_OT,42,112,0.7231441140174866,0.6725550293922424,0.11609983444213867,0.008015126921236515,0.051866937428712845,10x_human_lymph_node_A1
wo_Sinkhorn_OT,42,113,0.7193818092346191,0.6651491522789001,0.11675890535116196,0.006740134209394455,0.050039518624544144,10x_human_lymph_node_A1
wo_Sinkhorn_OT,42,114,0.7162835001945496,0.665624737739563,0.11708845943212509,0.006510460749268532,0.051207706332206726,10x_human_lymph_node_A1
wo_Sinkhorn_OT,42,115,0.724298357963562,0.6752782464027405,0.11693546921014786,0.008531926199793816,0.052068259567022324,10x_human_lymph_node_A1
wo_Sinkhorn_OT,42,116,0.7233144044876099,0.6679511070251465,0.11620822548866272,0.006486390717327595,0.05064001679420471,10x_human_lymph_node_A1
wo_Sinkhorn_OT,42,117,0.7236236929893494,0.675040602684021,0.11489968001842499,0.007914873771369457,0.05196746066212654,10x_human_lymph_node_A1
wo_Sinkhorn_OT,42,118,0.7246201634407043,0.6774570345878601,0.11763573437929153,0.007964709773659706,0.052224259823560715,10x_human_lymph_node_A1
wo_Sinkhorn_OT,42,119,0.7293720841407776,0.6745249629020691,0.11753417551517487,0.007719062734395266,0.050362203270196915,10x_human_lymph_node_A1
wo_Sinkhorn_OT,42,120,0.7285597920417786,0.6785327792167664,0.11406271904706955,0.00790098961442709,0.052187152206897736,10x_human_lymph_node_A1
wo_Sinkhorn_OT,42,121,0.7309450507164001,0.6822636723518372,0.11752719432115555,0.007815095596015453,0.052380550652742386,10x_human_lymph_node_A1
wo_Sinkhorn_OT,42,122,0.734997570514679,0.6804816126823425,0.11716870218515396,0.009150407277047634,0.051423657685518265,10x_human_lymph_node_A1
wo_Sinkhorn_OT,42,123,0.7246599793434143,0.6727275848388672,0.11308792978525162,0.006106480490416288,0.0532032810151577,10x_human_lymph_node_A1
wo_Sinkhorn_OT,42,124,0.7371461987495422,0.6843398213386536,0.11728639155626297,0.009239248931407928,0.052213963121175766,10x_human_lymph_node_A1
wo_Sinkhorn_OT,42,125,0.7349086403846741,0.6823711395263672,0.11816535890102386,0.00828973576426506,0.049887515604496,10x_human_lymph_node_A1
wo_Sinkhorn_OT,42,126,0.7371649742126465,0.6890567541122437,0.11523640900850296,0.008925133384764194,0.05219694599509239,10x_human_lymph_node_A1
wo_Sinkhorn_OT,42,127,0.7405118942260742,0.6878110766410828,0.1150292381644249,0.006613411474972963,0.05194501578807831,10x_human_lymph_node_A1
wo_Sinkhorn_OT,42,128,0.7408320307731628,0.6869362592697144,0.11876899749040604,0.008467787876725197,0.050914470106363297,10x_human_lymph_node_A1
wo_Sinkhorn_OT,42,129,0.7416558861732483,0.6921000480651855,0.11643235385417938,0.00783518422394991,0.05277601629495621,10x_human_lymph_node_A1
wo_Sinkhorn_OT,42,130,0.739158034324646,0.684772253036499,0.11574079841375351,0.006707405671477318,0.05174960568547249,10x_human_lymph_node_A1
wo_Sinkhorn_OT,42,131,0.7448762655258179,0.6914929151535034,0.11746340245008469,0.009179418906569481,0.05190804973244667,10x_human_lymph_node_A1
wo_Sinkhorn_OT,42,132,0.7429429888725281,0.689924955368042,0.11874477565288544,0.007268920075148344,0.0527770072221756,10x_human_lymph_node_A1
wo_Sinkhorn_OT,42,133,0.7485294342041016,0.6914790868759155,0.1161508709192276,0.008566428907215595,0.05221250280737877,10x_human_lymph_node_A1
wo_Sinkhorn_OT,42,134,0.7475290894508362,0.6922943592071533,0.11721915006637573,0.0064497473649680614,0.052355799823999405,10x_human_lymph_node_A1
wo_Sinkhorn_OT,42,135,0.7452294230461121,0.692497730255127,0.11836747080087662,0.009171397425234318,0.05244647338986397,10x_human_lymph_node_A1
wo_Sinkhorn_OT,42,136,0.7481223344802856,0.6961966753005981,0.11639034748077393,0.006939038168638945,0.053611963987350464,10x_human_lymph_node_A1
wo_Sinkhorn_OT,42,137,0.7487085461616516,0.6927307844161987,0.11578018963336945,0.008116072043776512,0.0517139807343483,10x_human_lymph_node_A1
wo_Sinkhorn_OT,42,138,0.7513821125030518,0.6990200281143188,0.1168140396475792,0.006976304110139608,0.05379027500748634,10x_human_lymph_node_A1
wo_Sinkhorn_OT,42,139,0.7534998059272766,0.7020033597946167,0.11832345277070999,0.00873497687280178,0.053308140486478806,10x_human_lymph_node_A1
wo_Sinkhorn_OT,42,140,0.7537056803703308,0.6979184150695801,0.11571237444877625,0.007515829522162676,0.05263678357005119,10x_human_lymph_node_A1
wo_Sinkhorn_OT,42,141,0.7566689252853394,0.7034284472465515,0.11618205159902573,0.0077394647523760796,0.054091740399599075,10x_human_lymph_node_A1
wo_Sinkhorn_OT,42,142,0.7547057867050171,0.7024316191673279,0.11795055866241455,0.009985242038965225,0.05367347225546837,10x_human_lymph_node_A1
wo_Sinkhorn_OT,42,143,0.7575483322143555,0.7020019888877869,0.11646267026662827,0.007103841286152601,0.052924979478120804,10x_human_lymph_node_A1
wo_Sinkhorn_OT,42,144,0.7590125799179077,0.704584538936615,0.11612386256456375,0.009444586001336575,0.053036607801914215,10x_human_lymph_node_A1
wo_Sinkhorn_OT,42,145,0.757688045501709,0.7046149373054504,0.11762042343616486,0.007208169903606176,0.05360051617026329,10x_human_lymph_node_A1
wo_Sinkhorn_OT,42,146,0.7607158422470093,0.7041172385215759,0.11723992228507996,0.009335817769169807,0.05238765850663185,10x_human_lymph_node_A1
wo_Sinkhorn_OT,42,147,0.7583343386650085,0.7025136947631836,0.11695767194032669,0.008383858948946,0.05359860882163048,10x_human_lymph_node_A1
wo_Sinkhorn_OT,42,148,0.7618297338485718,0.7071269154548645,0.11753146350383759,0.009174899198114872,0.05284542962908745,10x_human_lymph_node_A1
wo_Sinkhorn_OT,42,149,0.7626788020133972,0.7106104493141174,0.11654607951641083,0.007313506677746773,0.054234568029642105,10x_human_lymph_node_A1
wo_Sinkhorn_OT,42,150,0.7671775817871094,0.7125383019447327,0.11736104637384415,0.008744077757000923,0.05293353274464607,10x_human_lymph_node_A1
wo_Dense_Gram,42,1,0.3090146481990814,0.24325229227542877,0.15402652323246002,-7.762345194350928e-05,0.012976428493857384,10x_human_lymph_node_A1
wo_Dense_Gram,42,2,0.31597718596458435,0.25479111075401306,0.14795292913913727,0.004497196525335312,0.012443375773727894,10x_human_lymph_node_A1
wo_Dense_Gram,42,3,0.3252485394477844,0.267363965511322,0.1438531130552292,0.001865880098193884,0.012979838065803051,10x_human_lymph_node_A1
wo_Dense_Gram,42,4,0.33867672085762024,0.2862764894962311,0.14032338559627533,0.0026240393053740263,0.01352178119122982,10x_human_lymph_node_A1
wo_Dense_Gram,42,5,0.35187700390815735,0.3041185140609741,0.13812914490699768,0.0047186934389173985,0.015322930179536343,10x_human_lymph_node_A1
wo_Dense_Gram,42,6,0.3649682402610779,0.31622007489204407,0.1384686827659607,0.004704148042947054,0.0152236707508564,10x_human_lymph_node_A1
wo_Dense_Gram,42,7,0.3759891092777252,0.32724612951278687,0.13588948547840118,0.004840961191803217,0.014167251996695995,10x_human_lymph_node_A1
wo_Dense_Gram,42,8,0.386271595954895,0.33674752712249756,0.13418292999267578,0.003831732552498579,0.015442604199051857,10x_human_lymph_node_A1
wo_Dense_Gram,42,9,0.39704927802085876,0.34502971172332764,0.13480651378631592,0.0045707267709076405,0.014476191252470016,10x_human_lymph_node_A1
wo_Dense_Gram,42,10,0.40610745549201965,0.35137325525283813,0.13373862206935883,0.004130061250180006,0.01389978639781475,10x_human_lymph_node_A1
wo_Dense_Gram,42,11,0.41477730870246887,0.36265453696250916,0.13219232857227325,0.005440954584628344,0.013965998776257038,10x_human_lymph_node_A1
wo_Dense_Gram,42,12,0.42295780777931213,0.36882761120796204,0.13077731430530548,0.004502704367041588,0.01368992030620575,10x_human_lymph_node_A1
wo_Dense_Gram,42,13,0.43299782276153564,0.38361647725105286,0.12684603035449982,0.0037617343477904797,0.01536537241190672,10x_human_lymph_node_A1
wo_Dense_Gram,42,14,0.443036288022995,0.3935244381427765,0.12432800233364105,0.006142412777990103,0.016503892838954926,10x_human_lymph_node_A1
wo_Dense_Gram,42,15,0.451482892036438,0.4017963111400604,0.12254716455936432,0.007247771602123976,0.017561953514814377,10x_human_lymph_node_A1
wo_Dense_Gram,42,16,0.46107688546180725,0.41227734088897705,0.12057372182607651,0.006841802038252354,0.01837690733373165,10x_human_lymph_node_A1
wo_Dense_Gram,42,17,0.46837449073791504,0.4159855842590332,0.12086643278598785,0.007685906253755093,0.018492817878723145,10x_human_lymph_node_A1
wo_Dense_Gram,42,18,0.4776458442211151,0.43208539485931396,0.11517975479364395,0.005284452345222235,0.020426170900464058,10x_human_lymph_node_A1
wo_Dense_Gram,42,19,0.48691675066947937,0.4409377872943878,0.1130092516541481,0.005560045130550861,0.021272819489240646,10x_human_lymph_node_A1
wo_Dense_Gram,42,20,0.4907735288143158,0.4399043321609497,0.11198819428682327,0.006266291253268719,0.02209576964378357,10x_human_lymph_node_A1
wo_Dense_Gram,42,21,0.49877551198005676,0.4488353431224823,0.11113432794809341,0.007054234854876995,0.02607247419655323,10x_human_lymph_node_A1
wo_Dense_Gram,42,22,0.5055515170097351,0.45442748069763184,0.11069198697805405,0.0020184426102787256,0.025757087394595146,10x_human_lymph_node_A1
wo_Dense_Gram,42,23,0.5137317776679993,0.4644867777824402,0.10768672078847885,0.00735758850350976,0.028544161468744278,10x_human_lymph_node_A1
wo_Dense_Gram,42,24,0.5230674147605896,0.474458247423172,0.10660329461097717,0.004900831263512373,0.029047254472970963,10x_human_lymph_node_A1
wo_Dense_Gram,42,25,0.5315093994140625,0.48118337988853455,0.10577191412448883,0.00567669840529561,0.03320658579468727,10x_human_lymph_node_A1
wo_Dense_Gram,42,26,0.5375105738639832,0.48860928416252136,0.10386034101247787,0.006892995443195105,0.032410476356744766,10x_human_lymph_node_A1
wo_Dense_Gram,42,27,0.5446539521217346,0.4947534203529358,0.10306841880083084,0.005189277231693268,0.032335735857486725,10x_human_lymph_node_A1
wo_Dense_Gram,42,28,0.5493375658988953,0.49853822588920593,0.10365863144397736,0.0075382753275334835,0.036521606147289276,10x_human_lymph_node_A1
wo_Dense_Gram,42,29,0.5451170206069946,0.4923686385154724,0.10183539241552353,0.0031425603665411472,0.03400133550167084,10x_human_lymph_node_A1
wo_Dense_Gram,42,30,0.546219527721405,0.4977160394191742,0.09913984686136246,0.010283032432198524,0.03963388875126839,10x_human_lymph_node_A1
wo_Dense_Gram,42,31,0.560650646686554,0.5095231533050537,0.10069089382886887,0.005448862444609404,0.035959355533123016,10x_human_lymph_node_A1
wo_Dense_Gram,42,32,0.5681567788124084,0.5153296589851379,0.1000291258096695,0.005016517825424671,0.03796269744634628,10x_human_lymph_node_A1
wo_Dense_Gram,42,33,0.5634191632270813,0.5111017823219299,0.09885503351688385,0.007459367159754038,0.04147980362176895,10x_human_lymph_node_A1
wo_Dense_Gram,42,34,0.5754360556602478,0.5225567817687988,0.0985889658331871,0.005073837004601955,0.03652326390147209,10x_human_lymph_node_A1
wo_Dense_Gram,42,35,0.5830336809158325,0.5275994539260864,0.0988202691078186,0.007537144236266613,0.039811212569475174,10x_human_lymph_node_A1
wo_Dense_Gram,42,36,0.585666298866272,0.5314366221427917,0.09692496806383133,0.00638899439945817,0.04230508208274841,10x_human_lymph_node_A1
wo_Dense_Gram,42,37,0.5886929631233215,0.533720076084137,0.09730814397335052,0.0029497426003217697,0.03990126773715019,10x_human_lymph_node_A1
wo_Dense_Gram,42,38,0.5912507176399231,0.5392656922340393,0.09465711563825607,0.009144746698439121,0.04316778481006622,10x_human_lymph_node_A1
wo_Dense_Gram,42,39,0.6001336574554443,0.5430277585983276,0.09777577966451645,0.007228582166135311,0.040949709713459015,10x_human_lymph_node_A1
wo_Dense_Gram,42,40,0.6031638383865356,0.5445008277893066,0.09751835465431213,0.005729530937969685,0.0410713255405426,10x_human_lymph_node_A1
wo_Dense_Gram,42,41,0.6045824289321899,0.5506580471992493,0.09451190382242203,0.008207236416637897,0.04394039139151573,10x_human_lymph_node_A1
wo_Dense_Gram,42,42,0.6095293760299683,0.5509598851203918,0.0961712971329689,0.004480734933167696,0.04249158501625061,10x_human_lymph_node_A1
wo_Dense_Gram,42,43,0.6175258159637451,0.5616809725761414,0.09467291086912155,0.006659865379333496,0.04564305767416954,10x_human_lymph_node_A1
wo_Dense_Gram,42,44,0.620465874671936,0.5620272755622864,0.0938008725643158,0.005846371874213219,0.04525318741798401,10x_human_lymph_node_A1
wo_Dense_Gram,42,45,0.621270477771759,0.5585471391677856,0.0956658348441124,0.003990981262177229,0.04357011616230011,10x_human_lymph_node_A1
wo_Dense_Gram,42,46,0.623325765132904,0.5681656002998352,0.09182459115982056,0.008421392180025578,0.046493105590343475,10x_human_lymph_node_A1
wo_Dense_Gram,42,47,0.627072811126709,0.5676677227020264,0.09463167935609818,0.003935246728360653,0.04690510407090187,10x_human_lymph_node_A1
wo_Dense_Gram,42,48,0.6338860988616943,0.5772343277931213,0.09091221541166306,0.006500921677798033,0.04809488728642464,10x_human_lymph_node_A1
wo_Dense_Gram,42,49,0.6411921381950378,0.5811824202537537,0.09172453731298447,0.005345041397958994,0.04697714000940323,10x_human_lymph_node_A1
wo_Dense_Gram,42,50,0.6412919163703918,0.579924464225769,0.09244633466005325,0.003232709364965558,0.047269370406866074,10x_human_lymph_node_A1
wo_Dense_Gram,42,51,0.6418435573577881,0.586952269077301,0.08844751119613647,0.00795486569404602,0.04886949807405472,10x_human_lymph_node_A1
wo_Dense_Gram,42,52,0.6444321870803833,0.5827832221984863,0.09222781658172607,0.0034611106384545565,0.047953397035598755,10x_human_lymph_node_A1
wo_Dense_Gram,42,53,0.6480638384819031,0.5906568765640259,0.08747423440217972,0.006348917726427317,0.0509919710457325,10x_human_lymph_node_A1
wo_Dense_Gram,42,54,0.6553904414176941,0.5925077199935913,0.09119859337806702,0.0037859620060771704,0.048802390694618225,10x_human_lymph_node_A1
wo_Dense_Gram,42,55,0.6578516364097595,0.594256579875946,0.09040652960538864,0.005127650685608387,0.04842652752995491,10x_human_lymph_node_A1
wo_Dense_Gram,42,56,0.6616603136062622,0.6005192399024963,0.08733810484409332,0.0056752306409180164,0.05060989409685135,10x_human_lymph_node_A1
wo_Dense_Gram,42,57,0.6607901453971863,0.5953992009162903,0.08904269337654114,0.000912438437808305,0.049711812287569046,10x_human_lymph_node_A1
wo_Dense_Gram,42,58,0.6593388915061951,0.6014151573181152,0.0837579071521759,0.0061873216181993484,0.051430366933345795,10x_human_lymph_node_A1
wo_Dense_Gram,42,59,0.6674664616584778,0.6019992232322693,0.08873066306114197,0.003143917303532362,0.0496039092540741,10x_human_lymph_node_A1
wo_Dense_Gram,42,60,0.672336995601654,0.6081324815750122,0.08654467016458511,0.0044375015422701836,0.05131348595023155,10x_human_lymph_node_A1
wo_Dense_Gram,42,61,0.6763565540313721,0.6107117533683777,0.08753858506679535,0.004255660343915224,0.05136158689856529,10x_human_lymph_node_A1
wo_Dense_Gram,42,62,0.6789379715919495,0.6105127930641174,0.0888899639248848,0.0037389846984297037,0.05145040154457092,10x_human_lymph_node_A1
wo_Dense_Gram,42,63,0.6794010400772095,0.6160662770271301,0.08455190807580948,0.0054767741821706295,0.05288907513022423,10x_human_lymph_node_A1
wo_Dense_Gram,42,64,0.6796412467956543,0.609868586063385,0.08704659342765808,0.00169343629386276,0.05077733099460602,10x_human_lymph_node_A1
wo_Dense_Gram,42,65,0.6816467642784119,0.6156572103500366,0.08457936346530914,0.006192592903971672,0.053761500865221024,10x_human_lymph_node_A1
wo_Dense_Gram,42,66,0.6859467029571533,0.617751955986023,0.08676918596029282,0.002263987436890602,0.05215334892272949,10x_human_lymph_node_A1
wo_Dense_Gram,42,67,0.693501889705658,0.6264445185661316,0.08531686663627625,0.0037340547423809767,0.054693032056093216,10x_human_lymph_node_A1
wo_Dense_Gram,42,68,0.6966029405593872,0.6262334585189819,0.08555541187524796,0.004289322532713413,0.053216926753520966,10x_human_lymph_node_A1
wo_Dense_Gram,42,69,0.6953080296516418,0.6258809566497803,0.08320168405771255,0.0025072076823562384,0.052871886640787125,10x_human_lymph_node_A1
wo_Dense_Gram,42,70,0.6974966526031494,0.628368079662323,0.08476707339286804,0.005546423140913248,0.05508774146437645,10x_human_lymph_node_A1
wo_Dense_Gram,42,71,0.6993886828422546,0.6266390681266785,0.08588368445634842,0.0027397891972213984,0.053196683526039124,10x_human_lymph_node_A1
wo_Dense_Gram,42,72,0.6996432542800903,0.6321316361427307,0.08125866949558258,0.004842725116759539,0.05519707500934601,10x_human_lymph_node_A1
wo_Dense_Gram,42,73,0.7013068795204163,0.6279904246330261,0.08622834831476212,0.0018875307869166136,0.05289710685610771,10x_human_lymph_node_A1
wo_Dense_Gram,42,74,0.6988728642463684,0.6311617493629456,0.07883897423744202,0.0058462959714233875,0.054400376975536346,10x_human_lymph_node_A1
wo_Dense_Gram,42,75,0.7116894125938416,0.6381234526634216,0.08261633664369583,0.0030669928528368473,0.055208656936883926,10x_human_lymph_node_A1
wo_Dense_Gram,42,76,0.7137235999107361,0.6370766758918762,0.08551668375730515,0.00464237155392766,0.05506642162799835,10x_human_lymph_node_A1
wo_Dense_Gram,42,77,0.7125706672668457,0.6420065760612488,0.07998592406511307,0.005060737952589989,0.05529468506574631,10x_human_lymph_node_A1
wo_Dense_Gram,42,78,0.7170620560646057,0.6425514817237854,0.08377579599618912,0.0029991171322762966,0.05494438856840134,10x_human_lymph_node_A1
wo_Dense_Gram,42,79,0.7160853147506714,0.642828106880188,0.08165251463651657,0.005089818499982357,0.056433312594890594,10x_human_lymph_node_A1
wo_Dense_Gram,42,80,0.7176178693771362,0.6429522037506104,0.08155420422554016,0.0010787835344672203,0.0559837780892849,10x_human_lymph_node_A1
wo_Dense_Gram,42,81,0.7183681726455688,0.6463072299957275,0.07871554046869278,0.005813046358525753,0.0593578964471817,10x_human_lymph_node_A1
wo_Dense_Gram,42,82,0.7222715616226196,0.6475390195846558,0.08181843161582947,0.002617185702547431,0.05656319856643677,10x_human_lymph_node_A1
wo_Dense_Gram,42,83,0.7195249795913696,0.6487504243850708,0.07812672853469849,0.005714903585612774,0.05718054994940758,10x_human_lymph_node_A1
wo_Dense_Gram,42,84,0.7293238639831543,0.6509712934494019,0.08190926164388657,0.003014748450368643,0.057323306798934937,10x_human_lymph_node_A1
wo_Dense_Gram,42,85,0.7307860255241394,0.6555344462394714,0.08040864765644073,0.004279202315956354,0.05773397535085678,10x_human_lymph_node_A1
wo_Dense_Gram,42,86,0.7308052778244019,0.6555854082107544,0.0795222744345665,0.004500446375459433,0.05867292732000351,10x_human_lymph_node_A1
wo_Dense_Gram,42,87,0.7295554876327515,0.6527400016784668,0.0808483138680458,0.0016380379674956203,0.05729704350233078,10x_human_lymph_node_A1
wo_Dense_Gram,42,88,0.7301337718963623,0.6586934924125671,0.07770821452140808,0.005645382218062878,0.059220921248197556,10x_human_lymph_node_A1
wo_Dense_Gram,42,89,0.7380767464637756,0.659919261932373,0.08080840855836868,0.0024039610289037228,0.05741562321782112,10x_human_lymph_node_A1
wo_Dense_Gram,42,90,0.7380455136299133,0.6606882810592651,0.07902273535728455,0.004688594490289688,0.05955202132463455,10x_human_lymph_node_A1
wo_Dense_Gram,42,91,0.7421334981918335,0.6664490103721619,0.07806597650051117,0.0035543860867619514,0.05838123336434364,10x_human_lymph_node_A1
wo_Dense_Gram,42,92,0.7462015151977539,0.6684415936470032,0.07917320728302002,0.0037759514525532722,0.05891764909029007,10x_human_lymph_node_A1
wo_Dense_Gram,42,93,0.7475594282150269,0.6689696907997131,0.07932447642087936,0.0027986776549369097,0.05880006030201912,10x_human_lymph_node_A1
wo_Dense_Gram,42,94,0.7469680905342102,0.6670346260070801,0.07806951552629471,0.003943228628486395,0.05916814133524895,10x_human_lymph_node_A1
wo_Dense_Gram,42,95,0.7508273124694824,0.6714745759963989,0.07847721129655838,0.003282292513176799,0.059105612337589264,10x_human_lymph_node_A1
wo_Dense_Gram,42,96,0.7543086409568787,0.6738268136978149,0.07856851816177368,0.004486710764467716,0.0593135766685009,10x_human_lymph_node_A1
wo_Dense_Gram,42,97,0.7547644972801208,0.6746551394462585,0.07885952293872833,0.004483900032937527,0.05972250550985336,10x_human_lymph_node_A1
wo_Dense_Gram,42,98,0.7570730447769165,0.6754661798477173,0.07851583510637283,0.00324912928044796,0.06054781377315521,10x_human_lymph_node_A1
wo_Dense_Gram,42,99,0.7564964890480042,0.6778243780136108,0.077088363468647,0.004284470342099667,0.060523711144924164,10x_human_lymph_node_A1
wo_Dense_Gram,42,100,0.7590029239654541,0.6779144406318665,0.07848434150218964,0.0033729122951626778,0.059742920100688934,10x_human_lymph_node_A1
wo_Dense_Gram,42,101,0.7562375664710999,0.6756876111030579,0.07561198621988297,0.005751622375100851,0.060471560806035995,10x_human_lymph_node_A1
wo_Dense_Gram,42,102,0.749771773815155,0.6715989112854004,0.07677172124385834,0.0004203244170639664,0.05932924896478653,10x_human_lymph_node_A1
wo_Dense_Gram,42,103,0.7325970530509949,0.6580746173858643,0.07035443931818008,0.0067596775479614735,0.060043834149837494,10x_human_lymph_node_A1
wo_Dense_Gram,42,104,0.7523688077926636,0.6743931174278259,0.07604506611824036,0.0021919631399214268,0.05851488932967186,10x_human_lymph_node_A1
wo_Dense_Gram,42,105,0.7625437378883362,0.6827480792999268,0.07793840765953064,0.004588632378727198,0.06090359389781952,10x_human_lymph_node_A1
wo_Dense_Gram,42,106,0.7571806907653809,0.6781716346740723,0.07620003819465637,0.004845869727432728,0.06156404688954353,10x_human_lymph_node_A1
wo_Dense_Gram,42,107,0.7525270581245422,0.6762933135032654,0.07553642988204956,0.0008789292769506574,0.058746617287397385,10x_human_lymph_node_A1
wo_Dense_Gram,42,108,0.7566417455673218,0.6814450025558472,0.07691256701946259,0.006046781316399574,0.06202934309840202,10x_human_lymph_node_A1
wo_Dense_Gram,42,109,0.7668319940567017,0.687895655632019,0.07695656269788742,0.005183742381632328,0.06168019399046898,10x_human_lymph_node_A1
wo_Dense_Gram,42,110,0.7615941762924194,0.6849987506866455,0.07739298045635223,0.0024650096893310547,0.06034565344452858,10x_human_lymph_node_A1
wo_Dense_Gram,42,111,0.7549909353256226,0.6825710535049438,0.07430399954319,0.007736610248684883,0.06089694797992706,10x_human_lymph_node_A1
wo_Dense_Gram,42,112,0.7722057700157166,0.6926745772361755,0.076851487159729,0.004916508216410875,0.06070055440068245,10x_human_lymph_node_A1
wo_Dense_Gram,42,113,0.7628712058067322,0.6849371790885925,0.07708326727151871,0.002487888326868415,0.05977775156497955,10x_human_lymph_node_A1
wo_Dense_Gram,42,114,0.7639738917350769,0.6878071427345276,0.07396133989095688,0.00663112523034215,0.061484213918447495,10x_human_lymph_node_A1
wo_Dense_Gram,42,115,0.7736132740974426,0.6956977844238281,0.07654064148664474,0.0054307724349200726,0.06026952713727951,10x_human_lymph_node_A1
wo_Dense_Gram,42,116,0.7640919089317322,0.6870015859603882,0.07582459598779678,0.0018439278937876225,0.058870553970336914,10x_human_lymph_node_A1
wo_Dense_Gram,42,117,0.7744384407997131,0.6951241493225098,0.07504571229219437,0.00534385209903121,0.06059664115309715,10x_human_lymph_node_A1
wo_Dense_Gram,42,118,0.7728864550590515,0.6962283253669739,0.0758836567401886,0.005414748098701239,0.06178927421569824,10x_human_lymph_node_A1
wo_Dense_Gram,42,119,0.7760996222496033,0.6964542865753174,0.0756448283791542,0.0029337634332478046,0.06037399172782898,10x_human_lymph_node_A1
wo_Dense_Gram,42,120,0.7736942768096924,0.6931056380271912,0.07477869838476181,0.004418666940182447,0.06061013787984848,10x_human_lymph_node_A1
wo_Dense_Gram,42,121,0.7786973118782043,0.6987323760986328,0.07498803734779358,0.004859019536525011,0.06180884689092636,10x_human_lymph_node_A1
wo_Dense_Gram,42,122,0.7822620272636414,0.7010700702667236,0.07598940283060074,0.004903856664896011,0.060668524354696274,10x_human_lymph_node_A1
wo_Dense_Gram,42,123,0.7817257642745972,0.7000740170478821,0.07372020930051804,0.004270119592547417,0.06184752658009529,10x_human_lymph_node_A1
wo_Dense_Gram,42,124,0.7861520051956177,0.7043715119361877,0.07536517083644867,0.004386251326650381,0.061502933502197266,10x_human_lymph_node_A1
wo_Dense_Gram,42,125,0.7868936657905579,0.7055720090866089,0.07571344822645187,0.005567288026213646,0.060945913195610046,10x_human_lymph_node_A1
wo_Dense_Gram,42,126,0.7855350971221924,0.7015588283538818,0.07387714087963104,0.004643749445676804,0.06196244806051254,10x_human_lymph_node_A1
wo_Dense_Gram,42,127,0.7908564209938049,0.7051389217376709,0.07406242191791534,0.0045701549388468266,0.06129874289035797,10x_human_lymph_node_A1
wo_Dense_Gram,42,128,0.7888582944869995,0.7062191367149353,0.07509175688028336,0.005133801139891148,0.062092848122119904,10x_human_lymph_node_A1
wo_Dense_Gram,42,129,0.7931762933731079,0.7079588770866394,0.073886439204216,0.004935149569064379,0.06191816180944443,10x_human_lymph_node_A1
wo_Dense_Gram,42,130,0.7927827835083008,0.7075710296630859,0.07287120074033737,0.004149605520069599,0.061333492398262024,10x_human_lymph_node_A1
wo_Dense_Gram,42,131,0.792570173740387,0.7090839743614197,0.07440868765115738,0.0050689042545855045,0.06064214929938316,10x_human_lymph_node_A1
wo_Dense_Gram,42,132,0.7978727221488953,0.7122449278831482,0.07262673228979111,0.004652159288525581,0.062238480895757675,10x_human_lymph_node_A1
wo_Dense_Gram,42,133,0.7951371669769287,0.7088539004325867,0.0734892338514328,0.0045058466494083405,0.061621248722076416,10x_human_lymph_node_A1
wo_Dense_Gram,42,134,0.7943565249443054,0.70890212059021,0.07431931793689728,0.004854877945035696,0.06289990991353989,10x_human_lymph_node_A1
wo_Dense_Gram,42,135,0.7948505282402039,0.7105609774589539,0.0745430588722229,0.005770653951913118,0.06057840958237648,10x_human_lymph_node_A1
wo_Dense_Gram,42,136,0.7866174578666687,0.701303243637085,0.07402921468019485,0.0027490463107824326,0.061932872980833054,10x_human_lymph_node_A1
wo_Dense_Gram,42,137,0.791414201259613,0.709466814994812,0.07328003644943237,0.005357356742024422,0.06143813580274582,10x_human_lymph_node_A1
wo_Dense_Gram,42,138,0.7989959716796875,0.7137015461921692,0.07511551678180695,0.004303639754652977,0.06292905658483505,10x_human_lymph_node_A1
wo_Dense_Gram,42,139,0.8005784749984741,0.715201199054718,0.07290735095739365,0.005170701537281275,0.0617254339158535,10x_human_lymph_node_A1
wo_Dense_Gram,42,140,0.8020150065422058,0.7174203395843506,0.07373746484518051,0.005248988047242165,0.06086890771985054,10x_human_lymph_node_A1
wo_Dense_Gram,42,141,0.8027622103691101,0.7177958488464355,0.07458724081516266,0.004124567843973637,0.06314001232385635,10x_human_lymph_node_A1
wo_Dense_Gram,42,142,0.8026910424232483,0.7172524333000183,0.07231982052326202,0.004585339222103357,0.06278450042009354,10x_human_lymph_node_A1
wo_Dense_Gram,42,143,0.804157018661499,0.718571662902832,0.07413602620363235,0.0044399406760931015,0.06322856992483139,10x_human_lymph_node_A1
wo_Dense_Gram,42,144,0.8057973384857178,0.7206857204437256,0.07266853004693985,0.006065382156521082,0.06298963725566864,10x_human_lymph_node_A1
wo_Dense_Gram,42,145,0.8088140487670898,0.7229296565055847,0.07323819398880005,0.005636898800730705,0.0620349757373333,10x_human_lymph_node_A1
wo_Dense_Gram,42,146,0.8079182505607605,0.7213194966316223,0.0726388618350029,0.005486360285431147,0.062452252954244614,10x_human_lymph_node_A1
wo_Dense_Gram,42,147,0.8077768087387085,0.7218762040138245,0.07327284663915634,0.006769264116883278,0.062240373343229294,10x_human_lymph_node_A1
wo_Dense_Gram,42,148,0.8107858896255493,0.7235150933265686,0.07317191362380981,0.005231025628745556,0.06233671307563782,10x_human_lymph_node_A1
wo_Dense_Gram,42,149,0.8093615770339966,0.7219362258911133,0.07133498787879944,0.005347938742488623,0.06178721785545349,10x_human_lymph_node_A1
wo_Dense_Gram,42,150,0.8123297691345215,0.7262139916419983,0.07369302958250046,0.005565133411437273,0.06278960406780243,10x_human_lymph_node_A1
wo_Spatial_Contrastive,42,1,0.3048013150691986,0.2341359406709671,0.15503893792629242,-0.005575957242399454,0.012085390277206898,10x_human_lymph_node_A1
wo_Spatial_Contrastive,42,2,0.31869080662727356,0.24876949191093445,0.15424682199954987,-0.0021073257084935904,0.01447306852787733,10x_human_lymph_node_A1
wo_Spatial_Contrastive,42,3,0.3297792971134186,0.2720271050930023,0.1512298732995987,0.004227763973176479,0.013978692702949047,10x_human_lymph_node_A1
wo_Spatial_Contrastive,42,4,0.3362131714820862,0.2792535424232483,0.14945660531520844,-0.0008106392924673855,0.012539662420749664,10x_human_lymph_node_A1
wo_Spatial_Contrastive,42,5,0.34838125109672546,0.29400715231895447,0.15126313269138336,0.0008470293832942843,0.013395857997238636,10x_human_lymph_node_A1
wo_Spatial_Contrastive,42,6,0.36091142892837524,0.3036939203739166,0.15297381579875946,0.00035037894849665463,0.01410150621086359,10x_human_lymph_node_A1
wo_Spatial_Contrastive,42,7,0.3704948127269745,0.3192598819732666,0.15050937235355377,0.0015275675104930997,0.014325620606541634,10x_human_lymph_node_A1
wo_Spatial_Contrastive,42,8,0.3784431219100952,0.32850703597068787,0.15118099749088287,0.0018651072168722749,0.01322467252612114,10x_human_lymph_node_A1
wo_Spatial_Contrastive,42,9,0.38589563965797424,0.3367668688297272,0.15071652829647064,0.001659843372181058,0.013842222280800343,10x_human_lymph_node_A1
wo_Spatial_Contrastive,42,10,0.39522799849510193,0.34658920764923096,0.15177765488624573,-0.0007393602281808853,0.014277775771915913,10x_human_lymph_node_A1
wo_Spatial_Contrastive,42,11,0.40372946858406067,0.35850799083709717,0.1491207331418991,0.001328092534095049,0.015527035109698772,10x_human_lymph_node_A1
wo_Spatial_Contrastive,42,12,0.41247132420539856,0.3691118359565735,0.14893698692321777,0.005456182174384594,0.015391306020319462,10x_human_lymph_node_A1
wo_Spatial_Contrastive,42,13,0.4192923605442047,0.37629204988479614,0.1485268920660019,0.00429210439324379,0.015720436349511147,10x_human_lymph_node_A1
wo_Spatial_Contrastive,42,14,0.4283052980899811,0.3849230706691742,0.1482473760843277,0.005210551433265209,0.016432030126452446,10x_human_lymph_node_A1
wo_Spatial_Contrastive,42,15,0.4375516474246979,0.3946062922477722,0.14778529107570648,0.004966821055859327,0.017468435689806938,10x_human_lymph_node_A1
wo_Spatial_Contrastive,42,16,0.4444420635700226,0.40433281660079956,0.14709484577178955,0.004934284836053848,0.01912863738834858,10x_human_lymph_node_A1
wo_Spatial_Contrastive,42,17,0.45191702246665955,0.4099620282649994,0.1472925990819931,0.004001140128821135,0.018816649913787842,10x_human_lymph_node_A1
wo_Spatial_Contrastive,42,18,0.4591883718967438,0.41867777705192566,0.14854325354099274,0.005386528093367815,0.018565084785223007,10x_human_lymph_node_A1
wo_Spatial_Contrastive,42,19,0.4652891159057617,0.42788371443748474,0.1465279906988144,0.00460044015198946,0.019889330491423607,10x_human_lymph_node_A1
wo_Spatial_Contrastive,42,20,0.47138461470603943,0.43525266647338867,0.14554840326309204,0.004656193312257528,0.020106635987758636,10x_human_lymph_node_A1
wo_Spatial_Contrastive,42,21,0.4768018126487732,0.4415847659111023,0.14453287422657013,0.004228400997817516,0.02115912362933159,10x_human_lymph_node_A1
wo_Spatial_Contrastive,42,22,0.4821295142173767,0.4474257528781891,0.14544415473937988,0.004339826293289661,0.021425791084766388,10x_human_lymph_node_A1
wo_Spatial_Contrastive,42,23,0.48743095993995667,0.45464780926704407,0.1450243443250656,0.0038573930505663157,0.02319287694990635,10x_human_lymph_node_A1
wo_Spatial_Contrastive,42,24,0.49366432428359985,0.4593845009803772,0.14667555689811707,0.0025352213997393847,0.022304214537143707,10x_human_lymph_node_A1
wo_Spatial_Contrastive,42,25,0.49917349219322205,0.4659869372844696,0.14553965628147125,0.004480895586311817,0.02423381246626377,10x_human_lymph_node_A1
wo_Spatial_Contrastive,42,26,0.49896687269210815,0.4607536196708679,0.1486286073923111,0.0027570733800530434,0.021557318046689034,10x_human_lymph_node_A1
wo_Spatial_Contrastive,42,27,0.4972703754901886,0.46080026030540466,0.14679202437400818,0.006443120539188385,0.02475685440003872,10x_human_lymph_node_A1
wo_Spatial_Contrastive,42,28,0.4987247884273529,0.46122559905052185,0.14772076904773712,0.0030520588625222445,0.023511389270424843,10x_human_lymph_node_A1
wo_Spatial_Contrastive,42,29,0.5153940916061401,0.4841667413711548,0.14605435729026794,0.004573489539325237,0.02574261464178562,10x_human_lymph_node_A1
wo_Spatial_Contrastive,42,30,0.5192736387252808,0.48840656876564026,0.1458589881658554,0.0051189688965678215,0.026037462055683136,10x_human_lymph_node_A1
wo_Spatial_Contrastive,42,31,0.5167593955993652,0.4805368185043335,0.14906257390975952,0.003040111158043146,0.0249685849994421,10x_human_lymph_node_A1
wo_Spatial_Contrastive,42,32,0.5260778665542603,0.49690183997154236,0.14577113091945648,0.007883957587182522,0.027289599180221558,10x_human_lymph_node_A1
wo_Spatial_Contrastive,42,33,0.5317735075950623,0.49956783652305603,0.14881667494773865,0.004870320670306683,0.027156414464116096,10x_human_lymph_node_A1
wo_Spatial_Contrastive,42,34,0.5309141874313354,0.4975765347480774,0.14802230894565582,0.002522614784538746,0.026380687952041626,10x_human_lymph_node_A1
wo_Spatial_Contrastive,42,35,0.5372118949890137,0.5069640278816223,0.14709483087062836,0.0077335769310593605,0.029320314526557922,10x_human_lymph_node_A1
wo_Spatial_Contrastive,42,36,0.5427863001823425,0.5081652402877808,0.15156234800815582,0.004355103708803654,0.029573461040854454,10x_human_lymph_node_A1
wo_Spatial_Contrastive,42,37,0.5446573495864868,0.5119392275810242,0.14917738735675812,0.0039642564952373505,0.028916915878653526,10x_human_lymph_node_A1
wo_Spatial_Contrastive,42,38,0.5494611859321594,0.5200194716453552,0.1483701467514038,0.007934752851724625,0.029906146228313446,10x_human_lymph_node_A1
wo_Spatial_Contrastive,42,39,0.5541571974754333,0.5190942883491516,0.1513894498348236,0.004767161328345537,0.02925165556371212,10x_human_lymph_node_A1
wo_Spatial_Contrastive,42,40,0.5574025511741638,0.5215798616409302,0.15261371433734894,0.005488757509738207,0.02993314526975155,10x_human_lymph_node_A1
wo_Spatial_Contrastive,42,41,0.5622760653495789,0.5331326723098755,0.14941036701202393,0.008564501069486141,0.031186120584607124,10x_human_lymph_node_A1
wo_Spatial_Contrastive,42,42,0.5640225410461426,0.5281834602355957,0.1519210785627365,0.0048884241841733456,0.031061869114637375,10x_human_lymph_node_A1
wo_Spatial_Contrastive,42,43,0.5703715085983276,0.538894772529602,0.15021392703056335,0.00717970822006464,0.031750310212373734,10x_human_lymph_node_A1
wo_Spatial_Contrastive,42,44,0.5739110112190247,0.5414260625839233,0.15027356147766113,0.006770594976842403,0.03246943652629852,10x_human_lymph_node_A1
wo_Spatial_Contrastive,42,45,0.5759172439575195,0.5412556529045105,0.1514447182416916,0.00593170989304781,0.0327470488846302,10x_human_lymph_node_A1
wo_Spatial_Contrastive,42,46,0.5797805786132812,0.5509462356567383,0.14944680035114288,0.008385328575968742,0.0336763896048069,10x_human_lymph_node_A1
wo_Spatial_Contrastive,42,47,0.5817945599555969,0.5471041202545166,0.15157093107700348,0.005517500452697277,0.032231803983449936,10x_human_lymph_node_A1
wo_Spatial_Contrastive,42,48,0.5865129828453064,0.5572510361671448,0.1500750035047531,0.010063452646136284,0.034168072044849396,10x_human_lymph_node_A1
wo_Spatial_Contrastive,42,49,0.5916149020195007,0.5586626529693604,0.15143664181232452,0.0075368257239460945,0.03303642198443413,10x_human_lymph_node_A1
wo_Spatial_Contrastive,42,50,0.5949833393096924,0.5608720183372498,0.15227340161800385,0.00778011791408062,0.033235374838113785,10x_human_lymph_node_A1
wo_Spatial_Contrastive,42,51,0.5979024767875671,0.5671898126602173,0.1515335738658905,0.008267685770988464,0.035016171634197235,10x_human_lymph_node_A1
wo_Spatial_Contrastive,42,52,0.5998606085777283,0.5655991435050964,0.1516927182674408,0.005488176830112934,0.034508466720581055,10x_human_lymph_node_A1
wo_Spatial_Contrastive,42,53,0.6015748381614685,0.5708165168762207,0.15025180578231812,0.009148068726062775,0.03542559966444969,10x_human_lymph_node_A1
wo_Spatial_Contrastive,42,54,0.60158771276474,0.5664656758308411,0.151731938123703,0.00319971633143723,0.036045558750629425,10x_human_lymph_node_A1
wo_Spatial_Contrastive,42,55,0.6047707200050354,0.5763564705848694,0.14811715483665466,0.009773646481335163,0.037634629756212234,10x_human_lymph_node_A1
wo_Spatial_Contrastive,42,56,0.6056944727897644,0.5734044313430786,0.15191766619682312,0.004055590368807316,0.03601701930165291,10x_human_lymph_node_A1
wo_Spatial_Contrastive,42,57,0.6129178404808044,0.5829203128814697,0.15141569077968597,0.0085220318287611,0.03647104278206825,10x_human_lymph_node_A1
wo_Spatial_Contrastive,42,58,0.6179401874542236,0.5869961977005005,0.15215525031089783,0.008392076008021832,0.03685244545340538,10x_human_lymph_node_A1
wo_Spatial_Contrastive,42,59,0.6197665929794312,0.5863832235336304,0.15323267877101898,0.004924325738102198,0.03680678829550743,10x_human_lymph_node_A1
wo_Spatial_Contrastive,42,60,0.6207013130187988,0.5924798250198364,0.1506839543581009,0.009479222819209099,0.03790677711367607,10x_human_lymph_node_A1
wo_Spatial_Contrastive,42,61,0.6215839982032776,0.5900545120239258,0.15192925930023193,0.005460652988404036,0.03860897570848465,10x_human_lymph_node_A1
wo_Spatial_Contrastive,42,62,0.6273078918457031,0.5975809693336487,0.15215156972408295,0.009094388224184513,0.03908469155430794,10x_human_lymph_node_A1
wo_Spatial_Contrastive,42,63,0.63010174036026,0.597499430179596,0.1537022888660431,0.006710977293550968,0.03846343979239464,10x_human_lymph_node_A1
wo_Spatial_Contrastive,42,64,0.6343649625778198,0.6031450629234314,0.15229550004005432,0.007139092776924372,0.03877083957195282,10x_human_lymph_node_A1
wo_Spatial_Contrastive,42,65,0.636872410774231,0.6061698198318481,0.15218625962734222,0.007727478630840778,0.03934271261096001,10x_human_lymph_node_A1
wo_Spatial_Contrastive,42,66,0.6392945647239685,0.6042829155921936,0.15350379049777985,0.006201349198818207,0.03909644857048988,10x_human_lymph_node_A1
wo_Spatial_Contrastive,42,67,0.6415776014328003,0.6114409565925598,0.15173925459384918,0.009043779224157333,0.039285119622945786,10x_human_lymph_node_A1
wo_Spatial_Contrastive,42,68,0.6400458812713623,0.6053124666213989,0.15347346663475037,0.005777777638286352,0.03997891768813133,10x_human_lymph_node_A1
wo_Spatial_Contrastive,42,69,0.643608808517456,0.6112028360366821,0.15012843906879425,0.008854764513671398,0.04032569378614426,10x_human_lymph_node_A1
wo_Spatial_Contrastive,42,70,0.6429516077041626,0.6098716855049133,0.15307538211345673,0.005175828002393246,0.041308749467134476,10x_human_lymph_node_A1
wo_Spatial_Contrastive,42,71,0.6501592993736267,0.619880199432373,0.15112662315368652,0.009649530053138733,0.04111422598361969,10x_human_lymph_node_A1
wo_Spatial_Contrastive,42,72,0.6526599526405334,0.6213217973709106,0.15316960215568542,0.0067297546193003654,0.04080245643854141,10x_human_lymph_node_A1
wo_Spatial_Contrastive,42,73,0.6558962464332581,0.626616358757019,0.15094180405139923,0.008282387629151344,0.041399940848350525,10x_human_lymph_node_A1
wo_Spatial_Contrastive,42,74,0.6583322882652283,0.6276383399963379,0.15129181742668152,0.008777772076427937,0.041676972061395645,10x_human_lymph_node_A1
wo_Spatial_Contrastive,42,75,0.6563038229942322,0.6223919987678528,0.152564138174057,0.0072036683559417725,0.04176260903477669,10x_human_lymph_node_A1
wo_Spatial_Contrastive,42,76,0.6585421562194824,0.6270527839660645,0.15093113481998444,0.009892611764371395,0.04158109426498413,10x_human_lymph_node_A1
wo_Spatial_Contrastive,42,77,0.6554617285728455,0.6183606386184692,0.15514814853668213,0.006615533493459225,0.04117490351200104,10x_human_lymph_node_A1
wo_Spatial_Contrastive,42,78,0.6642742156982422,0.6355779767036438,0.15031953155994415,0.009152897633612156,0.042609553784132004,10x_human_lymph_node_A1
wo_Spatial_Contrastive,42,79,0.6677573919296265,0.6370202898979187,0.1518549770116806,0.007598033174872398,0.04243754968047142,10x_human_lymph_node_A1
wo_Spatial_Contrastive,42,80,0.670624852180481,0.639779269695282,0.1529162973165512,0.008197386749088764,0.0418640673160553,10x_human_lymph_node_A1
wo_Spatial_Contrastive,42,81,0.6731657981872559,0.6422891616821289,0.15150588750839233,0.00903280172497034,0.042651135474443436,10x_human_lymph_node_A1
wo_Spatial_Contrastive,42,82,0.6707665324211121,0.6342926621437073,0.15566624701023102,0.006979536730796099,0.04245490953326225,10x_human_lymph_node_A1
wo_Spatial_Contrastive,42,83,0.6721998453140259,0.642697274684906,0.1507580429315567,0.010137639939785004,0.04323558881878853,10x_human_lymph_node_A1
wo_Spatial_Contrastive,42,84,0.6724292635917664,0.6363534927368164,0.1539342850446701,0.006749043706804514,0.04338964819908142,10x_human_lymph_node_A1
wo_Spatial_Contrastive,42,85,0.6778597235679626,0.6490735411643982,0.15041334927082062,0.009309889748692513,0.04333549365401268,10x_human_lymph_node_A1
wo_Spatial_Contrastive,42,86,0.6776889562606812,0.64570152759552,0.15235163271427155,0.007952678017318249,0.044055260717868805,10x_human_lymph_node_A1
wo_Spatial_Contrastive,42,87,0.6832295060157776,0.6518540382385254,0.15129880607128143,0.00875699520111084,0.04308481141924858,10x_human_lymph_node_A1
wo_Spatial_Contrastive,42,88,0.6846122145652771,0.6518958210945129,0.15358582139015198,0.008621813729405403,0.04312986135482788,10x_human_lymph_node_A1
wo_Spatial_Contrastive,42,89,0.6880616545677185,0.6566845774650574,0.15160316228866577,0.009095214307308197,0.04396657273173332,10x_human_lymph_node_A1
wo_Spatial_Contrastive,42,90,0.6896653175354004,0.6591302156448364,0.1512547880411148,0.009568704292178154,0.04467075690627098,10x_human_lymph_node_A1
wo_Spatial_Contrastive,42,91,0.6881465911865234,0.6537228226661682,0.1534464806318283,0.008050290867686272,0.04488249123096466,10x_human_lymph_node_A1
wo_Spatial_Contrastive,42,92,0.6905370354652405,0.6603454351425171,0.147981658577919,0.011022518388926983,0.04486580565571785,10x_human_lymph_node_A1
wo_Spatial_Contrastive,42,93,0.6861703991889954,0.6513110399246216,0.15289902687072754,0.007291092537343502,0.04624393209815025,10x_human_lymph_node_A1
wo_Spatial_Contrastive,42,94,0.6922607421875,0.6605308651924133,0.1480983942747116,0.008789666928350925,0.0444444939494133,10x_human_lymph_node_A1
wo_Spatial_Contrastive,42,95,0.6923123002052307,0.6600239276885986,0.15157082676887512,0.007201705127954483,0.045793306082487106,10x_human_lymph_node_A1
wo_Spatial_Contrastive,42,96,0.6981459259986877,0.6661344766616821,0.15186044573783875,0.008661087602376938,0.04485589638352394,10x_human_lymph_node_A1
wo_Spatial_Contrastive,42,97,0.7009522318840027,0.6710339784622192,0.15047629177570343,0.009385131299495697,0.046320244669914246,10x_human_lymph_node_A1
wo_Spatial_Contrastive,42,98,0.7005195617675781,0.6666956543922424,0.15299786627292633,0.006810171529650688,0.0458059124648571,10x_human_lymph_node_A1
wo_Spatial_Contrastive,42,99,0.7017463445663452,0.6688405275344849,0.15174388885498047,0.00945472065359354,0.04477198049426079,10x_human_lymph_node_A1
wo_Spatial_Contrastive,42,100,0.7006576657295227,0.66563481092453,0.15271903574466705,0.008248097263276577,0.04665388911962509,10x_human_lymph_node_A1
wo_Spatial_Contrastive,42,101,0.7048739194869995,0.6736351251602173,0.15040652453899384,0.009802944958209991,0.045358993113040924,10x_human_lymph_node_A1
wo_Spatial_Contrastive,42,102,0.7051021456718445,0.6716676950454712,0.1532532274723053,0.008983404375612736,0.045706503093242645,10x_human_lymph_node_A1
wo_Spatial_Contrastive,42,103,0.7065075635910034,0.6788094639778137,0.1498502939939499,0.010171877220273018,0.04687149450182915,10x_human_lymph_node_A1
wo_Spatial_Contrastive,42,104,0.7081652283668518,0.6730024814605713,0.15320788323879242,0.009716641157865524,0.04446350783109665,10x_human_lymph_node_A1
wo_Spatial_Contrastive,42,105,0.709776759147644,0.6797571778297424,0.15120212733745575,0.01009749248623848,0.0474313423037529,10x_human_lymph_node_A1
wo_Spatial_Contrastive,42,106,0.7146127820014954,0.6814075708389282,0.15102630853652954,0.008593220263719559,0.0463479682803154,10x_human_lymph_node_A1
wo_Spatial_Contrastive,42,107,0.7168100476264954,0.683573305606842,0.1517905741930008,0.009449012577533722,0.046300023794174194,10x_human_lymph_node_A1
wo_Spatial_Contrastive,42,108,0.7157596945762634,0.6860040426254272,0.15037794411182404,0.010233021341264248,0.048141494393348694,10x_human_lymph_node_A1
wo_Spatial_Contrastive,42,109,0.7168634533882141,0.6826987266540527,0.1513148695230484,0.007816883735358715,0.04738302528858185,10x_human_lymph_node_A1
wo_Spatial_Contrastive,42,110,0.7212826609611511,0.6909273862838745,0.15098045766353607,0.010075717233121395,0.04790736734867096,10x_human_lymph_node_A1
wo_Spatial_Contrastive,42,111,0.7231826782226562,0.6917763352394104,0.15066909790039062,0.009300957433879375,0.04832020401954651,10x_human_lymph_node_A1
wo_Spatial_Contrastive,42,112,0.7226770520210266,0.6873515248298645,0.15096265077590942,0.00990999210625887,0.046019166707992554,10x_human_lymph_node_A1
wo_Spatial_Contrastive,42,113,0.720552384853363,0.6873472929000854,0.1510094255208969,0.010142670013010502,0.04824545234441757,10x_human_lymph_node_A1
wo_Spatial_Contrastive,42,114,0.7223663330078125,0.6857089400291443,0.15084169805049896,0.0090729845687747,0.04552412033081055,10x_human_lymph_node_A1
wo_Spatial_Contrastive,42,115,0.7183868288993835,0.683720052242279,0.15138232707977295,0.006692815106362104,0.04930339381098747,10x_human_lymph_node_A1
wo_Spatial_Contrastive,42,116,0.7236260771751404,0.6927235126495361,0.15088076889514923,0.009695605374872684,0.047836873680353165,10x_human_lymph_node_A1
wo_Spatial_Contrastive,42,117,0.7255237102508545,0.6931367516517639,0.1514057219028473,0.007578868418931961,0.049070198088884354,10x_human_lymph_node_A1
wo_Spatial_Contrastive,42,118,0.7283093333244324,0.6961728930473328,0.151271253824234,0.009648717008531094,0.04842890799045563,10x_human_lymph_node_A1
wo_Spatial_Contrastive,42,119,0.7293323874473572,0.6996052861213684,0.15142783522605896,0.010498609393835068,0.0480327233672142,10x_human_lymph_node_A1
wo_Spatial_Contrastive,42,120,0.7333002686500549,0.7010483741760254,0.15160880982875824,0.009993297047913074,0.04843246564269066,10x_human_lymph_node_A1
wo_Spatial_Contrastive,42,121,0.7344483137130737,0.7020996809005737,0.15036647021770477,0.009845779277384281,0.04855997487902641,10x_human_lymph_node_A1
wo_Spatial_Contrastive,42,122,0.735769510269165,0.7022157907485962,0.15157438814640045,0.009593186900019646,0.04800213500857353,10x_human_lymph_node_A1
wo_Spatial_Contrastive,42,123,0.7362158894538879,0.703610360622406,0.1515410840511322,0.010587806813418865,0.04796343669295311,10x_human_lymph_node_A1
wo_Spatial_Contrastive,42,124,0.7357603311538696,0.7022573947906494,0.151215061545372,0.00882783718407154,0.049281541258096695,10x_human_lymph_node_A1
wo_Spatial_Contrastive,42,125,0.7360236048698425,0.7010354995727539,0.15212644636631012,0.010287445969879627,0.045995645225048065,10x_human_lymph_node_A1
wo_Spatial_Contrastive,42,126,0.730279266834259,0.695556640625,0.15291181206703186,0.009017422795295715,0.04934941232204437,10x_human_lymph_node_A1
wo_Spatial_Contrastive,42,127,0.7348280549049377,0.6979376673698425,0.150266632437706,0.008829772472381592,0.04643736034631729,10x_human_lymph_node_A1
wo_Spatial_Contrastive,42,128,0.7379595637321472,0.7061505317687988,0.15131695568561554,0.00918738916516304,0.04983632639050484,10x_human_lymph_node_A1
wo_Spatial_Contrastive,42,129,0.7428331971168518,0.7118613719940186,0.15189164876937866,0.010284989140927792,0.04970225691795349,10x_human_lymph_node_A1
wo_Spatial_Contrastive,42,130,0.7392889857292175,0.703701376914978,0.15186183154582977,0.009708286263048649,0.04748845100402832,10x_human_lymph_node_A1
wo_Spatial_Contrastive,42,131,0.7410341501235962,0.7074888348579407,0.1521451622247696,0.009800033643841743,0.05050363019108772,10x_human_lymph_node_A1
wo_Spatial_Contrastive,42,132,0.7431319952011108,0.7114843726158142,0.15169471502304077,0.010394356213510036,0.049302663654088974,10x_human_lymph_node_A1
wo_Spatial_Contrastive,42,133,0.7450682520866394,0.7096226215362549,0.151738703250885,0.009841615334153175,0.048805009573698044,10x_human_lymph_node_A1
wo_Spatial_Contrastive,42,134,0.7460448145866394,0.7137256264686584,0.15198220312595367,0.011224030517041683,0.049334023147821426,10x_human_lymph_node_A1
wo_Spatial_Contrastive,42,135,0.749384343624115,0.7169014811515808,0.15176363289356232,0.009703856892883778,0.04985436052083969,10x_human_lymph_node_A1
wo_Spatial_Contrastive,42,136,0.7512708902359009,0.7174414396286011,0.15097437798976898,0.010663769207894802,0.048879969865083694,10x_human_lymph_node_A1
wo_Spatial_Contrastive,42,137,0.7532393932342529,0.7204285860061646,0.1516759842634201,0.010843338444828987,0.049262069165706635,10x_human_lymph_node_A1
wo_Spatial_Contrastive,42,138,0.7540606260299683,0.7177730202674866,0.1519310027360916,0.00991297047585249,0.04804880544543266,10x_human_lymph_node_A1
wo_Spatial_Contrastive,42,139,0.7562627196311951,0.7221533060073853,0.15093617141246796,0.0103129418566823,0.04938875511288643,10x_human_lymph_node_A1
wo_Spatial_Contrastive,42,140,0.7566730976104736,0.7220842838287354,0.15182042121887207,0.00972200371325016,0.04882177338004112,10x_human_lymph_node_A1
wo_Spatial_Contrastive,42,141,0.7558157444000244,0.7191416025161743,0.1514805406332016,0.009921466931700706,0.0470220111310482,10x_human_lymph_node_A1
wo_Spatial_Contrastive,42,142,0.7488811612129211,0.7127036452293396,0.15236511826515198,0.009821184910833836,0.05020292103290558,10x_human_lymph_node_A1
wo_Spatial_Contrastive,42,143,0.7506212592124939,0.7142630815505981,0.1515863537788391,0.010341656394302845,0.04681220278143883,10x_human_lymph_node_A1
wo_Spatial_Contrastive,42,144,0.7522613406181335,0.7185305953025818,0.1523783951997757,0.009055208414793015,0.05005135387182236,10x_human_lymph_node_A1
wo_Spatial_Contrastive,42,145,0.7544138431549072,0.7223619818687439,0.15232913196086884,0.010328581556677818,0.04892899841070175,10x_human_lymph_node_A1
wo_Spatial_Contrastive,42,146,0.7572959065437317,0.7255452871322632,0.15165042877197266,0.010320007801055908,0.04960440844297409,10x_human_lymph_node_A1
wo_Spatial_Contrastive,42,147,0.7603406310081482,0.7273476123809814,0.15244606137275696,0.010893580503761768,0.04993307217955589,10x_human_lymph_node_A1
wo_Spatial_Contrastive,42,148,0.759614109992981,0.7258564233779907,0.15217328071594238,0.010363761335611343,0.049512118101119995,10x_human_lymph_node_A1
wo_Spatial_Contrastive,42,149,0.7589059472084045,0.7262173891067505,0.15138691663742065,0.009867636486887932,0.050284236669540405,10x_human_lymph_node_A1
wo_Spatial_Contrastive,42,150,0.7606455087661743,0.728478193283081,0.15282267332077026,0.011391249485313892,0.04883537068963051,10x_human_lymph_node_A1
wo_Reconstruction,42,1,0.3036723732948303,0.23185694217681885,0.15512636303901672,-0.0008487662998959422,0.0135942492634058,10x_human_lymph_node_A1
wo_Reconstruction,42,2,0.31419697403907776,0.2440844625234604,0.1533261239528656,0.0025471586268395185,0.013188693672418594,10x_human_lymph_node_A1
wo_Reconstruction,42,3,0.32228609919548035,0.25425437092781067,0.14914542436599731,-3.3815198548836634e-05,0.011586369946599007,10x_human_lymph_node_A1
wo_Reconstruction,42,4,0.3364969789981842,0.2744710147380829,0.14882463216781616,0.0025829412043094635,0.01322532445192337,10x_human_lymph_node_A1
wo_Reconstruction,42,5,0.3479819595813751,0.28714895248413086,0.1502506136894226,0.001888807164505124,0.01180312316864729,10x_human_lymph_node_A1
wo_Reconstruction,42,6,0.3583431541919708,0.29658207297325134,0.15002374351024628,-0.0007051482680253685,0.012267418205738068,10x_human_lymph_node_A1
wo_Reconstruction,42,7,0.3689844310283661,0.31049004197120667,0.14732074737548828,0.0012438676785677671,0.012534519657492638,10x_human_lymph_node_A1
wo_Reconstruction,42,8,0.37963351607322693,0.32223284244537354,0.1472276896238327,0.005213479045778513,0.012019215151667595,10x_human_lymph_node_A1
wo_Reconstruction,42,9,0.38929662108421326,0.3310246467590332,0.1457960158586502,0.0009630332933738828,0.009257735684514046,10x_human_lymph_node_A1
wo_Reconstruction,42,10,0.3992156386375427,0.33964693546295166,0.14767339825630188,0.0023802053183317184,0.009864027611911297,10x_human_lymph_node_A1
wo_Reconstruction,42,11,0.4076524078845978,0.34969380497932434,0.14724577963352203,0.003689710982143879,0.010634392499923706,10x_human_lymph_node_A1
wo_Reconstruction,42,12,0.4168205261230469,0.35745367407798767,0.1458151787519455,0.005068208556622267,0.008509619161486626,10x_human_lymph_node_A1
wo_Reconstruction,42,13,0.4252091348171234,0.3659036457538605,0.14544984698295593,0.004387278109788895,0.008427933789789677,10x_human_lymph_node_A1
wo_Reconstruction,42,14,0.4341447055339813,0.37578991055488586,0.1458524763584137,0.00193903804756701,0.009639023803174496,10x_human_lymph_node_A1
wo_Reconstruction,42,15,0.4408239424228668,0.38067325949668884,0.14468170702457428,0.0008348277187906206,0.007984102703630924,10x_human_lymph_node_A1
wo_Reconstruction,42,16,0.4514106810092926,0.39491942524909973,0.14422868192195892,0.003072506282478571,0.00943387858569622,10x_human_lymph_node_A1
wo_Reconstruction,42,17,0.4569089114665985,0.4004543125629425,0.1419140100479126,0.002351609757170081,0.008867066353559494,10x_human_lymph_node_A1
wo_Reconstruction,42,18,0.46681031584739685,0.4135209321975708,0.143607959151268,0.001652346458286047,0.010625557042658329,10x_human_lymph_node_A1
wo_Reconstruction,42,19,0.4738817811012268,0.4202515780925751,0.14333949983119965,0.0014665009221062064,0.010230707004666328,10x_human_lymph_node_A1
wo_Reconstruction,42,20,0.4810542166233063,0.4315532445907593,0.14259105920791626,0.001961846137419343,0.01117126177996397,10x_human_lymph_node_A1
wo_Reconstruction,42,21,0.48659199476242065,0.43338310718536377,0.14407634735107422,0.002229597419500351,0.011363617144525051,10x_human_lymph_node_A1
wo_Reconstruction,42,22,0.49202960729599,0.44370484352111816,0.14178065955638885,0.00413449015468359,0.013611574657261372,10x_human_lymph_node_A1
wo_Reconstruction,42,23,0.4921388328075409,0.4395414888858795,0.14434297382831573,0.0019182130927219987,0.011710220947861671,10x_human_lymph_node_A1
wo_Reconstruction,42,24,0.492556095123291,0.4434035122394562,0.14448609948158264,0.003007089253515005,0.017011219635605812,10x_human_lymph_node_A1
wo_Reconstruction,42,25,0.5050427913665771,0.4557146728038788,0.14272066950798035,0.0021796519868075848,0.014441195875406265,10x_human_lymph_node_A1
wo_Reconstruction,42,26,0.5139968395233154,0.46547722816467285,0.1441088169813156,0.002428485546261072,0.014933614991605282,10x_human_lymph_node_A1
wo_Reconstruction,42,27,0.5178835391998291,0.468284010887146,0.1466827541589737,0.0012193700531497598,0.015516243875026703,10x_human_lymph_node_A1
wo_Reconstruction,42,28,0.517756998538971,0.46443241834640503,0.145403653383255,-0.0008794719469733536,0.013881041668355465,10x_human_lymph_node_A1
wo_Reconstruction,42,29,0.5223366022109985,0.47195592522621155,0.14709430932998657,0.004171321634203196,0.01587861403822899,10x_human_lymph_node_A1
wo_Reconstruction,42,30,0.5317661166191101,0.48226428031921387,0.14555461704730988,0.002887109760195017,0.0155416214838624,10x_human_lymph_node_A1
wo_Reconstruction,42,31,0.5374727845191956,0.4881759285926819,0.14709945023059845,0.00023772371059749275,0.01700618490576744,10x_human_lymph_node_A1
wo_Reconstruction,42,32,0.5365265011787415,0.4869612455368042,0.14750760793685913,0.0010854463325813413,0.018382713198661804,10x_human_lymph_node_A1
wo_Reconstruction,42,33,0.5419313907623291,0.49380993843078613,0.14664693176746368,-0.0010870406404137611,0.01706148125231266,10x_human_lymph_node_A1
wo_Reconstruction,42,34,0.5493015646934509,0.5014662742614746,0.14729037880897522,0.0019800474401563406,0.017541751265525818,10x_human_lymph_node_A1
wo_Reconstruction,42,35,0.5530691742897034,0.5068718194961548,0.14786803722381592,0.0019434059504419565,0.018445631489157677,10x_human_lymph_node_A1
wo_Reconstruction,42,36,0.5539951324462891,0.5039942860603333,0.1492578089237213,-0.0017393388552591205,0.018726224079728127,10x_human_lymph_node_A1
wo_Reconstruction,42,37,0.5581737160682678,0.5147228837013245,0.147776797413826,0.0043609365820884705,0.020257597789168358,10x_human_lymph_node_A1
wo_Reconstruction,42,38,0.5652478933334351,0.5195351243019104,0.14856532216072083,0.002179611474275589,0.018724320456385612,10x_human_lymph_node_A1
wo_Reconstruction,42,39,0.5685313940048218,0.5213833451271057,0.15049812197685242,0.0011077298549935222,0.019529622048139572,10x_human_lymph_node_A1
wo_Reconstruction,42,40,0.572070837020874,0.5272496938705444,0.14812970161437988,0.003240946913138032,0.020429577678442,10x_human_lymph_node_A1
wo_Reconstruction,42,41,0.5761966705322266,0.5293713212013245,0.14776650071144104,0.00035235242103226483,0.019973285496234894,10x_human_lymph_node_A1
wo_Reconstruction,42,42,0.576196551322937,0.5282471776008606,0.15017583966255188,0.0038103859405964613,0.022438444197177887,10x_human_lymph_node_A1
wo_Reconstruction,42,43,0.5832685828208923,0.5361034274101257,0.14920829236507416,0.0011447797296568751,0.020356560125947,10x_human_lymph_node_A1
wo_Reconstruction,42,44,0.5870584845542908,0.5419097542762756,0.14934071898460388,0.0029721446335315704,0.021987661719322205,10x_human_lymph_node_A1
wo_Reconstruction,42,45,0.5899832248687744,0.5406634211540222,0.15099020302295685,-0.000995499431155622,0.021240076050162315,10x_human_lymph_node_A1
wo_Reconstruction,42,46,0.5951980948448181,0.5506156086921692,0.1469031572341919,0.0005336350877769291,0.021199459210038185,10x_human_lymph_node_A1
wo_Reconstruction,42,47,0.5984235405921936,0.5550920963287354,0.14753691852092743,0.003489111317321658,0.0237260814756155,10x_human_lymph_node_A1
wo_Reconstruction,42,48,0.5998883247375488,0.5512595772743225,0.1509862244129181,-0.0008475366048514843,0.02287772111594677,10x_human_lymph_node_A1
wo_Reconstruction,42,49,0.6032055616378784,0.5567759871482849,0.14962488412857056,0.004028452094644308,0.022909771651029587,10x_human_lymph_node_A1
wo_Reconstruction,42,50,0.6002441048622131,0.5455318093299866,0.15197256207466125,-0.0025150116998702288,0.021327661350369453,10x_human_lymph_node_A1
wo_Reconstruction,42,51,0.6012979745864868,0.5576830506324768,0.14939886331558228,0.005024021491408348,0.02468857169151306,10x_human_lymph_node_A1
wo_Reconstruction,42,52,0.609724223613739,0.5614143013954163,0.15091702342033386,-0.0011404426768422127,0.023133646696805954,10x_human_lymph_node_A1
wo_Reconstruction,42,53,0.6165319085121155,0.5718512535095215,0.15050271153450012,0.0018874353263527155,0.024440454319119453,10x_human_lymph_node_A1
wo_Reconstruction,42,54,0.6179647445678711,0.5736604928970337,0.15137992799282074,0.0016231890767812729,0.02413615956902504,10x_human_lymph_node_A1
wo_Reconstruction,42,55,0.6143894195556641,0.5633173584938049,0.15280330181121826,-0.002073675626888871,0.022387884557247162,10x_human_lymph_node_A1
wo_Reconstruction,42,56,0.6187443733215332,0.5787833333015442,0.14717407524585724,0.004427164793014526,0.025707772001624107,10x_human_lymph_node_A1
wo_Reconstruction,42,57,0.6230452060699463,0.5759639739990234,0.15227311849594116,-0.0007437426247633994,0.026297677308321,10x_human_lymph_node_A1
wo_Reconstruction,42,58,0.6281214952468872,0.5812652707099915,0.14870736002922058,-0.0008027019794099033,0.024781854823231697,10x_human_lymph_node_A1
wo_Reconstruction,42,59,0.6271975636482239,0.5831364989280701,0.14961574971675873,0.002890985691919923,0.025522908195853233,10x_human_lymph_node_A1
wo_Reconstruction,42,60,0.6324561238288879,0.586956799030304,0.15188290178775787,-0.000665581610519439,0.025170857086777687,10x_human_lymph_node_A1
wo_Reconstruction,42,61,0.6360126733779907,0.5881621241569519,0.14746443927288055,0.0010960911167785525,0.024911409243941307,10x_human_lymph_node_A1
wo_Reconstruction,42,62,0.635195791721344,0.5895882844924927,0.15143346786499023,-0.0015455603133887053,0.028780996799468994,10x_human_lymph_node_A1
wo_Reconstruction,42,63,0.6408632397651672,0.5951659083366394,0.15128014981746674,0.0009688591817393899,0.025157516822218895,10x_human_lymph_node_A1
wo_Reconstruction,42,64,0.6435691714286804,0.5971730351448059,0.14715303480625153,0.001854747417382896,0.023719709366559982,10x_human_lymph_node_A1
wo_Reconstruction,42,65,0.6409502625465393,0.5931073427200317,0.15155915915966034,-0.0024030343629419804,0.027439188212156296,10x_human_lymph_node_A1
wo_Reconstruction,42,66,0.6512201428413391,0.6076369881629944,0.14786188304424286,0.00038472903543151915,0.026365408673882484,10x_human_lymph_node_A1
wo_Reconstruction,42,67,0.6520679593086243,0.6071439385414124,0.1487550586462021,-0.0007854169234633446,0.026321548968553543,10x_human_lymph_node_A1
wo_Reconstruction,42,68,0.6516420841217041,0.6088718175888062,0.14990560710430145,0.0007325418991968036,0.02868342027068138,10x_human_lymph_node_A1
wo_Reconstruction,42,69,0.659419059753418,0.613816499710083,0.14946386218070984,-0.00041324441554024816,0.026491841301321983,10x_human_lymph_node_A1
wo_Reconstruction,42,70,0.6617080569267273,0.614377498626709,0.14832688868045807,0.0005216539721004665,0.025014426559209824,10x_human_lymph_node_A1
wo_Reconstruction,42,71,0.660368025302887,0.6174359917640686,0.1496775895357132,0.0004280642606317997,0.029595084488391876,10x_human_lymph_node_A1
wo_Reconstruction,42,72,0.6686208844184875,0.6255648136138916,0.14927038550376892,0.00012497362331487238,0.026862317696213722,10x_human_lymph_node_A1
wo_Reconstruction,42,73,0.6698371767997742,0.6252401471138,0.14623276889324188,0.00047375072608701885,0.0263663399964571,10x_human_lymph_node_A1
wo_Reconstruction,42,74,0.6668436527252197,0.6200270652770996,0.15098944306373596,-0.00039719289634376764,0.028900129720568657,10x_human_lymph_node_A1
wo_Reconstruction,42,75,0.6766000986099243,0.6313692331314087,0.1488242894411087,0.0013567946152761579,0.02698630653321743,10x_human_lymph_node_A1
wo_Reconstruction,42,76,0.6776905059814453,0.632020115852356,0.14937779307365417,-0.00035769111127592623,0.028084391728043556,10x_human_lymph_node_A1
wo_Reconstruction,42,77,0.6772421598434448,0.6341948509216309,0.14871284365653992,9.559914178680629e-05,0.028750725090503693,10x_human_lymph_node_A1
wo_Reconstruction,42,78,0.677150309085846,0.6315830945968628,0.15049980580806732,-0.0015230616554617882,0.027787618339061737,10x_human_lymph_node_A1
wo_Reconstruction,42,79,0.662480354309082,0.6139056086540222,0.1460978090763092,0.00508833909407258,0.02633359096944332,10x_human_lymph_node_A1
wo_Reconstruction,42,80,0.6479321122169495,0.5966771841049194,0.14876611530780792,-0.0109500577673316,0.030067792162299156,10x_human_lymph_node_A1
wo_Reconstruction,42,81,0.6816202998161316,0.6412983536720276,0.14735455811023712,0.0001383464114041999,0.030457032844424248,10x_human_lymph_node_A1
wo_Reconstruction,42,82,0.6758041381835938,0.6338208913803101,0.14732696115970612,0.002434070222079754,0.028040751814842224,10x_human_lymph_node_A1
wo_Reconstruction,42,83,0.6604443788528442,0.6154841780662537,0.15077438950538635,-0.006251506507396698,0.029684199020266533,10x_human_lymph_node_A1
wo_Reconstruction,42,84,0.6730249524116516,0.6356329321861267,0.1489306092262268,0.001266922103241086,0.03184745833277702,10x_human_lymph_node_A1
wo_Reconstruction,42,85,0.6789183616638184,0.6408159732818604,0.14748167991638184,0.0022599438671022654,0.02893487736582756,10x_human_lymph_node_A1
wo_Reconstruction,42,86,0.6754571795463562,0.6330908536911011,0.1511770337820053,-0.003950882703065872,0.031017864122986794,10x_human_lymph_node_A1
wo_Reconstruction,42,87,0.6726521253585815,0.6354125738143921,0.14847728610038757,0.0006374402437359095,0.03279781714081764,10x_human_lymph_node_A1
wo_Reconstruction,42,88,0.6836069822311401,0.6474974751472473,0.15017478168010712,-7.342375465668738e-05,0.03126898407936096,10x_human_lymph_node_A1
wo_Reconstruction,42,89,0.6804159879684448,0.6385384798049927,0.1495286524295807,-0.0035530924797058105,0.028251253068447113,10x_human_lymph_node_A1
wo_Reconstruction,42,90,0.6885397434234619,0.6513257622718811,0.1487502157688141,0.0007917198236100376,0.030541198328137398,10x_human_lymph_node_A1
wo_Reconstruction,42,91,0.6843627691268921,0.6469956636428833,0.1495700478553772,-0.000263822206761688,0.03217025101184845,10x_human_lymph_node_A1
wo_Reconstruction,42,92,0.6908936500549316,0.6503819227218628,0.15189282596111298,-0.002618264639750123,0.030297202989459038,10x_human_lymph_node_A1
wo_Reconstruction,42,93,0.6909943222999573,0.6524733901023865,0.14535324275493622,0.0029394766315817833,0.029519299045205116,10x_human_lymph_node_A1
wo_Reconstruction,42,94,0.6957193613052368,0.6574702262878418,0.15000084042549133,0.000622971449047327,0.03200949728488922,10x_human_lymph_node_A1
wo_Reconstruction,42,95,0.6928917169570923,0.6520736217498779,0.1512795239686966,-0.0037709663156419992,0.03218298405408859,10x_human_lymph_node_A1
wo_Reconstruction,42,96,0.6993098258972168,0.6595662832260132,0.14583207666873932,0.001327275182120502,0.03040892258286476,10x_human_lymph_node_A1
wo_Reconstruction,42,97,0.7046536803245544,0.6643894910812378,0.14836737513542175,0.0009511951357126236,0.030697867274284363,10x_human_lymph_node_A1
wo_Reconstruction,42,98,0.6985216736793518,0.6543436050415039,0.15234652161598206,-0.003464559791609645,0.0314682237803936,10x_human_lymph_node_A1
wo_Reconstruction,42,99,0.709151029586792,0.6688103079795837,0.14876288175582886,5.2197108743712306e-05,0.03062058798968792,10x_human_lymph_node_A1
wo_Reconstruction,42,100,0.7092851996421814,0.6671173572540283,0.14724469184875488,0.0010159132070839405,0.029443582519888878,10x_human_lymph_node_A1
wo_Reconstruction,42,101,0.7114087343215942,0.6688534617424011,0.1502649486064911,-0.0005337600596249104,0.03178882971405983,10x_human_lymph_node_A1
wo_Reconstruction,42,102,0.7136321663856506,0.6730990409851074,0.14959348738193512,0.0009719911613501608,0.03153613209724426,10x_human_lymph_node_A1
wo_Reconstruction,42,103,0.7164538502693176,0.6748892068862915,0.14838911592960358,5.1657585572684184e-05,0.031215813010931015,10x_human_lymph_node_A1
wo_Reconstruction,42,104,0.7202392816543579,0.6769528985023499,0.1495276242494583,-0.0014303557109087706,0.03097199834883213,10x_human_lymph_node_A1
wo_Reconstruction,42,105,0.7200556993484497,0.6792904734611511,0.14721304178237915,6.594422302441671e-05,0.032940853387117386,10x_human_lymph_node_A1
wo_Reconstruction,42,106,0.7240246534347534,0.6825622916221619,0.14789047837257385,-0.0012531857937574387,0.03293514624238014,10x_human_lymph_node_A1
wo_Reconstruction,42,107,0.7256836295127869,0.6810335516929626,0.14818155765533447,-0.00019604501721914858,0.030553529039025307,10x_human_lymph_node_A1
wo_Reconstruction,42,108,0.7272323966026306,0.6843003034591675,0.14868326485157013,-0.00038144030258990824,0.032544467598199844,10x_human_lymph_node_A1
wo_Reconstruction,42,109,0.7308446764945984,0.6887812614440918,0.14813125133514404,3.486180503387004e-05,0.03218845650553703,10x_human_lymph_node_A1
wo_Reconstruction,42,110,0.731054425239563,0.6870076656341553,0.1489107459783554,-0.00044944434193894267,0.031108926981687546,10x_human_lymph_node_A1
wo_Reconstruction,42,111,0.7344079613685608,0.6926034092903137,0.14842848479747772,0.00029354821890592575,0.032866910099983215,10x_human_lymph_node_A1
wo_Reconstruction,42,112,0.736111581325531,0.6946022510528564,0.14760082960128784,-0.0008332207798957825,0.03279503434896469,10x_human_lymph_node_A1
wo_Reconstruction,42,113,0.7379078269004822,0.6933923959732056,0.14917702972888947,-0.00026331006665714085,0.03156733885407448,10x_human_lymph_node_A1
wo_Reconstruction,42,114,0.7400043606758118,0.6964812278747559,0.14825838804244995,-0.00023384940868709236,0.033353470265865326,10x_human_lymph_node_A1
wo_Reconstruction,42,115,0.7412899732589722,0.6986103653907776,0.14745567739009857,-0.0006510301027446985,0.03349646180868149,10x_human_lymph_node_A1
wo_Reconstruction,42,116,0.7430946826934814,0.6985669136047363,0.14807507395744324,0.001104887225665152,0.03192596882581711,10x_human_lymph_node_A1
wo_Reconstruction,42,117,0.7445523738861084,0.7016453146934509,0.14902204275131226,-0.0006582562928088009,0.03295804560184479,10x_human_lymph_node_A1
wo_Reconstruction,42,118,0.7461949586868286,0.7016955614089966,0.1482120305299759,0.0010603985283523798,0.0330338291823864,10x_human_lymph_node_A1
wo_Reconstruction,42,119,0.7428749203681946,0.6991434693336487,0.1503332406282425,-0.0011566051980480552,0.03164137154817581,10x_human_lymph_node_A1
wo_Reconstruction,42,120,0.7364259958267212,0.6964908838272095,0.14376184344291687,0.003317194990813732,0.032641276717185974,10x_human_lymph_node_A1
wo_Reconstruction,42,121,0.7203022837638855,0.6728825569152832,0.1514846831560135,-0.0043270341120660305,0.033788733184337616,10x_human_lymph_node_A1
wo_Reconstruction,42,122,0.7379342317581177,0.6952431201934814,0.14687924087047577,0.00016630736354272813,0.03324785828590393,10x_human_lymph_node_A1
wo_Reconstruction,42,123,0.7408562898635864,0.7011021971702576,0.14868424832820892,-0.0005690088728442788,0.03521479293704033,10x_human_lymph_node_A1
wo_Reconstruction,42,124,0.7401833534240723,0.7018144726753235,0.15030990540981293,-0.00038040807703509927,0.03398092836141586,10x_human_lymph_node_A1
wo_Reconstruction,42,125,0.7373880743980408,0.700648844242096,0.14777950942516327,0.0005472290795296431,0.031628090888261795,10x_human_lymph_node_A1
wo_Reconstruction,42,126,0.7400842308998108,0.703047513961792,0.15091358125209808,-0.00021607977396342903,0.03317401930689812,10x_human_lymph_node_A1
wo_Reconstruction,42,127,0.7457041144371033,0.708491861820221,0.14855946600437164,-0.00012947442883159965,0.03558799996972084,10x_human_lymph_node_A1
wo_Reconstruction,42,128,0.7478576302528381,0.7121068835258484,0.1483805775642395,-0.0003190716670360416,0.035954222083091736,10x_human_lymph_node_A1
wo_Reconstruction,42,129,0.7463453412055969,0.7101196646690369,0.14942926168441772,-0.0010342977475374937,0.03632134571671486,10x_human_lymph_node_A1
wo_Reconstruction,42,130,0.7463937997817993,0.7090873718261719,0.14787812530994415,0.0009044879698194563,0.0350169911980629,10x_human_lymph_node_A1
wo_Reconstruction,42,131,0.7524117827415466,0.7141452431678772,0.14935769140720367,-0.0006993253482505679,0.034435585141181946,10x_human_lymph_node_A1
wo_Reconstruction,42,132,0.7517404556274414,0.7158867716789246,0.14870116114616394,0.00043055438436567783,0.03624102100729942,10x_human_lymph_node_A1
wo_Reconstruction,42,133,0.7553813457489014,0.7165091633796692,0.1493919938802719,0.0012945277849212289,0.03565513715147972,10x_human_lymph_node_A1
wo_Reconstruction,42,134,0.7535150051116943,0.7136789560317993,0.14920204877853394,-0.0002591031661722809,0.03382735326886177,10x_human_lymph_node_A1
wo_Reconstruction,42,135,0.7561615109443665,0.7186310887336731,0.14838890731334686,0.0024189262185245752,0.03459033742547035,10x_human_lymph_node_A1
wo_Reconstruction,42,136,0.7608708739280701,0.721184253692627,0.14939998090267181,0.0009803742868825793,0.035417236387729645,10x_human_lymph_node_A1
wo_Reconstruction,42,137,0.7642557621002197,0.724475085735321,0.14980781078338623,1.66452991834376e-05,0.034904856234788895,10x_human_lymph_node_A1
wo_Reconstruction,42,138,0.7630950212478638,0.7247440814971924,0.14770281314849854,0.002360457554459572,0.03509523347020149,10x_human_lymph_node_A1
wo_Reconstruction,42,139,0.7635753154754639,0.7229482531547546,0.14949311316013336,0.0009634821326471865,0.03333573788404465,10x_human_lymph_node_A1
wo_Reconstruction,42,140,0.7681807279586792,0.7273846864700317,0.14809589087963104,0.0015512827085331082,0.034105345606803894,10x_human_lymph_node_A1
wo_Reconstruction,42,141,0.7689255475997925,0.7277488708496094,0.14979057013988495,0.0002994062379002571,0.035055793821811676,10x_human_lymph_node_A1
wo_Reconstruction,42,142,0.7691948413848877,0.7312674522399902,0.1486339420080185,0.001194092445075512,0.035690341144800186,10x_human_lymph_node_A1
wo_Reconstruction,42,143,0.7731390595436096,0.7329645156860352,0.14898057281970978,0.0007093516760505736,0.03489634022116661,10x_human_lymph_node_A1
wo_Reconstruction,42,144,0.7749195694923401,0.7334555387496948,0.14916154742240906,0.0004390174290165305,0.03383437544107437,10x_human_lymph_node_A1
wo_Reconstruction,42,145,0.7757331728935242,0.735456109046936,0.14892150461673737,0.0007346104248426855,0.03484826534986496,10x_human_lymph_node_A1
wo_Reconstruction,42,146,0.7768913507461548,0.7364108562469482,0.14827576279640198,0.0016205823048949242,0.03618042543530464,10x_human_lymph_node_A1
wo_Reconstruction,42,147,0.7789191007614136,0.7351080775260925,0.1489902138710022,0.0007209244649857283,0.033810991793870926,10x_human_lymph_node_A1
wo_Reconstruction,42,148,0.7778323292732239,0.7357848882675171,0.14965268969535828,0.0008002449758350849,0.03520708158612251,10x_human_lymph_node_A1
wo_Reconstruction,42,149,0.7792789340019226,0.7373465895652771,0.14822956919670105,0.0012119830353185534,0.033440396189689636,10x_human_lymph_node_A1
wo_Reconstruction,42,150,0.7699185609817505,0.7284318804740906,0.14894376695156097,-0.0015312741743400693,0.035451315343379974,10x_human_lymph_node_A1
Frozen_Encoder_DEC_Only,42,1,0.307155966758728,0.2379937320947647,0.15546000003814697,0.001105286879464984,0.012722313404083252,10x_human_lymph_node_A1
Frozen_Encoder_DEC_Only,42,2,0.3071223199367523,0.23576262593269348,0.15598075091838837,0.00015706446720287204,0.01236742828041315,10x_human_lymph_node_A1
Frozen_Encoder_DEC_Only,42,3,0.30662310123443604,0.2362987995147705,0.1555071324110031,0.00043798013939522207,0.013126491568982601,10x_human_lymph_node_A1
Frozen_Encoder_DEC_Only,42,4,0.30631905794143677,0.23406760394573212,0.15650098025798798,0.0005240998580120504,0.012451358139514923,10x_human_lymph_node_A1
Frozen_Encoder_DEC_Only,42,5,0.30633652210235596,0.2365797609090805,0.1546212136745453,0.0002469247265253216,0.01221147645264864,10x_human_lymph_node_A1
Frozen_Encoder_DEC_Only,42,6,0.3069043755531311,0.2364814281463623,0.1555686593055725,-0.0002214382984675467,0.012544437311589718,10x_human_lymph_node_A1
Frozen_Encoder_DEC_Only,42,7,0.3066624104976654,0.2378033995628357,0.15497343242168427,0.0012422854779288173,0.0128706693649292,10x_human_lymph_node_A1
Frozen_Encoder_DEC_Only,42,8,0.3067481219768524,0.23524901270866394,0.1563275009393692,0.0007448738324455917,0.012398182414472103,10x_human_lymph_node_A1
Frozen_Encoder_DEC_Only,42,9,0.307073175907135,0.2371681183576584,0.15510721504688263,0.0011613845126703382,0.011840072460472584,10x_human_lymph_node_A1
Frozen_Encoder_DEC_Only,42,10,0.3068971633911133,0.2338218241930008,0.15654228627681732,0.0003215167671442032,0.012595495209097862,10x_human_lymph_node_A1
Frozen_Encoder_DEC_Only,42,11,0.3059823215007782,0.23472394049167633,0.15554620325565338,0.0007471887511201203,0.012328417040407658,10x_human_lymph_node_A1
Frozen_Encoder_DEC_Only,42,12,0.3064291477203369,0.23479141294956207,0.15516170859336853,0.0009305318235419691,0.012361344881355762,10x_human_lymph_node_A1
Frozen_Encoder_DEC_Only,42,13,0.30622002482414246,0.23467937111854553,0.15565848350524902,0.00041569251334294677,0.012530146166682243,10x_human_lymph_node_A1
Frozen_Encoder_DEC_Only,42,14,0.3066370487213135,0.23496095836162567,0.15516912937164307,0.0007164264679886401,0.012405500747263432,10x_human_lymph_node_A1
Frozen_Encoder_DEC_Only,42,15,0.30657538771629333,0.2358434498310089,0.15522879362106323,0.0013430319959297776,0.012309901416301727,10x_human_lymph_node_A1
Frozen_Encoder_DEC_Only,42,16,0.30607256293296814,0.23474499583244324,0.15588797628879547,0.0024015912786126137,0.012433892115950584,10x_human_lymph_node_A1
Frozen_Encoder_DEC_Only,42,17,0.307123601436615,0.2348734438419342,0.1562408208847046,0.0007806210196577013,0.01307435892522335,10x_human_lymph_node_A1
Frozen_Encoder_DEC_Only,42,18,0.30642956495285034,0.23506835103034973,0.1560278981924057,0.0010897667380049825,0.012625880539417267,10x_human_lymph_node_A1
Frozen_Encoder_DEC_Only,42,19,0.30612409114837646,0.23521652817726135,0.1549820452928543,0.0010701013961806893,0.012523905374109745,10x_human_lymph_node_A1
Frozen_Encoder_DEC_Only,42,20,0.3065282106399536,0.23551170527935028,0.15484203398227692,0.0009619715856388211,0.013003530912101269,10x_human_lymph_node_A1
Frozen_Encoder_DEC_Only,42,21,0.30648836493492126,0.23520366847515106,0.15525710582733154,0.0005342817748896778,0.013420328497886658,10x_human_lymph_node_A1
Frozen_Encoder_DEC_Only,42,22,0.30703437328338623,0.2337125539779663,0.1564507782459259,1.6537927876925096e-05,0.013261805288493633,10x_human_lymph_node_A1
Frozen_Encoder_DEC_Only,42,23,0.3061336576938629,0.23360733687877655,0.15524382889270782,0.0008952721836976707,0.012518108822405338,10x_human_lymph_node_A1
Frozen_Encoder_DEC_Only,42,24,0.3062919080257416,0.235331729054451,0.15473981201648712,-1.7951195331988856e-05,0.012822798453271389,10x_human_lymph_node_A1
Frozen_Encoder_DEC_Only,42,25,0.30585309863090515,0.23476412892341614,0.15401411056518555,0.0007299021817743778,0.012761740945279598,10x_human_lymph_node_A1
Frozen_Encoder_DEC_Only,42,26,0.3061702847480774,0.233530655503273,0.15637056529521942,0.00028150665457360446,0.012621674686670303,10x_human_lymph_node_A1
Frozen_Encoder_DEC_Only,42,27,0.3062473237514496,0.23560480773448944,0.15457980334758759,0.0009454591199755669,0.012392736040055752,10x_human_lymph_node_A1
Frozen_Encoder_DEC_Only,42,28,0.3063484728336334,0.23413212597370148,0.15530936419963837,0.001592080807313323,0.013563011772930622,10x_human_lymph_node_A1
Frozen_Encoder_DEC_Only,42,29,0.3058699369430542,0.23292897641658783,0.1548827588558197,0.0007705443422310054,0.012879221700131893,10x_human_lymph_node_A1
Frozen_Encoder_DEC_Only,42,30,0.3059449791908264,0.2335718870162964,0.15485835075378418,-0.0012190536363050342,0.013286121189594269,10x_human_lymph_node_A1
Frozen_Encoder_DEC_Only,42,31,0.3059874475002289,0.23410570621490479,0.15474684536457062,0.0015285598346963525,0.013848932459950447,10x_human_lymph_node_A1
Frozen_Encoder_DEC_Only,42,32,0.30605262517929077,0.23297256231307983,0.15524522960186005,0.0003958640736527741,0.013992978259921074,10x_human_lymph_node_A1
Frozen_Encoder_DEC_Only,42,33,0.3060861825942993,0.2330440729856491,0.15545232594013214,0.0006944407941773534,0.013677229173481464,10x_human_lymph_node_A1
Frozen_Encoder_DEC_Only,42,34,0.30560246109962463,0.23396044969558716,0.15408524870872498,0.0014379103668034077,0.014644904993474483,10x_human_lymph_node_A1
Frozen_Encoder_DEC_Only,42,35,0.3061527609825134,0.23360155522823334,0.15526363253593445,0.00121863663662225,0.013800883665680885,10x_human_lymph_node_A1
Frozen_Encoder_DEC_Only,42,36,0.30578693747520447,0.23213128745555878,0.15491195023059845,0.0018952555255964398,0.014058835804462433,10x_human_lymph_node_A1
Frozen_Encoder_DEC_Only,42,37,0.3053666651248932,0.23192495107650757,0.1546488106250763,0.001336555345915258,0.013090639375150204,10x_human_lymph_node_A1
Frozen_Encoder_DEC_Only,42,38,0.3063757121562958,0.23106631636619568,0.15697847306728363,0.0010411605471745133,0.013411305844783783,10x_human_lymph_node_A1
Frozen_Encoder_DEC_Only,42,39,0.3060479760169983,0.23295657336711884,0.15512031316757202,0.0014918288215994835,0.013573446311056614,10x_human_lymph_node_A1
Frozen_Encoder_DEC_Only,42,40,0.3056829869747162,0.23204869031906128,0.15552657842636108,0.0026488075964152813,0.013485527597367764,10x_human_lymph_node_A1
Frozen_Encoder_DEC_Only,42,41,0.3061942160129547,0.23388725519180298,0.1551222801208496,0.0020890652667731047,0.013490165583789349,10x_human_lymph_node_A1
Frozen_Encoder_DEC_Only,42,42,0.3055495619773865,0.23145291209220886,0.15508143603801727,0.0017031952738761902,0.013888491317629814,10x_human_lymph_node_A1
Frozen_Encoder_DEC_Only,42,43,0.30572038888931274,0.23230323195457458,0.15593816339969635,0.0025862292386591434,0.013930301181972027,10x_human_lymph_node_A1
Frozen_Encoder_DEC_Only,42,44,0.3050036132335663,0.23157399892807007,0.15452034771442413,0.0022503426298499107,0.01307515799999237,10x_human_lymph_node_A1
Frozen_Encoder_DEC_Only,42,45,0.3055906891822815,0.23154734075069427,0.15486669540405273,0.00011150544014526531,0.013858663849532604,10x_human_lymph_node_A1
Frozen_Encoder_DEC_Only,42,46,0.3056744933128357,0.2338344007730484,0.1540469527244568,0.0006590833654627204,0.013945287093520164,10x_human_lymph_node_A1
Frozen_Encoder_DEC_Only,42,47,0.30638206005096436,0.23181115090847015,0.1555926650762558,0.002269658027216792,0.013351705856621265,10x_human_lymph_node_A1
Frozen_Encoder_DEC_Only,42,48,0.3049727976322174,0.2297188639640808,0.15547004342079163,0.0031087433453649282,0.013760995119810104,10x_human_lymph_node_A1
Frozen_Encoder_DEC_Only,42,49,0.3050024211406708,0.2303466647863388,0.1547439843416214,0.0019702715799212456,0.015122096054255962,10x_human_lymph_node_A1
Frozen_Encoder_DEC_Only,42,50,0.30519330501556396,0.2293597161769867,0.1553931087255478,0.0010892271529883146,0.01374451257288456,10x_human_lymph_node_A1
Frozen_Encoder_DEC_Only,42,51,0.3055984675884247,0.23375633358955383,0.15392912924289703,0.0015316259814426303,0.01418105699121952,10x_human_lymph_node_A1
Frozen_Encoder_DEC_Only,42,52,0.3056213855743408,0.23011839389801025,0.15592119097709656,0.0016142972745001316,0.014102913439273834,10x_human_lymph_node_A1
Frozen_Encoder_DEC_Only,42,53,0.30517977476119995,0.23118922114372253,0.15438015758991241,0.001211637514643371,0.01425895281136036,10x_human_lymph_node_A1
Frozen_Encoder_DEC_Only,42,54,0.3058209717273712,0.23206201195716858,0.15467765927314758,0.002153814071789384,0.014245081692934036,10x_human_lymph_node_A1
Frozen_Encoder_DEC_Only,42,55,0.3047891855239868,0.23048469424247742,0.1545240581035614,0.0019079713383689523,0.014015769585967064,10x_human_lymph_node_A1
Frozen_Encoder_DEC_Only,42,56,0.30412179231643677,0.2291809320449829,0.15513721108436584,0.001889810198917985,0.014085889793932438,10x_human_lymph_node_A1
Frozen_Encoder_DEC_Only,42,57,0.3049605190753937,0.2300024777650833,0.15481069684028625,0.0014863553224131465,0.014059938490390778,10x_human_lymph_node_A1
Frozen_Encoder_DEC_Only,42,58,0.3045462369918823,0.2285081297159195,0.15502390265464783,0.001711095916107297,0.014267012476921082,10x_human_lymph_node_A1
Frozen_Encoder_DEC_Only,42,59,0.3053353428840637,0.23132944107055664,0.1551353931427002,0.00197980715893209,0.013610165566205978,10x_human_lymph_node_A1
Frozen_Encoder_DEC_Only,42,60,0.3049902617931366,0.23142285645008087,0.15483145415782928,0.0011769876582548022,0.013664346188306808,10x_human_lymph_node_A1
Frozen_Encoder_DEC_Only,42,61,0.30483710765838623,0.2289668470621109,0.15455256402492523,0.0017200526781380177,0.014167966321110725,10x_human_lymph_node_A1
Frozen_Encoder_DEC_Only,42,62,0.30467453598976135,0.23009143769741058,0.15517552196979523,0.0024892743676900864,0.014824187383055687,10x_human_lymph_node_A1
Frozen_Encoder_DEC_Only,42,63,0.3045061528682709,0.22864659130573273,0.15514859557151794,0.002427134895697236,0.014665942639112473,10x_human_lymph_node_A1
Frozen_Encoder_DEC_Only,42,64,0.305165559053421,0.22934390604496002,0.15493391454219818,0.002523329108953476,0.013731375336647034,10x_human_lymph_node_A1
Frozen_Encoder_DEC_Only,42,65,0.3036263585090637,0.2266080528497696,0.1550779789686203,0.0018648200202733278,0.013713497668504715,10x_human_lymph_node_A1
Frozen_Encoder_DEC_Only,42,66,0.30495864152908325,0.22911423444747925,0.155745267868042,0.002153954701498151,0.014277228154242039,10x_human_lymph_node_A1
Frozen_Encoder_DEC_Only,42,67,0.30489373207092285,0.23008981347084045,0.15496602654457092,0.0009505680063739419,0.014403598383069038,10x_human_lymph_node_A1
Frozen_Encoder_DEC_Only,42,68,0.30460888147354126,0.22845202684402466,0.15489016473293304,0.0012016691034659743,0.013644672930240631,10x_human_lymph_node_A1
Frozen_Encoder_DEC_Only,42,69,0.3046782612800598,0.2281259447336197,0.1550363451242447,0.0025489667896181345,0.01382608525454998,10x_human_lymph_node_A1
Frozen_Encoder_DEC_Only,42,70,0.3041427433490753,0.2275903820991516,0.15533779561519623,0.0013868184760212898,0.013177726417779922,10x_human_lymph_node_A1
Frozen_Encoder_DEC_Only,42,71,0.3042987883090973,0.23003418743610382,0.15465646982192993,0.0027057251427322626,0.013447241857647896,10x_human_lymph_node_A1
Frozen_Encoder_DEC_Only,42,72,0.30424532294273376,0.2263980358839035,0.15600259602069855,0.001910563325509429,0.013419335708022118,10x_human_lymph_node_A1
Frozen_Encoder_DEC_Only,42,73,0.3042696714401245,0.22793981432914734,0.15457205474376678,0.0023770665284246206,0.012960348278284073,10x_human_lymph_node_A1
Frozen_Encoder_DEC_Only,42,74,0.3046947419643402,0.22817492485046387,0.15538272261619568,0.0020163902081549168,0.014324389398097992,10x_human_lymph_node_A1
Frozen_Encoder_DEC_Only,42,75,0.30463287234306335,0.22716496884822845,0.15552455186843872,0.000906019879039377,0.014199831523001194,10x_human_lymph_node_A1
Frozen_Encoder_DEC_Only,42,76,0.30472445487976074,0.22795705497264862,0.15522529184818268,0.0013670868938788772,0.013835296034812927,10x_human_lymph_node_A1
Frozen_Encoder_DEC_Only,42,77,0.30429163575172424,0.22965332865715027,0.15421098470687866,0.0015671263681724668,0.014631948433816433,10x_human_lymph_node_A1
Frozen_Encoder_DEC_Only,42,78,0.3044060468673706,0.22698824107646942,0.1553480625152588,0.0005205759080126882,0.01480157021433115,10x_human_lymph_node_A1
Frozen_Encoder_DEC_Only,42,79,0.3039577305316925,0.2271181344985962,0.15452824532985687,0.001518430421128869,0.014488265849649906,10x_human_lymph_node_A1
Frozen_Encoder_DEC_Only,42,80,0.30357232689857483,0.22680358588695526,0.1542174071073532,0.002582925371825695,0.013725655153393745,10x_human_lymph_node_A1
Frozen_Encoder_DEC_Only,42,81,0.30363041162490845,0.22753320634365082,0.15402419865131378,0.000689804321154952,0.013735772110521793,10x_human_lymph_node_A1
Frozen_Encoder_DEC_Only,42,82,0.30342286825180054,0.22316808998584747,0.15571154654026031,0.0017534876242280006,0.013050182722508907,10x_human_lymph_node_A1
Frozen_Encoder_DEC_Only,42,83,0.3032030463218689,0.2250048667192459,0.15469890832901,0.0012892349623143673,0.01409139297902584,10x_human_lymph_node_A1
Frozen_Encoder_DEC_Only,42,84,0.3035423755645752,0.22458894550800323,0.15628132224082947,0.0013647136511281133,0.013045300729572773,10x_human_lymph_node_A1
Frozen_Encoder_DEC_Only,42,85,0.3030647337436676,0.2254284918308258,0.1545262336730957,0.0008441117824986577,0.013850011862814426,10x_human_lymph_node_A1
Frozen_Encoder_DEC_Only,42,86,0.30345237255096436,0.22557204961776733,0.15458019077777863,0.0016725172754377127,0.013803034089505672,10x_human_lymph_node_A1
Frozen_Encoder_DEC_Only,42,87,0.3035127520561218,0.22491717338562012,0.1545369178056717,0.0006130404071882367,0.014086839742958546,10x_human_lymph_node_A1
Frozen_Encoder_DEC_Only,42,88,0.30339720845222473,0.22322115302085876,0.15581168234348297,0.0009062399622052908,0.013329529203474522,10x_human_lymph_node_A1
Frozen_Encoder_DEC_Only,42,89,0.3029824495315552,0.22380132973194122,0.15480178594589233,0.00043286316213198006,0.013843929395079613,10x_human_lymph_node_A1
Frozen_Encoder_DEC_Only,42,90,0.3033290505409241,0.22434499859809875,0.15467265248298645,0.0006766820442862809,0.013407383114099503,10x_human_lymph_node_A1
Frozen_Encoder_DEC_Only,42,91,0.30248886346817017,0.2248374968767166,0.15296445786952972,0.00041817029705271125,0.01316717080771923,10x_human_lymph_node_A1
Frozen_Encoder_DEC_Only,42,92,0.302975058555603,0.22358371317386627,0.15491147339344025,0.0012871137587353587,0.01366938091814518,10x_human_lymph_node_A1
Frozen_Encoder_DEC_Only,42,93,0.3027867078781128,0.22459840774536133,0.1540752351284027,0.0006739866221323609,0.013672319240868092,10x_human_lymph_node_A1
Frozen_Encoder_DEC_Only,42,94,0.3023827373981476,0.22293752431869507,0.15360774099826813,0.0006625753594562411,0.014364367350935936,10x_human_lymph_node_A1
Frozen_Encoder_DEC_Only,42,95,0.3026445806026459,0.2242216318845749,0.1548909693956375,0.0016235160874202847,0.013573658652603626,10x_human_lymph_node_A1
Frozen_Encoder_DEC_Only,42,96,0.30236732959747314,0.22296425700187683,0.15446002781391144,0.0013330753426998854,0.013015278615057468,10x_human_lymph_node_A1
Frozen_Encoder_DEC_Only,42,97,0.30290982127189636,0.22257588803768158,0.15543751418590546,0.0010380244348198175,0.013744818046689034,10x_human_lymph_node_A1
Frozen_Encoder_DEC_Only,42,98,0.302156925201416,0.22285233438014984,0.15419141948223114,0.0005577742704190314,0.013950517401099205,10x_human_lymph_node_A1
Frozen_Encoder_DEC_Only,42,99,0.3022642731666565,0.22194437682628632,0.15493831038475037,0.0015710297739133239,0.013128506019711494,10x_human_lymph_node_A1
Frozen_Encoder_DEC_Only,42,100,0.3020681142807007,0.22222235798835754,0.15437334775924683,0.0008682665647938848,0.01352699100971222,10x_human_lymph_node_A1
Frozen_Encoder_DEC_Only,42,101,0.3020482659339905,0.22217217087745667,0.15405592322349548,0.0009459934663027525,0.014026721008121967,10x_human_lymph_node_A1
Frozen_Encoder_DEC_Only,42,102,0.3017807602882385,0.2214111089706421,0.15421906113624573,0.0005549176130443811,0.013604488223791122,10x_human_lymph_node_A1
Frozen_Encoder_DEC_Only,42,103,0.3014603555202484,0.22122150659561157,0.1532493233680725,-0.00035196056705899537,0.014487877488136292,10x_human_lymph_node_A1
Frozen_Encoder_DEC_Only,42,104,0.30261489748954773,0.22203640639781952,0.1553899645805359,0.0008219779119826853,0.013219215907156467,10x_human_lymph_node_A1
Frozen_Encoder_DEC_Only,42,105,0.3019430339336395,0.2200704962015152,0.15516053140163422,0.000281090586213395,0.013242482207715511,10x_human_lymph_node_A1
Frozen_Encoder_DEC_Only,42,106,0.30168116092681885,0.2212790697813034,0.15396377444267273,0.00035701540764421225,0.013616276904940605,10x_human_lymph_node_A1
Frozen_Encoder_DEC_Only,42,107,0.30242887139320374,0.22287262976169586,0.15477152168750763,0.000925897853448987,0.0135783227160573,10x_human_lymph_node_A1
Frozen_Encoder_DEC_Only,42,108,0.3019302785396576,0.22362969815731049,0.1538916975259781,0.0020049188751727343,0.013981733471155167,10x_human_lymph_node_A1
Frozen_Encoder_DEC_Only,42,109,0.3022305965423584,0.22169770300388336,0.1544172316789627,0.00023119430989027023,0.01528617087751627,10x_human_lymph_node_A1
Frozen_Encoder_DEC_Only,42,110,0.30168136954307556,0.2212459295988083,0.1545541137456894,0.0002979298878926784,0.0142384497448802,10x_human_lymph_node_A1
Frozen_Encoder_DEC_Only,42,111,0.3017478883266449,0.22104938328266144,0.15471896529197693,0.0010427223751321435,0.013452406972646713,10x_human_lymph_node_A1
Frozen_Encoder_DEC_Only,42,112,0.30167028307914734,0.22139514982700348,0.15388701856136322,0.001143061206676066,0.014256679452955723,10x_human_lymph_node_A1
Frozen_Encoder_DEC_Only,42,113,0.3026708960533142,0.22249875962734222,0.1547984778881073,0.00039529745117761195,0.014542174525558949,10x_human_lymph_node_A1
Frozen_Encoder_DEC_Only,42,114,0.3020952343940735,0.2197469174861908,0.1559532731771469,0.0006112492410466075,0.01376867014914751,10x_human_lymph_node_A1
Frozen_Encoder_DEC_Only,42,115,0.30158209800720215,0.22099916636943817,0.15425531566143036,0.001093812519684434,0.01248916331678629,10x_human_lymph_node_A1
Frozen_Encoder_DEC_Only,42,116,0.3015856444835663,0.22100132703781128,0.15399688482284546,-0.0003309785097371787,0.014547404833137989,10x_human_lymph_node_A1
Frozen_Encoder_DEC_Only,42,117,0.30145004391670227,0.22111015021800995,0.15398386120796204,0.00088302738731727,0.014498014934360981,10x_human_lymph_node_A1
Frozen_Encoder_DEC_Only,42,118,0.30142438411712646,0.2208649218082428,0.15410616993904114,-0.0006843833834864199,0.013304093852639198,10x_human_lymph_node_A1
Frozen_Encoder_DEC_Only,42,119,0.301254540681839,0.220213383436203,0.15451109409332275,-0.0001014242516248487,0.013388538733124733,10x_human_lymph_node_A1
Frozen_Encoder_DEC_Only,42,120,0.3000895380973816,0.2188846617937088,0.15337546169757843,-0.00021917633421253413,0.014521113596856594,10x_human_lymph_node_A1
Frozen_Encoder_DEC_Only,42,121,0.3006260395050049,0.2200482338666916,0.15380656719207764,-0.00020045583369210362,0.015379579737782478,10x_human_lymph_node_A1
Frozen_Encoder_DEC_Only,42,122,0.3007999360561371,0.21898505091667175,0.15324042737483978,-0.0003236144839320332,0.013672654516994953,10x_human_lymph_node_A1
Frozen_Encoder_DEC_Only,42,123,0.3013547360897064,0.21920670568943024,0.15519407391548157,0.0010984938126057386,0.01365402340888977,10x_human_lymph_node_A1
Frozen_Encoder_DEC_Only,42,124,0.3010425567626953,0.2191295325756073,0.15408125519752502,0.001150001073256135,0.013873815536499023,10x_human_lymph_node_A1
Frozen_Encoder_DEC_Only,42,125,0.3004879057407379,0.21827633678913116,0.15389688313007355,-2.9966697184136137e-05,0.014873296953737736,10x_human_lymph_node_A1
Frozen_Encoder_DEC_Only,42,126,0.30140939354896545,0.21858981251716614,0.15494100749492645,0.00010432304407004267,0.014835162088274956,10x_human_lymph_node_A1
Frozen_Encoder_DEC_Only,42,127,0.3009074330329895,0.2173997312784195,0.1555485874414444,0.0007254458614625037,0.014246424660086632,10x_human_lymph_node_A1
Frozen_Encoder_DEC_Only,42,128,0.3009083569049835,0.21645687520503998,0.1549583077430725,0.00033068368793465197,0.014154802076518536,10x_human_lymph_node_A1
Frozen_Encoder_DEC_Only,42,129,0.30029556155204773,0.218525692820549,0.15403272211551666,0.001816299743950367,0.014130750671029091,10x_human_lymph_node_A1
Frozen_Encoder_DEC_Only,42,130,0.3008679449558258,0.21819330751895905,0.15360456705093384,8.191868255380541e-05,0.014681247994303703,10x_human_lymph_node_A1
Frozen_Encoder_DEC_Only,42,131,0.3000921905040741,0.21788275241851807,0.1537427455186844,0.00022080338385421783,0.013659526593983173,10x_human_lymph_node_A1
Frozen_Encoder_DEC_Only,42,132,0.30056464672088623,0.21766993403434753,0.15376275777816772,-0.00028535802266560495,0.014196590520441532,10x_human_lymph_node_A1
Frozen_Encoder_DEC_Only,42,133,0.30003032088279724,0.21846738457679749,0.15304972231388092,0.001184851978905499,0.01453076396137476,10x_human_lymph_node_A1
Frozen_Encoder_DEC_Only,42,134,0.30052050948143005,0.2184949517250061,0.15333344042301178,0.001727562164887786,0.014583569020032883,10x_human_lymph_node_A1
Frozen_Encoder_DEC_Only,42,135,0.30063122510910034,0.2162642925977707,0.15488699078559875,-0.001267390907742083,0.01508796215057373,10x_human_lymph_node_A1
Frozen_Encoder_DEC_Only,42,136,0.30025339126586914,0.2185179591178894,0.15292556583881378,-0.000742326257750392,0.015257565304636955,10x_human_lymph_node_A1
Frozen_Encoder_DEC_Only,42,137,0.3002682626247406,0.21721844375133514,0.15475201606750488,0.0005483824643306434,0.01388865988701582,10x_human_lymph_node_A1
Frozen_Encoder_DEC_Only,42,138,0.30019688606262207,0.21849706768989563,0.15283161401748657,0.00014553223445545882,0.014566461555659771,10x_human_lymph_node_A1
Frozen_Encoder_DEC_Only,42,139,0.299858421087265,0.2164766490459442,0.15370211005210876,0.0016885612858459353,0.013420085422694683,10x_human_lymph_node_A1
Frozen_Encoder_DEC_Only,42,140,0.30030640959739685,0.2151918113231659,0.15463103353977203,0.0011272463016211987,0.014272477477788925,10x_human_lymph_node_A1
Frozen_Encoder_DEC_Only,42,141,0.3000836670398712,0.2178388237953186,0.15357409417629242,-0.00045662838965654373,0.014635116793215275,10x_human_lymph_node_A1
Frozen_Encoder_DEC_Only,42,142,0.299662321805954,0.21594946086406708,0.15378831326961517,0.00039918319089338183,0.014095677994191647,10x_human_lymph_node_A1
Frozen_Encoder_DEC_Only,42,143,0.29950734972953796,0.2181187868118286,0.15250790119171143,-0.00018984975758939981,0.01569058559834957,10x_human_lymph_node_A1
Frozen_Encoder_DEC_Only,42,144,0.3000466525554657,0.2177143692970276,0.15366029739379883,0.0009784589055925608,0.015450304374098778,10x_human_lymph_node_A1
Frozen_Encoder_DEC_Only,42,145,0.2996275722980499,0.2160923033952713,0.15432214736938477,0.0012429365888237953,0.014230822212994099,10x_human_lymph_node_A1
Frozen_Encoder_DEC_Only,42,146,0.3006967306137085,0.21931220591068268,0.15401721000671387,0.0015973951667547226,0.014971554279327393,10x_human_lymph_node_A1
Frozen_Encoder_DEC_Only,42,147,0.29945382475852966,0.21549470722675323,0.15320762991905212,0.00037089266697876155,0.014712040312588215,10x_human_lymph_node_A1
Frozen_Encoder_DEC_Only,42,148,0.2997424602508545,0.21782217919826508,0.1530664712190628,0.0008793386514298618,0.014739411883056164,10x_human_lymph_node_A1
Frozen_Encoder_DEC_Only,42,149,0.2998971939086914,0.21718212962150574,0.15306922793388367,-0.00019716122187674046,0.015538553707301617,10x_human_lymph_node_A1
Frozen_Encoder_DEC_Only,42,150,0.2999357283115387,0.21654534339904785,0.15407972037792206,0.0011390461586415768,0.014487111940979958,10x_human_lymph_node_A1
Full_ARISE_v2,42,1,0.28990939259529114,0.2763954699039459,0.141233891248703,-0.054997436702251434,0.06206906959414482,10x_human_lymph_node_D1
Full_ARISE_v2,42,2,0.29399123787879944,0.2821122109889984,0.1408807635307312,-0.05453827232122421,0.06399208307266235,10x_human_lymph_node_D1
Full_ARISE_v2,42,3,0.30029913783073425,0.29056328535079956,0.1408224105834961,-0.055205002427101135,0.0670541450381279,10x_human_lymph_node_D1
Full_ARISE_v2,42,4,0.30744853615760803,0.30018147826194763,0.1411573588848114,-0.055635567754507065,0.07020721584558487,10x_human_lymph_node_D1
Full_ARISE_v2,42,5,0.3154113292694092,0.31210821866989136,0.14002324640750885,-0.05685090646147728,0.07244822382926941,10x_human_lymph_node_D1
Full_ARISE_v2,42,6,0.32325053215026855,0.3251895606517792,0.13852117955684662,-0.054993610829114914,0.07680702954530716,10x_human_lymph_node_D1
Full_ARISE_v2,42,7,0.33200541138648987,0.33849862217903137,0.13711516559123993,-0.05276515707373619,0.08075357973575592,10x_human_lymph_node_D1
Full_ARISE_v2,42,8,0.34118348360061646,0.35068586468696594,0.13565467298030853,-0.052649058401584625,0.08430753648281097,10x_human_lymph_node_D1
Full_ARISE_v2,42,9,0.3504791259765625,0.3616683781147003,0.13415014743804932,-0.050949301570653915,0.0867314264178276,10x_human_lymph_node_D1
Full_ARISE_v2,42,10,0.35933640599250793,0.37179383635520935,0.1329631358385086,-0.05048053339123726,0.08926177769899368,10x_human_lymph_node_D1
Full_ARISE_v2,42,11,0.36873748898506165,0.38292616605758667,0.13191235065460205,-0.05026599019765854,0.090864397585392,10x_human_lymph_node_D1
Full_ARISE_v2,42,12,0.3778301179409027,0.3927309811115265,0.13103123009204865,-0.04964913800358772,0.0925045907497406,10x_human_lymph_node_D1
Full_ARISE_v2,42,13,0.38699546456336975,0.40393316745758057,0.12934674322605133,-0.049867477267980576,0.09413756430149078,10x_human_lymph_node_D1
Full_ARISE_v2,42,14,0.3960935175418854,0.4137260615825653,0.1282801628112793,-0.0498797781765461,0.09576267004013062,10x_human_lymph_node_D1
Full_ARISE_v2,42,15,0.4050854742527008,0.42550262808799744,0.12593300640583038,-0.049692362546920776,0.09655554592609406,10x_human_lymph_node_D1
Full_ARISE_v2,42,16,0.4136444330215454,0.4349648356437683,0.12488216906785965,-0.049778059124946594,0.09754984825849533,10x_human_lymph_node_D1
Full_ARISE_v2,42,17,0.4239426851272583,0.44687917828559875,0.12302348762750626,-0.050205569714307785,0.09954125434160233,10x_human_lymph_node_D1
Full_ARISE_v2,42,18,0.4332764148712158,0.4573773145675659,0.12135308235883713,-0.04919032007455826,0.10024317353963852,10x_human_lymph_node_D1
Full_ARISE_v2,42,19,0.4424673020839691,0.4660722613334656,0.11873667687177658,-0.049780793488025665,0.10130241513252258,10x_human_lymph_node_D1
Full_ARISE_v2,42,20,0.45209604501724243,0.47587937116622925,0.11800266057252884,-0.04839758947491646,0.10238010436296463,10x_human_lymph_node_D1
Full_ARISE_v2,42,21,0.4614676535129547,0.4841456115245819,0.11740738153457642,-0.04802187159657478,0.10322664678096771,10x_human_lymph_node_D1
Full_ARISE_v2,42,22,0.4710419774055481,0.4939540922641754,0.11665225028991699,-0.047515541315078735,0.10447157919406891,10x_human_lymph_node_D1
Full_ARISE_v2,42,23,0.4803400933742523,0.5025331974029541,0.11795727908611298,-0.04771117493510246,0.10552896559238434,10x_human_lymph_node_D1
Full_ARISE_v2,42,24,0.489054799079895,0.5102596282958984,0.1172383651137352,-0.04840464890003204,0.10781766474246979,10x_human_lymph_node_D1
Full_ARISE_v2,42,25,0.4973835051059723,0.5188691020011902,0.11665405333042145,-0.04709067568182945,0.10749003291130066,10x_human_lymph_node_D1
Full_ARISE_v2,42,26,0.5065528750419617,0.5267108678817749,0.11683357506990433,-0.0469929538667202,0.10850200057029724,10x_human_lymph_node_D1
Full_ARISE_v2,42,27,0.5143490433692932,0.5338547229766846,0.11337073892354965,-0.04594603553414345,0.1076103076338768,10x_human_lymph_node_D1
Full_ARISE_v2,42,28,0.5227093696594238,0.540659487247467,0.1159043237566948,-0.0461021289229393,0.10977677255868912,10x_human_lymph_node_D1
Full_ARISE_v2,42,29,0.5283236503601074,0.547210156917572,0.11212564259767532,-0.04368957504630089,0.10731962323188782,10x_human_lymph_node_D1
Full_ARISE_v2,42,30,0.5315666794776917,0.5490326285362244,0.11390738934278488,-0.046359289437532425,0.11072233319282532,10x_human_lymph_node_D1
Full_ARISE_v2,42,31,0.5378584265708923,0.5559596419334412,0.11204235255718231,-0.043459031730890274,0.10998667776584625,10x_human_lymph_node_D1
Full_ARISE_v2,42,32,0.5496315360069275,0.5665904879570007,0.11591370403766632,-0.0454656146466732,0.11304496973752975,10x_human_lymph_node_D1
Full_ARISE_v2,42,33,0.5530566573143005,0.5702465176582336,0.11479546129703522,-0.04576348140835762,0.11419210582971573,10x_human_lymph_node_D1
Full_ARISE_v2,42,34,0.5587069392204285,0.5758965015411377,0.11258921027183533,-0.042983248829841614,0.11459339410066605,10x_human_lymph_node_D1
Full_ARISE_v2,42,35,0.5669375061988831,0.5838030576705933,0.11230181902647018,-0.0441044420003891,0.11412431299686432,10x_human_lymph_node_D1
Full_ARISE_v2,42,36,0.5704390406608582,0.5869382619857788,0.1145438700914383,-0.045675408095121384,0.11538315564393997,10x_human_lymph_node_D1
Full_ARISE_v2,42,37,0.5765520334243774,0.5921878814697266,0.11290010064840317,-0.04290498048067093,0.11458224058151245,10x_human_lymph_node_D1
Full_ARISE_v2,42,38,0.5837565064430237,0.5982769727706909,0.11294287443161011,-0.04364192485809326,0.11455988138914108,10x_human_lymph_node_D1
Full_ARISE_v2,42,39,0.5882264375686646,0.6038588285446167,0.11428357660770416,-0.04408573359251022,0.11624246090650558,10x_human_lymph_node_D1
Full_ARISE_v2,42,40,0.5944675803184509,0.6086479425430298,0.11253465712070465,-0.04296000674366951,0.11569801717996597,10x_human_lymph_node_D1
Full_ARISE_v2,42,41,0.6003292202949524,0.6136850714683533,0.11220438778400421,-0.04291114956140518,0.11448390781879425,10x_human_lymph_node_D1
Full_ARISE_v2,42,42,0.6054977178573608,0.618480384349823,0.11456363648176193,-0.0437171533703804,0.11550213396549225,10x_human_lymph_node_D1
Full_ARISE_v2,42,43,0.6109105348587036,0.6227189898490906,0.11210305988788605,-0.042257700115442276,0.11475861072540283,10x_human_lymph_node_D1
Full_ARISE_v2,42,44,0.6166548728942871,0.6276828646659851,0.11321387439966202,-0.04245563969016075,0.1139427125453949,10x_human_lymph_node_D1
Full_ARISE_v2,42,45,0.6213815808296204,0.6331619024276733,0.11349955946207047,-0.043162014335393906,0.11611553281545639,10x_human_lymph_node_D1
Full_ARISE_v2,42,46,0.6261326670646667,0.6366047859191895,0.11195417493581772,-0.0418134443461895,0.11435788124799728,10x_human_lymph_node_D1
Full_ARISE_v2,42,47,0.6325079798698425,0.6424498558044434,0.1124076396226883,-0.04201527684926987,0.11409049481153488,10x_human_lymph_node_D1
Full_ARISE_v2,42,48,0.6377102732658386,0.6467089653015137,0.11430427432060242,-0.04249739646911621,0.11480705440044403,10x_human_lymph_node_D1
Full_ARISE_v2,42,49,0.6412174105644226,0.6499959826469421,0.11264782398939133,-0.0403851680457592,0.11399196088314056,10x_human_lymph_node_D1
Full_ARISE_v2,42,50,0.6476908922195435,0.6559951305389404,0.11215592175722122,-0.04177280142903328,0.11467728763818741,10x_human_lymph_node_D1
Full_ARISE_v2,42,51,0.6512150168418884,0.6588094234466553,0.11240395158529282,-0.04023703932762146,0.11437610536813736,10x_human_lymph_node_D1
Full_ARISE_v2,42,52,0.655646800994873,0.6620447039604187,0.11258480697870255,-0.04034074395895004,0.11441729962825775,10x_human_lymph_node_D1
Full_ARISE_v2,42,53,0.6574097871780396,0.6637057662010193,0.11477314680814743,-0.04010850936174393,0.11409949511289597,10x_human_lymph_node_D1
Full_ARISE_v2,42,54,0.6608468890190125,0.6661944389343262,0.11299975216388702,-0.04006723687052727,0.11455760896205902,10x_human_lymph_node_D1
Full_ARISE_v2,42,55,0.6673091053962708,0.6728226542472839,0.11520648002624512,-0.039999138563871384,0.11511588096618652,10x_human_lymph_node_D1
Full_ARISE_v2,42,56,0.672597348690033,0.6779811382293701,0.1156136691570282,-0.039387475699186325,0.11371248215436935,10x_human_lymph_node_D1
Full_ARISE_v2,42,57,0.6752607226371765,0.6801108717918396,0.11301881819963455,-0.03945262357592583,0.11502721905708313,10x_human_lymph_node_D1
Full_ARISE_v2,42,58,0.6785818338394165,0.6828052997589111,0.11515893787145615,-0.03836784511804581,0.1144973561167717,10x_human_lymph_node_D1
Full_ARISE_v2,42,59,0.684309184551239,0.6880262494087219,0.11290512979030609,-0.038089316338300705,0.11268632858991623,10x_human_lymph_node_D1
Full_ARISE_v2,42,60,0.6875087022781372,0.690159797668457,0.11334746330976486,-0.03853117674589157,0.11477561295032501,10x_human_lymph_node_D1
Full_ARISE_v2,42,61,0.6908474564552307,0.6941530704498291,0.11259213835000992,-0.03793111816048622,0.11309846490621567,10x_human_lymph_node_D1
Full_ARISE_v2,42,62,0.6956011652946472,0.697857677936554,0.1149340346455574,-0.03826575726270676,0.11247783899307251,10x_human_lymph_node_D1
Full_ARISE_v2,42,63,0.6977985501289368,0.6996551156044006,0.1129816547036171,-0.037269409745931625,0.11293763667345047,10x_human_lymph_node_D1
Full_ARISE_v2,42,64,0.7023996114730835,0.7034957408905029,0.11593252420425415,-0.038476359099149704,0.11281251907348633,10x_human_lymph_node_D1
Full_ARISE_v2,42,65,0.7015690207481384,0.7032684683799744,0.1130465418100357,-0.03724994510412216,0.11062971502542496,10x_human_lymph_node_D1
Full_ARISE_v2,42,66,0.7034668326377869,0.7048772573471069,0.1155562698841095,-0.0395461842417717,0.11544137448072433,10x_human_lymph_node_D1
Full_ARISE_v2,42,67,0.7072346210479736,0.7102029919624329,0.11258676648139954,-0.037406422197818756,0.11255030333995819,10x_human_lymph_node_D1
Full_ARISE_v2,42,68,0.7126696705818176,0.715133011341095,0.11536763608455658,-0.03863738104701042,0.11355875432491302,10x_human_lymph_node_D1
Full_ARISE_v2,42,69,0.7146240472793579,0.7157725095748901,0.11570217460393906,-0.03806507587432861,0.11487068980932236,10x_human_lymph_node_D1
Full_ARISE_v2,42,70,0.7159295082092285,0.7182366251945496,0.11377040296792984,-0.03611365333199501,0.11256803572177887,10x_human_lymph_node_D1
Full_ARISE_v2,42,71,0.7202813029289246,0.7220751047134399,0.11551761627197266,-0.03831711411476135,0.11275786906480789,10x_human_lymph_node_D1
Full_ARISE_v2,42,72,0.7247313261032104,0.7249084711074829,0.11630121618509293,-0.03654603660106659,0.11271190643310547,10x_human_lymph_node_D1
Full_ARISE_v2,42,73,0.7276315093040466,0.7271111011505127,0.11444547772407532,-0.035940658301115036,0.11120253801345825,10x_human_lymph_node_D1
Full_ARISE_v2,42,74,0.7297583222389221,0.7299997806549072,0.11569768935441971,-0.037953656166791916,0.11160330474376678,10x_human_lymph_node_D1
Full_ARISE_v2,42,75,0.7327942848205566,0.7317216396331787,0.11446862667798996,-0.03656692057847977,0.11147146672010422,10x_human_lymph_node_D1
Full_ARISE_v2,42,76,0.7371649742126465,0.7351449131965637,0.11647694557905197,-0.036514874547719955,0.11122531443834305,10x_human_lymph_node_D1
Full_ARISE_v2,42,77,0.7394586801528931,0.7374738454818726,0.11593101918697357,-0.036721132695674896,0.1101139560341835,10x_human_lymph_node_D1
Full_ARISE_v2,42,78,0.7402516603469849,0.7383273243904114,0.11453235894441605,-0.036272358149290085,0.10930152982473373,10x_human_lymph_node_D1
Full_ARISE_v2,42,79,0.7455083131790161,0.7418197393417358,0.11675175279378891,-0.03655662387609482,0.11022350192070007,10x_human_lymph_node_D1
Full_ARISE_v2,42,80,0.747467577457428,0.743635892868042,0.11620435863733292,-0.03541210666298866,0.10993583500385284,10x_human_lymph_node_D1
Full_ARISE_v2,42,81,0.7494510412216187,0.744998574256897,0.11524927616119385,-0.03611857444047928,0.10852503776550293,10x_human_lymph_node_D1
Full_ARISE_v2,42,82,0.7532138824462891,0.7486169934272766,0.1170882135629654,-0.03646612912416458,0.10874928534030914,10x_human_lymph_node_D1
Full_ARISE_v2,42,83,0.7541576027870178,0.7484963536262512,0.11685297638177872,-0.03453134372830391,0.10682008415460587,10x_human_lymph_node_D1
Full_ARISE_v2,42,84,0.755660355091095,0.7501147389411926,0.11742309480905533,-0.0356958732008934,0.10843731462955475,10x_human_lymph_node_D1
Full_ARISE_v2,42,85,0.7589237689971924,0.753908634185791,0.1154031902551651,-0.03539568930864334,0.10844170302152634,10x_human_lymph_node_D1
Full_ARISE_v2,42,86,0.7620148658752441,0.7547695636749268,0.11755165457725525,-0.03501155227422714,0.10658998787403107,10x_human_lymph_node_D1
Full_ARISE_v2,42,87,0.762820303440094,0.7563377618789673,0.11521504074335098,-0.035463545471429825,0.10858076065778732,10x_human_lymph_node_D1
Full_ARISE_v2,42,88,0.7677211761474609,0.7605991959571838,0.11757113039493561,-0.034940026700496674,0.10682527720928192,10x_human_lymph_node_D1
Full_ARISE_v2,42,89,0.7697293758392334,0.7624238729476929,0.11715219169855118,-0.03441239893436432,0.10615385323762894,10x_human_lymph_node_D1
Full_ARISE_v2,42,90,0.7702392935752869,0.7625926733016968,0.11580649763345718,-0.03492448851466179,0.1067945808172226,10x_human_lymph_node_D1
Full_ARISE_v2,42,91,0.7728666663169861,0.7643879652023315,0.11807587742805481,-0.034563563764095306,0.10539711266756058,10x_human_lymph_node_D1
Full_ARISE_v2,42,92,0.7764688730239868,0.7679915428161621,0.11758086830377579,-0.03449683263897896,0.10610927641391754,10x_human_lymph_node_D1
Full_ARISE_v2,42,93,0.7771477699279785,0.7684666514396667,0.11825237423181534,-0.034903399646282196,0.10646306723356247,10x_human_lymph_node_D1
Full_ARISE_v2,42,94,0.7782138586044312,0.7691277265548706,0.11621108651161194,-0.03319036215543747,0.10458029806613922,10x_human_lymph_node_D1
Full_ARISE_v2,42,95,0.7793484926223755,0.7709277868270874,0.11844310909509659,-0.034959934651851654,0.10658851265907288,10x_human_lymph_node_D1
Full_ARISE_v2,42,96,0.779845118522644,0.7712416052818298,0.11672370135784149,-0.03351500257849693,0.10495048761367798,10x_human_lymph_node_D1
Full_ARISE_v2,42,97,0.7823700308799744,0.7734992504119873,0.11839408427476883,-0.03428921476006508,0.10578083246946335,10x_human_lymph_node_D1
Full_ARISE_v2,42,98,0.7821769118309021,0.7747930288314819,0.1163351908326149,-0.03421135991811752,0.10641975700855255,10x_human_lymph_node_D1
Full_ARISE_v2,42,99,0.7857455611228943,0.7777078151702881,0.11848755180835724,-0.03380228206515312,0.10654626786708832,10x_human_lymph_node_D1
Full_ARISE_v2,42,100,0.7883144617080688,0.7801023721694946,0.1183653399348259,-0.03296772763133049,0.10633872449398041,10x_human_lymph_node_D1
Full_ARISE_v2,42,101,0.7894286513328552,0.7806022763252258,0.11663959920406342,-0.03324524313211441,0.10524965077638626,10x_human_lymph_node_D1
Full_ARISE_v2,42,102,0.7910513877868652,0.7824473977088928,0.11857243627309799,-0.0339672788977623,0.10556638985872269,10x_human_lymph_node_D1
Full_ARISE_v2,42,103,0.7915028929710388,0.781647264957428,0.11711345613002777,-0.03207887336611748,0.10371126979589462,10x_human_lymph_node_D1
Full_ARISE_v2,42,104,0.7937676310539246,0.7843647599220276,0.1187809407711029,-0.03400128334760666,0.10546717792749405,10x_human_lymph_node_D1
Full_ARISE_v2,42,105,0.7963615655899048,0.7873580455780029,0.1187673807144165,-0.033131275326013565,0.1047336757183075,10x_human_lymph_node_D1
Full_ARISE_v2,42,106,0.7977797985076904,0.7878252863883972,0.11896659433841705,-0.03249162808060646,0.10346302390098572,10x_human_lymph_node_D1
Full_ARISE_v2,42,107,0.798789918422699,0.789267897605896,0.11926709115505219,-0.03300636261701584,0.10572447627782822,10x_human_lymph_node_D1
Full_ARISE_v2,42,108,0.799659013748169,0.7894482016563416,0.11934012174606323,-0.03222925588488579,0.10293138772249222,10x_human_lymph_node_D1
Full_ARISE_v2,42,109,0.8021537065505981,0.7917623519897461,0.11912871152162552,-0.033070605248212814,0.10474801063537598,10x_human_lymph_node_D1
Full_ARISE_v2,42,110,0.8042585849761963,0.7933527827262878,0.1191420629620552,-0.03197602182626724,0.10425947606563568,10x_human_lymph_node_D1
Full_ARISE_v2,42,111,0.8040857911109924,0.7926279902458191,0.11993168294429779,-0.03180025517940521,0.10262928158044815,10x_human_lymph_node_D1
Full_ARISE_v2,42,112,0.8038292527198792,0.7935587763786316,0.11753922700881958,-0.03306428715586662,0.10427820682525635,10x_human_lymph_node_D1
Full_ARISE_v2,42,113,0.8074793815612793,0.7955840229988098,0.11790692806243896,-0.030997341498732567,0.10235888510942459,10x_human_lymph_node_D1
Full_ARISE_v2,42,114,0.8100727200508118,0.7989818453788757,0.11954407393932343,-0.03170718252658844,0.10352852940559387,10x_human_lymph_node_D1
Full_ARISE_v2,42,115,0.8108556866645813,0.7998781800270081,0.11966357380151749,-0.03196531534194946,0.10311233997344971,10x_human_lymph_node_D1
Full_ARISE_v2,42,116,0.8128611445426941,0.8003017902374268,0.11976124346256256,-0.030978253111243248,0.10163722932338715,10x_human_lymph_node_D1
Full_ARISE_v2,42,117,0.8133686780929565,0.8016915917396545,0.11825118958950043,-0.03131186217069626,0.1027156338095665,10x_human_lymph_node_D1
Full_ARISE_v2,42,118,0.8146399259567261,0.8022161722183228,0.12022994458675385,-0.03128012269735336,0.10195131599903107,10x_human_lymph_node_D1
Full_ARISE_v2,42,119,0.8157888650894165,0.8029347062110901,0.12008144706487656,-0.030469276010990143,0.1020161584019661,10x_human_lymph_node_D1
Full_ARISE_v2,42,120,0.8171496391296387,0.8041631579399109,0.12011702358722687,-0.0314757414162159,0.10211024433374405,10x_human_lymph_node_D1
Full_ARISE_v2,42,121,0.8175567984580994,0.8048790693283081,0.1202501580119133,-0.03105081617832184,0.10126998275518417,10x_human_lymph_node_D1
Full_ARISE_v2,42,122,0.8205195069313049,0.807352602481842,0.12026438862085342,-0.03073650225996971,0.10184904932975769,10x_human_lymph_node_D1
Full_ARISE_v2,42,123,0.8209766745567322,0.8081859946250916,0.11863437294960022,-0.03033512644469738,0.10175511240959167,10x_human_lymph_node_D1
Full_ARISE_v2,42,124,0.8209366798400879,0.8085299134254456,0.1203550398349762,-0.03154639154672623,0.10188265144824982,10x_human_lymph_node_D1
Full_ARISE_v2,42,125,0.8202674388885498,0.8071334362030029,0.11927175521850586,-0.030010245740413666,0.10155049711465836,10x_human_lymph_node_D1
Full_ARISE_v2,42,126,0.8203281760215759,0.808856725692749,0.12042750418186188,-0.03148692846298218,0.1023162379860878,10x_human_lymph_node_D1
Full_ARISE_v2,42,127,0.8199474215507507,0.8090150356292725,0.11931229382753372,-0.030370520427823067,0.10185985267162323,10x_human_lymph_node_D1
Full_ARISE_v2,42,128,0.8228572010993958,0.8113823533058167,0.12071456760168076,-0.03107208013534546,0.10384412109851837,10x_human_lymph_node_D1
Full_ARISE_v2,42,129,0.8247504830360413,0.8135541677474976,0.12087884545326233,-0.03004339709877968,0.10203762352466583,10x_human_lymph_node_D1
Full_ARISE_v2,42,130,0.8249651789665222,0.8137684464454651,0.11941152811050415,-0.030492357909679413,0.10194224864244461,10x_human_lymph_node_D1
Full_ARISE_v2,42,131,0.8258081674575806,0.8144563436508179,0.12092692404985428,-0.03064405545592308,0.10249140858650208,10x_human_lymph_node_D1
Full_ARISE_v2,42,132,0.8254146575927734,0.8133218884468079,0.1194256916642189,-0.029098259285092354,0.1000005230307579,10x_human_lymph_node_D1
Full_ARISE_v2,42,133,0.8264118432998657,0.8151114583015442,0.12106294929981232,-0.03113626502454281,0.102461077272892,10x_human_lymph_node_D1
Full_ARISE_v2,42,134,0.8295444250106812,0.8178333044052124,0.12126800417900085,-0.029892006888985634,0.10155830532312393,10x_human_lymph_node_D1
Full_ARISE_v2,42,135,0.8300155997276306,0.817821204662323,0.1196519136428833,-0.02929532341659069,0.10053649544715881,10x_human_lymph_node_D1
Full_ARISE_v2,42,136,0.8288437724113464,0.8171811699867249,0.12144345045089722,-0.030843472108244896,0.10203529894351959,10x_human_lymph_node_D1
Full_ARISE_v2,42,137,0.8312421441078186,0.8189210891723633,0.11979473382234573,-0.02950756438076496,0.10009241104125977,10x_human_lymph_node_D1
Full_ARISE_v2,42,138,0.8337960839271545,0.8215183615684509,0.12155046314001083,-0.029703665524721146,0.10099977999925613,10x_human_lymph_node_D1
Full_ARISE_v2,42,139,0.8353701233863831,0.8227884769439697,0.12161590158939362,-0.02975897490978241,0.10086367279291153,10x_human_lymph_node_D1
Full_ARISE_v2,42,140,0.8337581753730774,0.8207371234893799,0.12001246958971024,-0.029314184561371803,0.09921492636203766,10x_human_lymph_node_D1
Full_ARISE_v2,42,141,0.8345416188240051,0.8215145468711853,0.12192794680595398,-0.030337734147906303,0.10084152221679688,10x_human_lymph_node_D1
Full_ARISE_v2,42,142,0.8381569385528564,0.8243851661682129,0.12015073001384735,-0.028796879574656487,0.09953039884567261,10x_human_lymph_node_D1
Full_ARISE_v2,42,143,0.8390032649040222,0.8258121013641357,0.12183429300785065,-0.02948930114507675,0.09929836541414261,10x_human_lymph_node_D1
Full_ARISE_v2,42,144,0.8384917974472046,0.8251568675041199,0.12212368845939636,-0.029859688133001328,0.10008756816387177,10x_human_lymph_node_D1
Full_ARISE_v2,42,145,0.8393473029136658,0.8250576257705688,0.12035953998565674,-0.028147727251052856,0.09863399714231491,10x_human_lymph_node_D1
Full_ARISE_v2,42,146,0.8408398032188416,0.8277603983879089,0.12225548923015594,-0.03013020008802414,0.09986776113510132,10x_human_lymph_node_D1
Full_ARISE_v2,42,147,0.8418270945549011,0.8285832405090332,0.12231191247701645,-0.029183926060795784,0.09941336512565613,10x_human_lymph_node_D1
Full_ARISE_v2,42,148,0.8413758873939514,0.8272546529769897,0.1219763532280922,-0.02879536710679531,0.0986761823296547,10x_human_lymph_node_D1
Full_ARISE_v2,42,149,0.8385189771652222,0.8256826996803284,0.12087634950876236,-0.02982635796070099,0.09991244971752167,10x_human_lymph_node_D1
Full_ARISE_v2,42,150,0.8404666185379028,0.826146125793457,0.12051226943731308,-0.02894543670117855,0.09889546781778336,10x_human_lymph_node_D1
wo_Potts_MRF,42,1,0.2853004038333893,0.26320359110832214,0.1531812697649002,-0.05773793160915375,0.049872446805238724,10x_human_lymph_node_D1
wo_Potts_MRF,42,2,0.28939273953437805,0.2682645618915558,0.15313199162483215,-0.058494120836257935,0.05063311383128166,10x_human_lymph_node_D1
wo_Potts_MRF,42,3,0.2956196367740631,0.27600181102752686,0.15308967232704163,-0.058516599237918854,0.051468074321746826,10x_human_lymph_node_D1
wo_Potts_MRF,42,4,0.3029979169368744,0.28670209646224976,0.1523752510547638,-0.05866556987166405,0.05348443239927292,10x_human_lymph_node_D1
wo_Potts_MRF,42,5,0.31146055459976196,0.2972051501274109,0.15248635411262512,-0.05776490643620491,0.055712077766656876,10x_human_lymph_node_D1
wo_Potts_MRF,42,6,0.32046273350715637,0.30915123224258423,0.15138286352157593,-0.056825317442417145,0.05680563673377037,10x_human_lymph_node_D1
wo_Potts_MRF,42,7,0.329364150762558,0.3209835886955261,0.15006409585475922,-0.05488745495676994,0.0592481829226017,10x_human_lymph_node_D1
wo_Potts_MRF,42,8,0.3383261263370514,0.33363041281700134,0.14803048968315125,-0.054032016545534134,0.061700932681560516,10x_human_lymph_node_D1
wo_Potts_MRF,42,9,0.3476637005805969,0.3437400460243225,0.147653728723526,-0.05244636908173561,0.06394876539707184,10x_human_lymph_node_D1
wo_Potts_MRF,42,10,0.3558187484741211,0.3530990779399872,0.14636802673339844,-0.05230582877993584,0.06596368551254272,10x_human_lymph_node_D1
wo_Potts_MRF,42,11,0.36459967494010925,0.3642772138118744,0.14454759657382965,-0.05138305202126503,0.06814934313297272,10x_human_lymph_node_D1
wo_Potts_MRF,42,12,0.3738152086734772,0.3761972188949585,0.14290398359298706,-0.050456248223781586,0.07095120847225189,10x_human_lymph_node_D1
wo_Potts_MRF,42,13,0.38268181681632996,0.3859063386917114,0.14185214042663574,-0.05031593516469002,0.07184098660945892,10x_human_lymph_node_D1
wo_Potts_MRF,42,14,0.3915420472621918,0.39596083760261536,0.1408182680606842,-0.05103249102830887,0.07465735077857971,10x_human_lymph_node_D1
wo_Potts_MRF,42,15,0.399688720703125,0.4046955704689026,0.13947567343711853,-0.0504026859998703,0.07577133923768997,10x_human_lymph_node_D1
wo_Potts_MRF,42,16,0.4081089198589325,0.4140532612800598,0.13887687027454376,-0.04940719157457352,0.0774419754743576,10x_human_lymph_node_D1
wo_Potts_MRF,42,17,0.4174531400203705,0.42381250858306885,0.1376044750213623,-0.049290623515844345,0.07909633219242096,10x_human_lymph_node_D1
wo_Potts_MRF,42,18,0.4264381229877472,0.433889776468277,0.13704265654087067,-0.04969734326004982,0.0822833776473999,10x_human_lymph_node_D1
wo_Potts_MRF,42,19,0.4345695972442627,0.4437142610549927,0.13491205871105194,-0.049595750868320465,0.08411136269569397,10x_human_lymph_node_D1
wo_Potts_MRF,42,20,0.443783700466156,0.4537445604801178,0.133676677942276,-0.0490664541721344,0.08422329276800156,10x_human_lymph_node_D1
wo_Potts_MRF,42,21,0.45249199867248535,0.4610961377620697,0.13349464535713196,-0.048180196434259415,0.08497875928878784,10x_human_lymph_node_D1
wo_Potts_MRF,42,22,0.4610251784324646,0.46889495849609375,0.133604034781456,-0.048017386347055435,0.08658675849437714,10x_human_lymph_node_D1
wo_Potts_MRF,42,23,0.46971940994262695,0.4783605933189392,0.13214606046676636,-0.04788239300251007,0.08758863061666489,10x_human_lymph_node_D1
wo_Potts_MRF,42,24,0.47827181220054626,0.48628440499305725,0.13257381319999695,-0.04761607572436333,0.08881081640720367,10x_human_lymph_node_D1
wo_Potts_MRF,42,25,0.4867126941680908,0.49587398767471313,0.13096606731414795,-0.04834664985537529,0.09165892004966736,10x_human_lymph_node_D1
wo_Potts_MRF,42,26,0.4945438802242279,0.5024253726005554,0.1306178718805313,-0.04782992973923683,0.0923817902803421,10x_human_lymph_node_D1
wo_Potts_MRF,42,27,0.5023953318595886,0.5111992955207825,0.12938013672828674,-0.04686906561255455,0.09411753714084625,10x_human_lymph_node_D1
wo_Potts_MRF,42,28,0.5092207789421082,0.516144871711731,0.1303011029958725,-0.04547182843089104,0.09374702721834183,10x_human_lymph_node_D1
wo_Potts_MRF,42,29,0.5165831446647644,0.5237374901771545,0.12891355156898499,-0.04701852425932884,0.09489288181066513,10x_human_lymph_node_D1
wo_Potts_MRF,42,30,0.5190258026123047,0.5240650177001953,0.13056953251361847,-0.045052625238895416,0.09492852538824081,10x_human_lymph_node_D1
wo_Potts_MRF,42,31,0.5259479284286499,0.5331417322158813,0.12774041295051575,-0.04699284955859184,0.0967683419585228,10x_human_lymph_node_D1
wo_Potts_MRF,42,32,0.5341014862060547,0.5409204363822937,0.12960471212863922,-0.04432551562786102,0.09772037714719772,10x_human_lymph_node_D1
wo_Potts_MRF,42,33,0.5405071973800659,0.5471999049186707,0.1296343356370926,-0.04465991631150246,0.09807010740041733,10x_human_lymph_node_D1
wo_Potts_MRF,42,34,0.5443999171257019,0.5497565865516663,0.12968915700912476,-0.04504881799221039,0.09857779741287231,10x_human_lymph_node_D1
wo_Potts_MRF,42,35,0.5497406721115112,0.5567012429237366,0.1293642818927765,-0.04306690767407417,0.0983738824725151,10x_human_lymph_node_D1
wo_Potts_MRF,42,36,0.5572317242622375,0.5637984871864319,0.1301010102033615,-0.04352312535047531,0.09870864450931549,10x_human_lymph_node_D1
wo_Potts_MRF,42,37,0.5625852346420288,0.5682897567749023,0.12994574010372162,-0.04396124184131622,0.09960338473320007,10x_human_lymph_node_D1
wo_Potts_MRF,42,38,0.5665361881256104,0.5725910067558289,0.13048210740089417,-0.04231619834899902,0.09976977854967117,10x_human_lymph_node_D1
wo_Potts_MRF,42,39,0.5734812617301941,0.5788701772689819,0.13044928014278412,-0.043024685233831406,0.10060378164052963,10x_human_lymph_node_D1
wo_Potts_MRF,42,40,0.5791422128677368,0.5847421288490295,0.12992756068706512,-0.04248276725411415,0.10031163692474365,10x_human_lymph_node_D1
wo_Potts_MRF,42,41,0.5824504494667053,0.5871238708496094,0.1308712214231491,-0.04145573452115059,0.10086193680763245,10x_human_lymph_node_D1
wo_Potts_MRF,42,42,0.5884459614753723,0.5927907228469849,0.13002249598503113,-0.04221693053841591,0.10133205354213715,10x_human_lymph_node_D1
wo_Potts_MRF,42,43,0.5936118364334106,0.5977055430412292,0.1311747282743454,-0.04069714993238449,0.10168278962373734,10x_human_lymph_node_D1
wo_Potts_MRF,42,44,0.5990221500396729,0.603374719619751,0.13087214529514313,-0.04062984511256218,0.10122720897197723,10x_human_lymph_node_D1
wo_Potts_MRF,42,45,0.6032665967941284,0.6062195897102356,0.13106191158294678,-0.04045741260051727,0.1005912646651268,10x_human_lymph_node_D1
wo_Potts_MRF,42,46,0.6067835092544556,0.609501302242279,0.13200116157531738,-0.03984291851520538,0.10159660875797272,10x_human_lymph_node_D1
wo_Potts_MRF,42,47,0.612716555595398,0.6150234341621399,0.1300216168165207,-0.039464231580495834,0.10120655596256256,10x_human_lymph_node_D1
wo_Potts_MRF,42,48,0.6150711178779602,0.6178810596466064,0.13142870366573334,-0.0397065170109272,0.10176093876361847,10x_human_lymph_node_D1
wo_Potts_MRF,42,49,0.621457576751709,0.6239754557609558,0.13092662394046783,-0.038526229560375214,0.1030270904302597,10x_human_lymph_node_D1
wo_Potts_MRF,42,50,0.6253694891929626,0.6268494725227356,0.13168203830718994,-0.03874316066503525,0.10202863067388535,10x_human_lymph_node_D1
wo_Potts_MRF,42,51,0.6279922723770142,0.6302857398986816,0.13091836869716644,-0.03740108385682106,0.10323745757341385,10x_human_lymph_node_D1
wo_Potts_MRF,42,52,0.631153404712677,0.6312240958213806,0.13131245970726013,-0.03876146674156189,0.10203984379768372,10x_human_lymph_node_D1
wo_Potts_MRF,42,53,0.6342607736587524,0.6365004777908325,0.13155096769332886,-0.03753328323364258,0.10327980667352676,10x_human_lymph_node_D1
wo_Potts_MRF,42,54,0.6415629386901855,0.6423108577728271,0.13115590810775757,-0.03794858604669571,0.1020287424325943,10x_human_lymph_node_D1
wo_Potts_MRF,42,55,0.6449126601219177,0.6450816988945007,0.1323583573102951,-0.03755214065313339,0.1031407043337822,10x_human_lymph_node_D1
wo_Potts_MRF,42,56,0.6484279036521912,0.6493295431137085,0.13162213563919067,-0.03706055134534836,0.10469500720500946,10x_human_lymph_node_D1
wo_Potts_MRF,42,57,0.652107834815979,0.651232898235321,0.1322263926267624,-0.03779616951942444,0.10257895290851593,10x_human_lymph_node_D1
wo_Potts_MRF,42,58,0.6553993225097656,0.6551445126533508,0.13208743929862976,-0.03584456816315651,0.10312993824481964,10x_human_lymph_node_D1
wo_Potts_MRF,42,59,0.6599380373954773,0.6597245335578918,0.13155870139598846,-0.03646782040596008,0.10350510478019714,10x_human_lymph_node_D1
wo_Potts_MRF,42,60,0.6625353097915649,0.660181999206543,0.13295888900756836,-0.03607962653040886,0.10200624167919159,10x_human_lymph_node_D1
wo_Potts_MRF,42,61,0.6662826538085938,0.664792537689209,0.13189604878425598,-0.03505461663007736,0.102535679936409,10x_human_lymph_node_D1
wo_Potts_MRF,42,62,0.6713767051696777,0.6699836254119873,0.13178443908691406,-0.036146122962236404,0.10293357074260712,10x_human_lymph_node_D1
wo_Potts_MRF,42,63,0.6733100414276123,0.6714234352111816,0.13239307701587677,-0.035631466656923294,0.10307075083255768,10x_human_lymph_node_D1
wo_Potts_MRF,42,64,0.677141010761261,0.6744948625564575,0.13236892223358154,-0.034677304327487946,0.10253147035837173,10x_human_lymph_node_D1
wo_Potts_MRF,42,65,0.6791697144508362,0.6771199107170105,0.1324222981929779,-0.03507598862051964,0.10262491554021835,10x_human_lymph_node_D1
wo_Potts_MRF,42,66,0.6845844388008118,0.6809999346733093,0.13286517560482025,-0.03545009344816208,0.10343320667743683,10x_human_lymph_node_D1
wo_Potts_MRF,42,67,0.6857715845108032,0.6815869808197021,0.13317862153053284,-0.033748235553503036,0.10294721275568008,10x_human_lymph_node_D1
wo_Potts_MRF,42,68,0.6881608963012695,0.6832327842712402,0.13334886729717255,-0.03555148094892502,0.10249879956245422,10x_human_lymph_node_D1
wo_Potts_MRF,42,69,0.6918815970420837,0.6880215406417847,0.13283315300941467,-0.034367989748716354,0.10275576263666153,10x_human_lymph_node_D1
wo_Potts_MRF,42,70,0.6966773867607117,0.6915764808654785,0.13303111493587494,-0.034603893756866455,0.10313935577869415,10x_human_lymph_node_D1
wo_Potts_MRF,42,71,0.6984109282493591,0.6939674615859985,0.13267330825328827,-0.034853290766477585,0.10167935490608215,10x_human_lymph_node_D1
wo_Potts_MRF,42,72,0.7021126747131348,0.6974533200263977,0.13344071805477142,-0.03452610969543457,0.10324137657880783,10x_human_lymph_node_D1
wo_Potts_MRF,42,73,0.7050063014030457,0.6985388994216919,0.13383954763412476,-0.033588722348213196,0.10307562351226807,10x_human_lymph_node_D1
wo_Potts_MRF,42,74,0.7078306078910828,0.7026995420455933,0.1330789178609848,-0.03398358076810837,0.10149291902780533,10x_human_lymph_node_D1
wo_Potts_MRF,42,75,0.7108075618743896,0.7045058012008667,0.13407181203365326,-0.034235917031764984,0.10367532819509506,10x_human_lymph_node_D1
wo_Potts_MRF,42,76,0.712540864944458,0.7062156200408936,0.13358992338180542,-0.03272349014878273,0.10185517370700836,10x_human_lymph_node_D1
wo_Potts_MRF,42,77,0.7137478590011597,0.708031952381134,0.13316971063613892,-0.03525146096944809,0.10313478857278824,10x_human_lymph_node_D1
wo_Potts_MRF,42,78,0.7139155864715576,0.7074712514877319,0.13433930277824402,-0.03382624685764313,0.10232379287481308,10x_human_lymph_node_D1
wo_Potts_MRF,42,79,0.7183585166931152,0.7109131217002869,0.1336757093667984,-0.03389820456504822,0.10322827100753784,10x_human_lymph_node_D1
wo_Potts_MRF,42,80,0.7221312522888184,0.715423047542572,0.13480691611766815,-0.03370657563209534,0.10278111696243286,10x_human_lymph_node_D1
wo_Potts_MRF,42,81,0.7247018814086914,0.7175941467285156,0.13409020006656647,-0.033107344061136246,0.10309366881847382,10x_human_lymph_node_D1
wo_Potts_MRF,42,82,0.7251708507537842,0.717214822769165,0.1338600516319275,-0.033616870641708374,0.10275349766016006,10x_human_lymph_node_D1
wo_Potts_MRF,42,83,0.7265363335609436,0.7184913158416748,0.13529561460018158,-0.03295990452170372,0.10127925872802734,10x_human_lymph_node_D1
wo_Potts_MRF,42,84,0.7316825985908508,0.7233645915985107,0.1346241682767868,-0.03382360190153122,0.10259182006120682,10x_human_lymph_node_D1
wo_Potts_MRF,42,85,0.733957052230835,0.7246864438056946,0.13433150947093964,-0.03251376748085022,0.10139802098274231,10x_human_lymph_node_D1
wo_Potts_MRF,42,86,0.7349298596382141,0.7266177535057068,0.13507080078125,-0.03308826684951782,0.10310892760753632,10x_human_lymph_node_D1
wo_Potts_MRF,42,87,0.7381339073181152,0.7296478152275085,0.13428157567977905,-0.033834218978881836,0.10261143743991852,10x_human_lymph_node_D1
wo_Potts_MRF,42,88,0.7405332326889038,0.7300000190734863,0.13522444665431976,-0.03191503509879112,0.10157041251659393,10x_human_lymph_node_D1
wo_Potts_MRF,42,89,0.7417246699333191,0.7325382828712463,0.13561564683914185,-0.033413033932447433,0.10180798172950745,10x_human_lymph_node_D1
wo_Potts_MRF,42,90,0.744853138923645,0.7339008450508118,0.13446125388145447,-0.03274194896221161,0.10051529109477997,10x_human_lymph_node_D1
wo_Potts_MRF,42,91,0.7453926801681519,0.7330470085144043,0.13637135922908783,-0.031790848821401596,0.10037611424922943,10x_human_lymph_node_D1
wo_Potts_MRF,42,92,0.7474104762077332,0.7368969917297363,0.13538478314876556,-0.03409985452890396,0.10014623403549194,10x_human_lymph_node_D1
wo_Potts_MRF,42,93,0.7503733038902283,0.7369678616523743,0.13563674688339233,-0.03109193779528141,0.10004003345966339,10x_human_lymph_node_D1
wo_Potts_MRF,42,94,0.7538697719573975,0.7429755330085754,0.13587553799152374,-0.032630905508995056,0.10155706852674484,10x_human_lymph_node_D1
wo_Potts_MRF,42,95,0.7543227076530457,0.7428593635559082,0.13598906993865967,-0.03263380378484726,0.10026413202285767,10x_human_lymph_node_D1
wo_Potts_MRF,42,96,0.7567052245140076,0.7432528734207153,0.13610891997814178,-0.03061435930430889,0.10037219524383545,10x_human_lymph_node_D1
wo_Potts_MRF,42,97,0.7591409087181091,0.7466922402381897,0.13589699566364288,-0.032299600541591644,0.10040448606014252,10x_human_lymph_node_D1
wo_Potts_MRF,42,98,0.7610544562339783,0.7491565942764282,0.13625174760818481,-0.03253868967294693,0.10017801821231842,10x_human_lymph_node_D1
wo_Potts_MRF,42,99,0.7609918713569641,0.7459149956703186,0.13596640527248383,-0.03027144819498062,0.09940619021654129,10x_human_lymph_node_D1
wo_Potts_MRF,42,100,0.7640081644058228,0.7511354684829712,0.13633906841278076,-0.032413214445114136,0.10089779645204544,10x_human_lymph_node_D1
wo_Potts_MRF,42,101,0.7647084593772888,0.7514402866363525,0.13706129789352417,-0.03128865733742714,0.09966988116502762,10x_human_lymph_node_D1
wo_Potts_MRF,42,102,0.763890266418457,0.7496496438980103,0.13631588220596313,-0.03148617222905159,0.10038095712661743,10x_human_lymph_node_D1
wo_Potts_MRF,42,103,0.7638025879859924,0.7504903078079224,0.13678982853889465,-0.03120899386703968,0.09936390817165375,10x_human_lymph_node_D1
wo_Potts_MRF,42,104,0.7643811702728271,0.7521570920944214,0.13627783954143524,-0.034059226512908936,0.10313263535499573,10x_human_lymph_node_D1
wo_Potts_MRF,42,105,0.7679620981216431,0.7551883459091187,0.1364465206861496,-0.030944040045142174,0.10044680535793304,10x_human_lymph_node_D1
wo_Potts_MRF,42,106,0.7690207958221436,0.7569054961204529,0.13717049360275269,-0.03131108358502388,0.1020229160785675,10x_human_lymph_node_D1
wo_Potts_MRF,42,107,0.7713375687599182,0.7595677971839905,0.13683852553367615,-0.03264586254954338,0.10139884799718857,10x_human_lymph_node_D1
wo_Potts_MRF,42,108,0.7714207768440247,0.7581201195716858,0.13697801530361176,-0.030519552528858185,0.10078134387731552,10x_human_lymph_node_D1
wo_Potts_MRF,42,109,0.7741841077804565,0.7617607712745667,0.1371229588985443,-0.03135480731725693,0.10160663723945618,10x_human_lymph_node_D1
wo_Potts_MRF,42,110,0.7777382731437683,0.7643048167228699,0.13742481172084808,-0.031506266444921494,0.10049673914909363,10x_human_lymph_node_D1
wo_Potts_MRF,42,111,0.7770925760269165,0.7624138593673706,0.13760067522525787,-0.03046412020921707,0.09994840621948242,10x_human_lymph_node_D1
wo_Potts_MRF,42,112,0.7801179885864258,0.7667956352233887,0.1373748928308487,-0.03195294737815857,0.10075417906045914,10x_human_lymph_node_D1
wo_Potts_MRF,42,113,0.7811078429222107,0.7674807906150818,0.13757479190826416,-0.031001172959804535,0.1000177338719368,10x_human_lymph_node_D1
wo_Potts_MRF,42,114,0.783049464225769,0.7681446075439453,0.13721983134746552,-0.03099980019032955,0.1000334620475769,10x_human_lymph_node_D1
wo_Potts_MRF,42,115,0.7854424715042114,0.7716798186302185,0.1374964416027069,-0.03157316893339157,0.10073435306549072,10x_human_lymph_node_D1
wo_Potts_MRF,42,116,0.7866994738578796,0.7706566452980042,0.13784436881542206,-0.03044767491519451,0.09914892166852951,10x_human_lymph_node_D1
wo_Potts_MRF,42,117,0.7869195342063904,0.7720522880554199,0.13667559623718262,-0.030944915488362312,0.0999356284737587,10x_human_lymph_node_D1
wo_Potts_MRF,42,118,0.7876665592193604,0.7733988165855408,0.13789264857769012,-0.03182796388864517,0.0997743085026741,10x_human_lymph_node_D1
wo_Potts_MRF,42,119,0.7904321551322937,0.7749936580657959,0.1373523622751236,-0.030675260350108147,0.100563645362854,10x_human_lymph_node_D1
wo_Potts_MRF,42,120,0.7914213538169861,0.7751545310020447,0.13746055960655212,-0.03032533824443817,0.10015252977609634,10x_human_lymph_node_D1
wo_Potts_MRF,42,121,0.7908487319946289,0.7761340141296387,0.13775824010372162,-0.031011946499347687,0.09998058527708054,10x_human_lymph_node_D1
wo_Potts_MRF,42,122,0.7928373217582703,0.7760080695152283,0.13820883631706238,-0.030705561861395836,0.09977976232767105,10x_human_lymph_node_D1
wo_Potts_MRF,42,123,0.7889882326126099,0.7726589441299438,0.13715313374996185,-0.029336802661418915,0.09887377917766571,10x_human_lymph_node_D1
wo_Potts_MRF,42,124,0.7869964241981506,0.7715198397636414,0.1384597271680832,-0.032370999455451965,0.10014946013689041,10x_human_lymph_node_D1
wo_Potts_MRF,42,125,0.7915905714035034,0.7777191996574402,0.13712598383426666,-0.030585020780563354,0.10137975960969925,10x_human_lymph_node_D1
wo_Potts_MRF,42,126,0.7952701449394226,0.7811301350593567,0.13764774799346924,-0.029772747308015823,0.10157757252454758,10x_human_lymph_node_D1
wo_Potts_MRF,42,127,0.7951486706733704,0.780950665473938,0.13832806050777435,-0.031034959480166435,0.1007612869143486,10x_human_lymph_node_D1
wo_Potts_MRF,42,128,0.7966066598892212,0.7825925946235657,0.1377127319574356,-0.03001432679593563,0.10085205733776093,10x_human_lymph_node_D1
wo_Potts_MRF,42,129,0.7989218831062317,0.7837436199188232,0.1383541226387024,-0.02962506376206875,0.10033721476793289,10x_human_lymph_node_D1
wo_Potts_MRF,42,130,0.8002443909645081,0.785499095916748,0.13849391043186188,-0.0297525767236948,0.09984299540519714,10x_human_lymph_node_D1
wo_Potts_MRF,42,131,0.8012375235557556,0.7867643237113953,0.13776831328868866,-0.029519805684685707,0.10140112787485123,10x_human_lymph_node_D1
wo_Potts_MRF,42,132,0.8028285503387451,0.7879977226257324,0.13819345831871033,-0.030027825385332108,0.10094618052244186,10x_human_lymph_node_D1
wo_Potts_MRF,42,133,0.803634524345398,0.7890980243682861,0.13829143345355988,-0.030202586203813553,0.09983246773481369,10x_human_lymph_node_D1
wo_Potts_MRF,42,134,0.8030828237533569,0.7888720631599426,0.13845784962177277,-0.029054755344986916,0.10034555941820145,10x_human_lymph_node_D1
wo_Potts_MRF,42,135,0.8058058023452759,0.7904868125915527,0.1387118101119995,-0.02955755963921547,0.09996731579303741,10x_human_lymph_node_D1
wo_Potts_MRF,42,136,0.8067998886108398,0.7911455035209656,0.1389586627483368,-0.02979898639023304,0.09872704744338989,10x_human_lymph_node_D1
wo_Potts_MRF,42,137,0.8072319626808167,0.7911220192909241,0.13841959834098816,-0.028585273772478104,0.09993454813957214,10x_human_lymph_node_D1
wo_Potts_MRF,42,138,0.8087302446365356,0.7926403880119324,0.13894791901111603,-0.02899087779223919,0.09901310503482819,10x_human_lymph_node_D1
wo_Potts_MRF,42,139,0.8090859055519104,0.793328046798706,0.13917459547519684,-0.0299595445394516,0.09954553097486496,10x_human_lymph_node_D1
wo_Potts_MRF,42,140,0.8098481297492981,0.793561577796936,0.1385319083929062,-0.02783973515033722,0.09970725327730179,10x_human_lymph_node_D1
wo_Potts_MRF,42,141,0.8122144341468811,0.7957412004470825,0.13889096677303314,-0.02932070568203926,0.0994194895029068,10x_human_lymph_node_D1
wo_Potts_MRF,42,142,0.8104961514472961,0.7951937317848206,0.13937564194202423,-0.029583893716335297,0.09908038377761841,10x_human_lymph_node_D1
wo_Potts_MRF,42,143,0.8127918839454651,0.7959993481636047,0.13881024718284607,-0.02794891782104969,0.0998823419213295,10x_human_lymph_node_D1
wo_Potts_MRF,42,144,0.8154604434967041,0.7983040809631348,0.1388806253671646,-0.028363294899463654,0.09927812218666077,10x_human_lymph_node_D1
wo_Potts_MRF,42,145,0.8148527145385742,0.7987183928489685,0.1394130140542984,-0.03008767031133175,0.09905048459768295,10x_human_lymph_node_D1
wo_Potts_MRF,42,146,0.8176918625831604,0.7999632358551025,0.13912907242774963,-0.02735082060098648,0.09828218072652817,10x_human_lymph_node_D1
wo_Potts_MRF,42,147,0.817696213722229,0.8008365035057068,0.13938675820827484,-0.028504880145192146,0.09917290508747101,10x_human_lymph_node_D1
wo_Potts_MRF,42,148,0.8167353272438049,0.8004303574562073,0.13963858783245087,-0.02937985770404339,0.09842203557491302,10x_human_lymph_node_D1
wo_Potts_MRF,42,149,0.8206292390823364,0.802931010723114,0.13958527147769928,-0.028077147901058197,0.09878489375114441,10x_human_lymph_node_D1
wo_Potts_MRF,42,150,0.8202021718025208,0.8021981120109558,0.13923171162605286,-0.027412397786974907,0.09816581010818481,10x_human_lymph_node_D1
wo_Sinkhorn_OT,42,1,0.2876083254814148,0.26648029685020447,0.15363112092018127,-0.059781674295663834,0.05161549896001816,10x_human_lymph_node_D1
wo_Sinkhorn_OT,42,2,0.29092279076576233,0.27035677433013916,0.15375792980194092,-0.05811092630028725,0.05230172351002693,10x_human_lymph_node_D1
wo_Sinkhorn_OT,42,3,0.29665160179138184,0.278175413608551,0.15277987718582153,-0.05897893011569977,0.053498122841119766,10x_human_lymph_node_D1
wo_Sinkhorn_OT,42,4,0.3045883774757385,0.2888418138027191,0.15183284878730774,-0.05788310989737511,0.05575075000524521,10x_human_lymph_node_D1
wo_Sinkhorn_OT,42,5,0.3128945827484131,0.3006992042064667,0.1501302719116211,-0.0581664964556694,0.05757416784763336,10x_human_lymph_node_D1
wo_Sinkhorn_OT,42,6,0.32207807898521423,0.3146575391292572,0.14785102009773254,-0.05661186948418617,0.06090738624334335,10x_human_lymph_node_D1
wo_Sinkhorn_OT,42,7,0.33179792761802673,0.3242679834365845,0.14844660460948944,-0.05561519414186478,0.06372716277837753,10x_human_lymph_node_D1
wo_Sinkhorn_OT,42,8,0.34145379066467285,0.336593896150589,0.14598391950130463,-0.054257508367300034,0.06581876426935196,10x_human_lymph_node_D1
wo_Sinkhorn_OT,42,9,0.3512902557849884,0.34738051891326904,0.14375458657741547,-0.05352811515331268,0.06849435716867447,10x_human_lymph_node_D1
wo_Sinkhorn_OT,42,10,0.36084529757499695,0.35853227972984314,0.14296843111515045,-0.0510222502052784,0.07141328603029251,10x_human_lymph_node_D1
wo_Sinkhorn_OT,42,11,0.36985546350479126,0.36966800689697266,0.1399310827255249,-0.05078425630927086,0.07440748065710068,10x_human_lymph_node_D1
wo_Sinkhorn_OT,42,12,0.37984704971313477,0.380461722612381,0.13922956585884094,-0.04944385960698128,0.07600894570350647,10x_human_lymph_node_D1
wo_Sinkhorn_OT,42,13,0.3893948495388031,0.3906517028808594,0.13809843361377716,-0.04926406592130661,0.07819236069917679,10x_human_lymph_node_D1
wo_Sinkhorn_OT,42,14,0.39873170852661133,0.4016250669956207,0.13617686927318573,-0.049633774906396866,0.08026450127363205,10x_human_lymph_node_D1
wo_Sinkhorn_OT,42,15,0.40813228487968445,0.41136276721954346,0.13502278923988342,-0.04932031407952309,0.08189341425895691,10x_human_lymph_node_D1
wo_Sinkhorn_OT,42,16,0.41723698377609253,0.42107918858528137,0.13366733491420746,-0.04855045676231384,0.08345472067594528,10x_human_lymph_node_D1
wo_Sinkhorn_OT,42,17,0.42734408378601074,0.4329003691673279,0.13169899582862854,-0.04950840771198273,0.08653119206428528,10x_human_lymph_node_D1
wo_Sinkhorn_OT,42,18,0.437052845954895,0.4421690106391907,0.13085319101810455,-0.048380374908447266,0.08813302218914032,10x_human_lymph_node_D1
wo_Sinkhorn_OT,42,19,0.44554564356803894,0.45038148760795593,0.12945206463336945,-0.04857715591788292,0.08912188559770584,10x_human_lymph_node_D1
wo_Sinkhorn_OT,42,20,0.4549087882041931,0.45892977714538574,0.12865115702152252,-0.04807182401418686,0.09041830897331238,10x_human_lymph_node_D1
wo_Sinkhorn_OT,42,21,0.4641532003879547,0.4660634398460388,0.12872490286827087,-0.0473405122756958,0.09027476608753204,10x_human_lymph_node_D1
wo_Sinkhorn_OT,42,22,0.4722575545310974,0.47585979104042053,0.12629853188991547,-0.04755886271595955,0.09282765537500381,10x_human_lymph_node_D1
wo_Sinkhorn_OT,42,23,0.48146170377731323,0.4847003221511841,0.12604308128356934,-0.047255054116249084,0.09423211216926575,10x_human_lymph_node_D1
wo_Sinkhorn_OT,42,24,0.48961141705513,0.4913792014122009,0.12657831609249115,-0.046786725521087646,0.0949418693780899,10x_human_lymph_node_D1
wo_Sinkhorn_OT,42,25,0.49801450967788696,0.4996543228626251,0.12575767934322357,-0.046706050634384155,0.09599445760250092,10x_human_lymph_node_D1
wo_Sinkhorn_OT,42,26,0.5059430599212646,0.5090391039848328,0.1243869885802269,-0.046881359070539474,0.09840451925992966,10x_human_lymph_node_D1
wo_Sinkhorn_OT,42,27,0.5132701396942139,0.5160737633705139,0.12311281263828278,-0.04740796238183975,0.09995190054178238,10x_human_lymph_node_D1
wo_Sinkhorn_OT,42,28,0.5214352607727051,0.5243409872055054,0.12302505224943161,-0.04746666178107262,0.10188495367765427,10x_human_lymph_node_D1
wo_Sinkhorn_OT,42,29,0.5290350317955017,0.5314949154853821,0.12251047790050507,-0.04673152416944504,0.10312891006469727,10x_human_lymph_node_D1
wo_Sinkhorn_OT,42,30,0.5356162786483765,0.5368608832359314,0.12259477376937866,-0.046471767127513885,0.1034463420510292,10x_human_lymph_node_D1
wo_Sinkhorn_OT,42,31,0.5427270531654358,0.5441396236419678,0.1219765767455101,-0.0459347702562809,0.10540057718753815,10x_human_lymph_node_D1
wo_Sinkhorn_OT,42,32,0.5498293042182922,0.5497150421142578,0.12185520678758621,-0.04494417831301689,0.10643588751554489,10x_human_lymph_node_D1
wo_Sinkhorn_OT,42,33,0.5552921295166016,0.5570748448371887,0.12195334583520889,-0.045596249401569366,0.10653579235076904,10x_human_lymph_node_D1
wo_Sinkhorn_OT,42,34,0.559691309928894,0.558171808719635,0.12032324075698853,-0.04387699067592621,0.10691019892692566,10x_human_lymph_node_D1
wo_Sinkhorn_OT,42,35,0.5515335202217102,0.5508736371994019,0.12270281463861465,-0.043699074536561966,0.10444916039705276,10x_human_lymph_node_D1
wo_Sinkhorn_OT,42,36,0.5664158463478088,0.5652337074279785,0.12118931114673615,-0.0464073121547699,0.1068415492773056,10x_human_lymph_node_D1
wo_Sinkhorn_OT,42,37,0.5763905048370361,0.5760735273361206,0.12098707258701324,-0.044908009469509125,0.10990647226572037,10x_human_lymph_node_D1
wo_Sinkhorn_OT,42,38,0.5730209946632385,0.5728814601898193,0.12191469967365265,-0.04387090355157852,0.10937458276748657,10x_human_lymph_node_D1
wo_Sinkhorn_OT,42,39,0.5837826132774353,0.5818759799003601,0.12041844427585602,-0.04430815204977989,0.10971719026565552,10x_human_lymph_node_D1
wo_Sinkhorn_OT,42,40,0.5892722606658936,0.5883068442344666,0.12102239578962326,-0.04417379945516586,0.11026941239833832,10x_human_lymph_node_D1
wo_Sinkhorn_OT,42,41,0.589285135269165,0.5897055864334106,0.12199866026639938,-0.044116824865341187,0.1114816814661026,10x_human_lymph_node_D1
wo_Sinkhorn_OT,42,42,0.5993754863739014,0.5980580449104309,0.12117144465446472,-0.042947590351104736,0.11117179691791534,10x_human_lymph_node_D1
wo_Sinkhorn_OT,42,43,0.6040492057800293,0.601706326007843,0.11990782618522644,-0.04169562831521034,0.11157950758934021,10x_human_lymph_node_D1
wo_Sinkhorn_OT,42,44,0.6071265935897827,0.605114758014679,0.12120477110147476,-0.042439620941877365,0.11291759461164474,10x_human_lymph_node_D1
wo_Sinkhorn_OT,42,45,0.6129773855209351,0.609779417514801,0.11971614509820938,-0.04200601577758789,0.11274895817041397,10x_human_lymph_node_D1
wo_Sinkhorn_OT,42,46,0.6179339289665222,0.6133372187614441,0.11922907084226608,-0.041524384170770645,0.11334137618541718,10x_human_lymph_node_D1
wo_Sinkhorn_OT,42,47,0.6223129034042358,0.618541419506073,0.12099972367286682,-0.04140628129243851,0.11540886759757996,10x_human_lymph_node_D1
wo_Sinkhorn_OT,42,48,0.6271947026252747,0.6234381794929504,0.11855689436197281,-0.041169118136167526,0.11532372981309891,10x_human_lymph_node_D1
wo_Sinkhorn_OT,42,49,0.6325021386146545,0.6276302337646484,0.11812015622854233,-0.04075388237833977,0.11510229110717773,10x_human_lymph_node_D1
wo_Sinkhorn_OT,42,50,0.6370915174484253,0.631670355796814,0.11924824863672256,-0.040796659886837006,0.11525189131498337,10x_human_lymph_node_D1
wo_Sinkhorn_OT,42,51,0.6428015232086182,0.6371660232543945,0.11842626333236694,-0.040233392268419266,0.11493051797151566,10x_human_lymph_node_D1
wo_Sinkhorn_OT,42,52,0.6467357277870178,0.6385054588317871,0.11823369562625885,-0.039686169475317,0.11419003456830978,10x_human_lymph_node_D1
wo_Sinkhorn_OT,42,53,0.6494419574737549,0.6410106420516968,0.11940809339284897,-0.039055291563272476,0.11525542289018631,10x_human_lymph_node_D1
wo_Sinkhorn_OT,42,54,0.6561675667762756,0.6471585631370544,0.1182195320725441,-0.03900609537959099,0.11441486328840256,10x_human_lymph_node_D1
wo_Sinkhorn_OT,42,55,0.6598620414733887,0.649735152721405,0.11815595626831055,-0.03897049278020859,0.11425715684890747,10x_human_lymph_node_D1
wo_Sinkhorn_OT,42,56,0.6630073189735413,0.6519569158554077,0.1181933805346489,-0.03793671727180481,0.1151229739189148,10x_human_lymph_node_D1
wo_Sinkhorn_OT,42,57,0.6680524945259094,0.6563587188720703,0.11723516136407852,-0.038161300122737885,0.11459434777498245,10x_human_lymph_node_D1
wo_Sinkhorn_OT,42,58,0.6735469698905945,0.6621066331863403,0.11730726063251495,-0.03789147362112999,0.1148611307144165,10x_human_lymph_node_D1
wo_Sinkhorn_OT,42,59,0.6765934228897095,0.6635617017745972,0.11781612783670425,-0.03736690431833267,0.11541831493377686,10x_human_lymph_node_D1
wo_Sinkhorn_OT,42,60,0.680365264415741,0.6660147309303284,0.11736459285020828,-0.03779304772615433,0.11488281935453415,10x_human_lymph_node_D1
wo_Sinkhorn_OT,42,61,0.6829387545585632,0.6691446304321289,0.11784227192401886,-0.037362340837717056,0.11591725796461105,10x_human_lymph_node_D1
wo_Sinkhorn_OT,42,62,0.6878558397293091,0.6717572808265686,0.1178172156214714,-0.03786780685186386,0.11497623473405838,10x_human_lymph_node_D1
wo_Sinkhorn_OT,42,63,0.6910561919212341,0.6750752329826355,0.11825353652238846,-0.03656790778040886,0.11529529839754105,10x_human_lymph_node_D1
wo_Sinkhorn_OT,42,64,0.6963761448860168,0.6791277527809143,0.11751231551170349,-0.036929432302713394,0.11579862982034683,10x_human_lymph_node_D1
wo_Sinkhorn_OT,42,65,0.6974947452545166,0.6805996894836426,0.11887747049331665,-0.03754806891083717,0.11560846120119095,10x_human_lymph_node_D1
wo_Sinkhorn_OT,42,66,0.700041651725769,0.6809936761856079,0.11783362925052643,-0.03645583614706993,0.11574216932058334,10x_human_lymph_node_D1
wo_Sinkhorn_OT,42,67,0.6950053572654724,0.6770493388175964,0.11870869249105453,-0.03776658698916435,0.1140042319893837,10x_human_lymph_node_D1
wo_Sinkhorn_OT,42,68,0.7026847004890442,0.6849991679191589,0.11682943999767303,-0.03745393827557564,0.11722281575202942,10x_human_lymph_node_D1
wo_Sinkhorn_OT,42,69,0.704771101474762,0.6873005628585815,0.11893746256828308,-0.03540418669581413,0.11605218052864075,10x_human_lymph_node_D1
wo_Sinkhorn_OT,42,70,0.7071240544319153,0.6888805031776428,0.11898981779813766,-0.03735095262527466,0.11737531423568726,10x_human_lymph_node_D1
wo_Sinkhorn_OT,42,71,0.7120168209075928,0.6956282258033752,0.11744846403598785,-0.03690192103385925,0.11722614616155624,10x_human_lymph_node_D1
wo_Sinkhorn_OT,42,72,0.7159100770950317,0.6975611448287964,0.11893956363201141,-0.034992385655641556,0.11632530391216278,10x_human_lymph_node_D1
wo_Sinkhorn_OT,42,73,0.7157992124557495,0.6970735192298889,0.11863664537668228,-0.03626178205013275,0.11684691160917282,10x_human_lymph_node_D1
wo_Sinkhorn_OT,42,74,0.7192269563674927,0.7020613551139832,0.11855537444353104,-0.03582555800676346,0.11617196351289749,10x_human_lymph_node_D1
wo_Sinkhorn_OT,42,75,0.7253860831260681,0.7045107483863831,0.11877661198377609,-0.03488164395093918,0.11675052344799042,10x_human_lymph_node_D1
wo_Sinkhorn_OT,42,76,0.7260385751724243,0.7051746249198914,0.1194877177476883,-0.03491006791591644,0.11592692136764526,10x_human_lymph_node_D1
wo_Sinkhorn_OT,42,77,0.7284374833106995,0.7095054984092712,0.11894448846578598,-0.03607173264026642,0.11621764302253723,10x_human_lymph_node_D1
wo_Sinkhorn_OT,42,78,0.7321290969848633,0.7111070156097412,0.11808067560195923,-0.03534878045320511,0.11661048978567123,10x_human_lymph_node_D1
wo_Sinkhorn_OT,42,79,0.7332121729850769,0.7103439569473267,0.11934483796358109,-0.03456063196063042,0.11575061827898026,10x_human_lymph_node_D1
wo_Sinkhorn_OT,42,80,0.7375198006629944,0.716521680355072,0.11801722645759583,-0.03570784628391266,0.11628299951553345,10x_human_lymph_node_D1
wo_Sinkhorn_OT,42,81,0.7397318482398987,0.7165793180465698,0.11887126415967941,-0.034053850919008255,0.11513350158929825,10x_human_lymph_node_D1
wo_Sinkhorn_OT,42,82,0.7421292066574097,0.7174282073974609,0.11907151341438293,-0.034437134861946106,0.11526651680469513,10x_human_lymph_node_D1
wo_Sinkhorn_OT,42,83,0.7449136972427368,0.7222775816917419,0.11821649223566055,-0.03522127494215965,0.11492128670215607,10x_human_lymph_node_D1
wo_Sinkhorn_OT,42,84,0.7477837204933167,0.7229260206222534,0.11870799213647842,-0.03348929062485695,0.11422722786664963,10x_human_lymph_node_D1
wo_Sinkhorn_OT,42,85,0.7497667074203491,0.724087655544281,0.11879655718803406,-0.034725531935691833,0.11580782383680344,10x_human_lymph_node_D1
wo_Sinkhorn_OT,42,86,0.751283586025238,0.7262327671051025,0.11896409094333649,-0.03458229452371597,0.11448215693235397,10x_human_lymph_node_D1
wo_Sinkhorn_OT,42,87,0.7547833919525146,0.7280044555664062,0.11780061572790146,-0.03317255899310112,0.11420775204896927,10x_human_lymph_node_D1
wo_Sinkhorn_OT,42,88,0.7550322413444519,0.7282124757766724,0.1194072812795639,-0.033890318125486374,0.11395641416311264,10x_human_lymph_node_D1
wo_Sinkhorn_OT,42,89,0.7573954463005066,0.7316428422927856,0.11810005456209183,-0.03462107479572296,0.1148969754576683,10x_human_lymph_node_D1
wo_Sinkhorn_OT,42,90,0.7567237615585327,0.7297710180282593,0.11966422945261002,-0.03304024413228035,0.11398617178201675,10x_human_lymph_node_D1
wo_Sinkhorn_OT,42,91,0.758122980594635,0.730600893497467,0.11911508440971375,-0.034804441034793854,0.11539296805858612,10x_human_lymph_node_D1
wo_Sinkhorn_OT,42,92,0.7619197964668274,0.7359848022460938,0.11913345009088516,-0.034410204738378525,0.11444348096847534,10x_human_lymph_node_D1
wo_Sinkhorn_OT,42,93,0.7650993466377258,0.7383792400360107,0.11911510676145554,-0.03310718014836311,0.11486314982175827,10x_human_lymph_node_D1
wo_Sinkhorn_OT,42,94,0.7664018273353577,0.7385614514350891,0.11863023787736893,-0.033738214522600174,0.11475358158349991,10x_human_lymph_node_D1
wo_Sinkhorn_OT,42,95,0.7666538953781128,0.7391664981842041,0.11943168193101883,-0.03357511758804321,0.1131993904709816,10x_human_lymph_node_D1
wo_Sinkhorn_OT,42,96,0.7710315585136414,0.7428568601608276,0.118730328977108,-0.03309344872832298,0.11424200236797333,10x_human_lymph_node_D1
wo_Sinkhorn_OT,42,97,0.7715558409690857,0.742749035358429,0.11951450258493423,-0.0332760214805603,0.11429769545793533,10x_human_lymph_node_D1
wo_Sinkhorn_OT,42,98,0.7744709253311157,0.7471800446510315,0.11857995390892029,-0.03402002528309822,0.11465322226285934,10x_human_lymph_node_D1
wo_Sinkhorn_OT,42,99,0.7765872478485107,0.7467503547668457,0.11900965869426727,-0.033062636852264404,0.1138705387711525,10x_human_lymph_node_D1
wo_Sinkhorn_OT,42,100,0.7774325013160706,0.7481604814529419,0.11940840631723404,-0.033113956451416016,0.11396270245313644,10x_human_lymph_node_D1
wo_Sinkhorn_OT,42,101,0.7807428240776062,0.7516182065010071,0.11913570016622543,-0.033597249537706375,0.11403396725654602,10x_human_lymph_node_D1
wo_Sinkhorn_OT,42,102,0.7806439995765686,0.7507096529006958,0.11969520151615143,-0.032811831682920456,0.11344180256128311,10x_human_lymph_node_D1
wo_Sinkhorn_OT,42,103,0.7832667231559753,0.7519341707229614,0.11914486438035965,-0.03292398527264595,0.1137227788567543,10x_human_lymph_node_D1
wo_Sinkhorn_OT,42,104,0.7844039797782898,0.7536213397979736,0.11984079331159592,-0.03305679187178612,0.11217086017131805,10x_human_lymph_node_D1
wo_Sinkhorn_OT,42,105,0.7869941592216492,0.7556173205375671,0.119289331138134,-0.03329083323478699,0.11207366734743118,10x_human_lymph_node_D1
wo_Sinkhorn_OT,42,106,0.7890516519546509,0.7566042542457581,0.11957577615976334,-0.031730346381664276,0.1126529797911644,10x_human_lymph_node_D1
wo_Sinkhorn_OT,42,107,0.7901384234428406,0.7589808702468872,0.11947981268167496,-0.03342067450284958,0.11183888465166092,10x_human_lymph_node_D1
wo_Sinkhorn_OT,42,108,0.7924268245697021,0.7593581080436707,0.11940248310565948,-0.03259474039077759,0.11155055463314056,10x_human_lymph_node_D1
wo_Sinkhorn_OT,42,109,0.7928385138511658,0.7595834732055664,0.11993665993213654,-0.03175423666834831,0.11124721169471741,10x_human_lymph_node_D1
wo_Sinkhorn_OT,42,110,0.7940881848335266,0.7618629336357117,0.11946331709623337,-0.03341035172343254,0.11257234215736389,10x_human_lymph_node_D1
wo_Sinkhorn_OT,42,111,0.7947453856468201,0.760806679725647,0.12004239857196808,-0.03129805997014046,0.11110341548919678,10x_human_lymph_node_D1
wo_Sinkhorn_OT,42,112,0.7952418327331543,0.7624051570892334,0.12002862989902496,-0.03306112065911293,0.1118503138422966,10x_human_lymph_node_D1
wo_Sinkhorn_OT,42,113,0.7944415807723999,0.7616416811943054,0.1202545240521431,-0.03263010457158089,0.11033511161804199,10x_human_lymph_node_D1
wo_Sinkhorn_OT,42,114,0.7971193790435791,0.7631588578224182,0.11996498703956604,-0.0322059765458107,0.1124393418431282,10x_human_lymph_node_D1
wo_Sinkhorn_OT,42,115,0.7975877523422241,0.7652022838592529,0.1204761266708374,-0.032424215227365494,0.11091390997171402,10x_human_lymph_node_D1
wo_Sinkhorn_OT,42,116,0.7988334894180298,0.7639082670211792,0.12003794312477112,-0.031753797084093094,0.11187417060136795,10x_human_lymph_node_D1
wo_Sinkhorn_OT,42,117,0.7955284714698792,0.7651242017745972,0.12032315135002136,-0.03368688002228737,0.11224530637264252,10x_human_lymph_node_D1
wo_Sinkhorn_OT,42,118,0.7994800806045532,0.7668662667274475,0.12009531259536743,-0.031238744035363197,0.11170309782028198,10x_human_lymph_node_D1
wo_Sinkhorn_OT,42,119,0.8019291758537292,0.7686150074005127,0.11999941617250443,-0.03233933076262474,0.1129315048456192,10x_human_lymph_node_D1
wo_Sinkhorn_OT,42,120,0.8012641072273254,0.7699982523918152,0.12000167369842529,-0.034006718546152115,0.1105358824133873,10x_human_lymph_node_D1
wo_Sinkhorn_OT,42,121,0.8037471175193787,0.7687776684761047,0.12068367749452591,-0.03072933480143547,0.11104720085859299,10x_human_lymph_node_D1
wo_Sinkhorn_OT,42,122,0.8075479865074158,0.7752944231033325,0.12020653486251831,-0.032155439257621765,0.11200737208127975,10x_human_lymph_node_D1
wo_Sinkhorn_OT,42,123,0.8083708882331848,0.7756581902503967,0.12051183730363846,-0.03226719796657562,0.11117411404848099,10x_human_lymph_node_D1
wo_Sinkhorn_OT,42,124,0.8092199563980103,0.7738202214241028,0.12094438076019287,-0.030382011085748672,0.11066621541976929,10x_human_lymph_node_D1
wo_Sinkhorn_OT,42,125,0.8106141090393066,0.7776888012886047,0.1207934319972992,-0.032622020691633224,0.11029510945081711,10x_human_lymph_node_D1
wo_Sinkhorn_OT,42,126,0.8139267563819885,0.7803288102149963,0.1205570250749588,-0.03178223967552185,0.11058532446622849,10x_human_lymph_node_D1
wo_Sinkhorn_OT,42,127,0.8137627840042114,0.7780234813690186,0.12065764516592026,-0.030465923249721527,0.11007802188396454,10x_human_lymph_node_D1
wo_Sinkhorn_OT,42,128,0.8149751424789429,0.7808482050895691,0.12076786160469055,-0.032478444278240204,0.10981635004281998,10x_human_lymph_node_D1
wo_Sinkhorn_OT,42,129,0.8173008561134338,0.7813366651535034,0.12118235230445862,-0.0309078861027956,0.10902001708745956,10x_human_lymph_node_D1
wo_Sinkhorn_OT,42,130,0.8182765245437622,0.7816826105117798,0.12080693244934082,-0.030817143619060516,0.10932885855436325,10x_human_lymph_node_D1
wo_Sinkhorn_OT,42,131,0.8180406093597412,0.7829431891441345,0.12081657350063324,-0.03222489356994629,0.10941021144390106,10x_human_lymph_node_D1
wo_Sinkhorn_OT,42,132,0.8208318948745728,0.7835559248924255,0.12092553824186325,-0.030587350949645042,0.10911387950181961,10x_human_lymph_node_D1
wo_Sinkhorn_OT,42,133,0.8206910490989685,0.7838782072067261,0.12108086049556732,-0.030827827751636505,0.109070785343647,10x_human_lymph_node_D1
wo_Sinkhorn_OT,42,134,0.8202335834503174,0.7848550081253052,0.12092434614896774,-0.031578514724969864,0.10824166238307953,10x_human_lymph_node_D1
wo_Sinkhorn_OT,42,135,0.8214521408081055,0.7841552495956421,0.1212024837732315,-0.029873834922909737,0.10865049064159393,10x_human_lymph_node_D1
wo_Sinkhorn_OT,42,136,0.8208025097846985,0.7854149341583252,0.12097647786140442,-0.03189798817038536,0.1086142286658287,10x_human_lymph_node_D1
wo_Sinkhorn_OT,42,137,0.8185275793075562,0.7829429507255554,0.1216135323047638,-0.03038294054567814,0.10898137837648392,10x_human_lymph_node_D1
wo_Sinkhorn_OT,42,138,0.8199899196624756,0.7856497764587402,0.12086349725723267,-0.03187626600265503,0.1095959022641182,10x_human_lymph_node_D1
wo_Sinkhorn_OT,42,139,0.8190625309944153,0.7850534915924072,0.12187494337558746,-0.030962612479925156,0.10900343209505081,10x_human_lymph_node_D1
wo_Sinkhorn_OT,42,140,0.8203228116035461,0.7869385480880737,0.1209515854716301,-0.031044527888298035,0.11061052978038788,10x_human_lymph_node_D1
wo_Sinkhorn_OT,42,141,0.8223720788955688,0.7895323038101196,0.12132301926612854,-0.03177279978990555,0.10914932191371918,10x_human_lymph_node_D1
wo_Sinkhorn_OT,42,142,0.8227693438529968,0.7886772751808167,0.12170999497175217,-0.030333468690514565,0.10937345772981644,10x_human_lymph_node_D1
wo_Sinkhorn_OT,42,143,0.8241429328918457,0.7909473776817322,0.12131315469741821,-0.03052409738302231,0.11006053537130356,10x_human_lymph_node_D1
wo_Sinkhorn_OT,42,144,0.823234498500824,0.7908986210823059,0.12172228842973709,-0.031316399574279785,0.10912209749221802,10x_human_lymph_node_D1
wo_Sinkhorn_OT,42,145,0.828194797039032,0.7933799624443054,0.12179457396268845,-0.02954612672328949,0.10909764468669891,10x_human_lymph_node_D1
wo_Sinkhorn_OT,42,146,0.8275565505027771,0.7938266396522522,0.12152698636054993,-0.030759360641241074,0.10936007648706436,10x_human_lymph_node_D1
wo_Sinkhorn_OT,42,147,0.8238361477851868,0.7920779585838318,0.12212119251489639,-0.03171733766794205,0.10880320519208908,10x_human_lymph_node_D1
wo_Sinkhorn_OT,42,148,0.8302587866783142,0.7958328127861023,0.12196476012468338,-0.02927885390818119,0.10884624719619751,10x_human_lymph_node_D1
wo_Sinkhorn_OT,42,149,0.8307827115058899,0.7967313528060913,0.12160594016313553,-0.029824286699295044,0.10889073461294174,10x_human_lymph_node_D1
wo_Sinkhorn_OT,42,150,0.8290618658065796,0.7955161333084106,0.12208713591098785,-0.03107217326760292,0.10744086652994156,10x_human_lymph_node_D1
wo_Dense_Gram,42,1,0.2880162000656128,0.27077195048332214,0.151283398270607,-0.05941389501094818,0.0514545701444149,10x_human_lymph_node_D1
wo_Dense_Gram,42,2,0.29158520698547363,0.27648645639419556,0.1499841809272766,-0.05896967649459839,0.052822619676589966,10x_human_lymph_node_D1
wo_Dense_Gram,42,3,0.29731932282447815,0.28281649947166443,0.14952099323272705,-0.059627968817949295,0.053995877504348755,10x_human_lymph_node_D1
wo_Dense_Gram,42,4,0.3053435981273651,0.293443888425827,0.14801040291786194,-0.059711556881666183,0.05563375726342201,10x_human_lymph_node_D1
wo_Dense_Gram,42,5,0.31312796473503113,0.3039480745792389,0.1462370902299881,-0.060250166803598404,0.058219194412231445,10x_human_lymph_node_D1
wo_Dense_Gram,42,6,0.3222189247608185,0.31468960642814636,0.14551006257534027,-0.05870318412780762,0.06010720133781433,10x_human_lymph_node_D1
wo_Dense_Gram,42,7,0.331824392080307,0.3276509940624237,0.1431228667497635,-0.05827777087688446,0.06352344155311584,10x_human_lymph_node_D1
wo_Dense_Gram,42,8,0.3419646620750427,0.33878907561302185,0.1412592977285385,-0.05810094252228737,0.0661737471818924,10x_human_lymph_node_D1
wo_Dense_Gram,42,9,0.35259705781936646,0.35295096039772034,0.13635215163230896,-0.0553622841835022,0.0682653859257698,10x_human_lymph_node_D1
wo_Dense_Gram,42,10,0.3633209466934204,0.36650827527046204,0.13176096975803375,-0.05466938763856888,0.0722968578338623,10x_human_lymph_node_D1
wo_Dense_Gram,42,11,0.3751622140407562,0.37863317131996155,0.12861962616443634,-0.05379391834139824,0.07340452075004578,10x_human_lymph_node_D1
wo_Dense_Gram,42,12,0.3860960304737091,0.38992011547088623,0.12488706409931183,-0.05351919308304787,0.07447830587625504,10x_human_lymph_node_D1
wo_Dense_Gram,42,13,0.3985772430896759,0.4025586247444153,0.12240120023488998,-0.053747255355119705,0.07732722163200378,10x_human_lymph_node_D1
wo_Dense_Gram,42,14,0.40963396430015564,0.4130459129810333,0.11939806491136551,-0.05486176908016205,0.08010535687208176,10x_human_lymph_node_D1
wo_Dense_Gram,42,15,0.4211157560348511,0.4262612462043762,0.11634067445993423,-0.05425134673714638,0.08445868641138077,10x_human_lymph_node_D1
wo_Dense_Gram,42,16,0.43306201696395874,0.4383101165294647,0.11323432624340057,-0.054766878485679626,0.08570543676614761,10x_human_lymph_node_D1
wo_Dense_Gram,42,17,0.44499698281288147,0.44856229424476624,0.11069554835557938,-0.05534737557172775,0.0883132740855217,10x_human_lymph_node_D1
wo_Dense_Gram,42,18,0.45644840598106384,0.4609318971633911,0.1067529022693634,-0.056146636605262756,0.09059179574251175,10x_human_lymph_node_D1
wo_Dense_Gram,42,19,0.4677716791629791,0.47083309292793274,0.1034807488322258,-0.05545418709516525,0.09126905351877213,10x_human_lymph_node_D1
wo_Dense_Gram,42,20,0.479027658700943,0.4807948172092438,0.10085715353488922,-0.055089566856622696,0.09341562539339066,10x_human_lymph_node_D1
wo_Dense_Gram,42,21,0.4900839924812317,0.4901205897331238,0.0987093597650528,-0.05464056134223938,0.09466508775949478,10x_human_lymph_node_D1
wo_Dense_Gram,42,22,0.5001968145370483,0.5000178217887878,0.09591050446033478,-0.05504004657268524,0.09707525372505188,10x_human_lymph_node_D1
wo_Dense_Gram,42,23,0.5115142464637756,0.5093901753425598,0.0935584083199501,-0.056566789746284485,0.09780906140804291,10x_human_lymph_node_D1
wo_Dense_Gram,42,24,0.522464394569397,0.5192740559577942,0.09252528101205826,-0.055863529443740845,0.0999755710363388,10x_human_lymph_node_D1
wo_Dense_Gram,42,25,0.5332595705986023,0.5303247570991516,0.09079111367464066,-0.05632892623543739,0.10277696698904037,10x_human_lymph_node_D1
wo_Dense_Gram,42,26,0.54368656873703,0.5398086309432983,0.08867523074150085,-0.05696785822510719,0.10451611876487732,10x_human_lymph_node_D1
wo_Dense_Gram,42,27,0.55278480052948,0.5487679243087769,0.08801289647817612,-0.056680355221033096,0.10671596974134445,10x_human_lymph_node_D1
wo_Dense_Gram,42,28,0.5626745223999023,0.5570254325866699,0.08738216757774353,-0.056290823966264725,0.10711261630058289,10x_human_lymph_node_D1
wo_Dense_Gram,42,29,0.5708186626434326,0.5631850361824036,0.08633401989936829,-0.05681617930531502,0.1085314080119133,10x_human_lymph_node_D1
wo_Dense_Gram,42,30,0.574298620223999,0.5686704516410828,0.08412876725196838,-0.05638214945793152,0.10873834043741226,10x_human_lymph_node_D1
wo_Dense_Gram,42,31,0.5772193670272827,0.5689756274223328,0.08250626921653748,-0.058554328978061676,0.1117955818772316,10x_human_lymph_node_D1
wo_Dense_Gram,42,32,0.591488778591156,0.5813359618186951,0.0836852490901947,-0.056020982563495636,0.11376838386058807,10x_human_lymph_node_D1
wo_Dense_Gram,42,33,0.6001695394515991,0.5892825722694397,0.08157175779342651,-0.056910909712314606,0.11449222266674042,10x_human_lymph_node_D1
wo_Dense_Gram,42,34,0.6022989749908447,0.5902738571166992,0.08029447495937347,-0.05865106359124184,0.11518634110689163,10x_human_lymph_node_D1
wo_Dense_Gram,42,35,0.6122066974639893,0.599079430103302,0.0810905173420906,-0.05778549611568451,0.11614365875720978,10x_human_lymph_node_D1
wo_Dense_Gram,42,36,0.62065589427948,0.6066466569900513,0.07942222058773041,-0.058839451521635056,0.11757028102874756,10x_human_lymph_node_D1
wo_Dense_Gram,42,37,0.62425696849823,0.6076062917709351,0.07817365229129791,-0.05863060802221298,0.11624311655759811,10x_human_lymph_node_D1
wo_Dense_Gram,42,38,0.6327090263366699,0.6174041628837585,0.07875891774892807,-0.057637911289930344,0.11867883056402206,10x_human_lymph_node_D1
wo_Dense_Gram,42,39,0.6400471925735474,0.6229631900787354,0.07748937606811523,-0.058374542742967606,0.11942135542631149,10x_human_lymph_node_D1
wo_Dense_Gram,42,40,0.6442734599113464,0.6260914206504822,0.07728405296802521,-0.05820942297577858,0.11949167400598526,10x_human_lymph_node_D1
wo_Dense_Gram,42,41,0.650048553943634,0.6325255632400513,0.07808032631874084,-0.056630413979291916,0.12022572755813599,10x_human_lymph_node_D1
wo_Dense_Gram,42,42,0.6574529409408569,0.6383451223373413,0.07606302946805954,-0.058016642928123474,0.12107594311237335,10x_human_lymph_node_D1
wo_Dense_Gram,42,43,0.6627744436264038,0.643645703792572,0.0758034735918045,-0.05800553038716316,0.12132252007722855,10x_human_lymph_node_D1
wo_Dense_Gram,42,44,0.6677760481834412,0.6476954221725464,0.07638081908226013,-0.056665144860744476,0.12097688764333725,10x_human_lymph_node_D1
wo_Dense_Gram,42,45,0.6715639233589172,0.6491775512695312,0.07606545835733414,-0.057508185505867004,0.12127133458852768,10x_human_lymph_node_D1
wo_Dense_Gram,42,46,0.6771166324615479,0.6552935242652893,0.07454103231430054,-0.05670677870512009,0.12125097960233688,10x_human_lymph_node_D1
wo_Dense_Gram,42,47,0.6819759011268616,0.6586068868637085,0.0753994807600975,-0.057078562676906586,0.12151408195495605,10x_human_lymph_node_D1
wo_Dense_Gram,42,48,0.6877561211585999,0.6640607714653015,0.07483459264039993,-0.056996896862983704,0.12117614597082138,10x_human_lymph_node_D1
wo_Dense_Gram,42,49,0.6934851408004761,0.6686474084854126,0.07459037005901337,-0.05620960518717766,0.12121064215898514,10x_human_lymph_node_D1
wo_Dense_Gram,42,50,0.6982696056365967,0.6718249320983887,0.07419408112764359,-0.056151703000068665,0.12101657688617706,10x_human_lymph_node_D1
wo_Dense_Gram,42,51,0.7016661167144775,0.6761350631713867,0.07490793615579605,-0.055037036538124084,0.11967773735523224,10x_human_lymph_node_D1
wo_Dense_Gram,42,52,0.7042603492736816,0.6764333844184875,0.07470797002315521,-0.0558956116437912,0.11973781138658524,10x_human_lymph_node_D1
wo_Dense_Gram,42,53,0.7082440257072449,0.6817386150360107,0.07492049783468246,-0.05390055850148201,0.11865662038326263,10x_human_lymph_node_D1
wo_Dense_Gram,42,54,0.7103232145309448,0.6811567544937134,0.07442677766084671,-0.056443363428115845,0.12047918885946274,10x_human_lymph_node_D1
wo_Dense_Gram,42,55,0.717339038848877,0.6887664198875427,0.07436788827180862,-0.054562393575906754,0.11946382373571396,10x_human_lymph_node_D1
wo_Dense_Gram,42,56,0.7230513691902161,0.6924623250961304,0.07393862307071686,-0.055333565920591354,0.12085515260696411,10x_human_lymph_node_D1
wo_Dense_Gram,42,57,0.7249743938446045,0.6932882070541382,0.07383687049150467,-0.055326882749795914,0.12017494440078735,10x_human_lymph_node_D1
wo_Dense_Gram,42,58,0.72756427526474,0.6970778107643127,0.07380551099777222,-0.053529493510723114,0.1187506914138794,10x_human_lymph_node_D1
wo_Dense_Gram,42,59,0.7301281094551086,0.6970049738883972,0.07416844367980957,-0.055263832211494446,0.11906605213880539,10x_human_lymph_node_D1
wo_Dense_Gram,42,60,0.7358642816543579,0.7027752995491028,0.07406099140644073,-0.053466398268938065,0.11810517311096191,10x_human_lymph_node_D1
wo_Dense_Gram,42,61,0.7403035759925842,0.7067651748657227,0.07367600500583649,-0.053683530539274216,0.11797650158405304,10x_human_lymph_node_D1
wo_Dense_Gram,42,62,0.742466151714325,0.7073135375976562,0.07342689484357834,-0.05430442839860916,0.11811184138059616,10x_human_lymph_node_D1
wo_Dense_Gram,42,63,0.7452520132064819,0.7108261585235596,0.07372096925973892,-0.05317183583974838,0.11794555187225342,10x_human_lymph_node_D1
wo_Dense_Gram,42,64,0.7469852566719055,0.7113521099090576,0.07360968738794327,-0.053897637873888016,0.11804599314928055,10x_human_lymph_node_D1
wo_Dense_Gram,42,65,0.7532936930656433,0.7172470688819885,0.0741729885339737,-0.052927810698747635,0.11679524928331375,10x_human_lymph_node_D1
wo_Dense_Gram,42,66,0.755301296710968,0.718060314655304,0.07339747250080109,-0.053107328712940216,0.11684149503707886,10x_human_lymph_node_D1
wo_Dense_Gram,42,67,0.7580472826957703,0.7197266817092896,0.07355035096406937,-0.05331837758421898,0.11637528985738754,10x_human_lymph_node_D1
wo_Dense_Gram,42,68,0.761116623878479,0.723339319229126,0.07403786480426788,-0.052572816610336304,0.11567568778991699,10x_human_lymph_node_D1
wo_Dense_Gram,42,69,0.7627719044685364,0.7231994867324829,0.07328938692808151,-0.052923813462257385,0.11564426124095917,10x_human_lymph_node_D1
wo_Dense_Gram,42,70,0.7664881348609924,0.72704017162323,0.073461152613163,-0.0514957569539547,0.11474115401506424,10x_human_lymph_node_D1
wo_Dense_Gram,42,71,0.7693933844566345,0.7290791869163513,0.07365996390581131,-0.05253478139638901,0.11428457498550415,10x_human_lymph_node_D1
wo_Dense_Gram,42,72,0.7718100547790527,0.7317935824394226,0.0733029842376709,-0.051525529474020004,0.11427367478609085,10x_human_lymph_node_D1
wo_Dense_Gram,42,73,0.7742711901664734,0.7327888011932373,0.0732206255197525,-0.05155525356531143,0.11393322795629501,10x_human_lymph_node_D1
wo_Dense_Gram,42,74,0.7770181894302368,0.7364069819450378,0.0733831375837326,-0.05202551558613777,0.1136893630027771,10x_human_lymph_node_D1
wo_Dense_Gram,42,75,0.7805132865905762,0.7373103499412537,0.07327470183372498,-0.05125463008880615,0.11347614973783493,10x_human_lymph_node_D1
wo_Dense_Gram,42,76,0.7811490893363953,0.7387558817863464,0.07345559448003769,-0.051120396703481674,0.11287485808134079,10x_human_lymph_node_D1
wo_Dense_Gram,42,77,0.7843454480171204,0.7409502863883972,0.07278360426425934,-0.05117177218198776,0.11245010048151016,10x_human_lymph_node_D1
wo_Dense_Gram,42,78,0.7864574193954468,0.7430722117424011,0.073304183781147,-0.05102066323161125,0.11236170679330826,10x_human_lymph_node_D1
wo_Dense_Gram,42,79,0.787981390953064,0.7443059086799622,0.07340573519468307,-0.04955412447452545,0.11153680831193924,10x_human_lymph_node_D1
wo_Dense_Gram,42,80,0.7873976230621338,0.7421652674674988,0.07318238914012909,-0.05172399803996086,0.11163308471441269,10x_human_lymph_node_D1
wo_Dense_Gram,42,81,0.7855897545814514,0.7433077692985535,0.0732092559337616,-0.04977702349424362,0.1111222505569458,10x_human_lymph_node_D1
wo_Dense_Gram,42,82,0.7837991118431091,0.7383010387420654,0.0729147419333458,-0.05267898365855217,0.11210869997739792,10x_human_lymph_node_D1
wo_Dense_Gram,42,83,0.7914188504219055,0.7470014095306396,0.07330084592103958,-0.05061778798699379,0.11210969090461731,10x_human_lymph_node_D1
wo_Dense_Gram,42,84,0.7953839302062988,0.7497230172157288,0.07320056110620499,-0.05096074938774109,0.11278358101844788,10x_human_lymph_node_D1
wo_Dense_Gram,42,85,0.7936164736747742,0.746463418006897,0.07330954074859619,-0.051837168633937836,0.11259685456752777,10x_human_lymph_node_D1
wo_Dense_Gram,42,86,0.7966838479042053,0.7517560124397278,0.07324711978435516,-0.05046822875738144,0.11173716187477112,10x_human_lymph_node_D1
wo_Dense_Gram,42,87,0.7999846339225769,0.7546398639678955,0.07327540963888168,-0.05217667296528816,0.1119154542684555,10x_human_lymph_node_D1
wo_Dense_Gram,42,88,0.8012411594390869,0.7524732351303101,0.07303377240896225,-0.05060642585158348,0.11102233082056046,10x_human_lymph_node_D1
wo_Dense_Gram,42,89,0.8031492233276367,0.7571104764938354,0.07323619723320007,-0.048839736729860306,0.1111544743180275,10x_human_lymph_node_D1
wo_Dense_Gram,42,90,0.8050614595413208,0.7583345174789429,0.07330398261547089,-0.05145329236984253,0.11193869262933731,10x_human_lymph_node_D1
wo_Dense_Gram,42,91,0.8067733645439148,0.7574983835220337,0.07322261482477188,-0.05024546757340431,0.11164219677448273,10x_human_lymph_node_D1
wo_Dense_Gram,42,92,0.8068485260009766,0.7597298622131348,0.07322938740253448,-0.04920578747987747,0.11018702387809753,10x_human_lymph_node_D1
wo_Dense_Gram,42,93,0.810930073261261,0.7617393136024475,0.0733446553349495,-0.050530366599559784,0.1100463941693306,10x_human_lymph_node_D1
wo_Dense_Gram,42,94,0.8140040636062622,0.7641400098800659,0.07277899235486984,-0.049938004463911057,0.11072267591953278,10x_human_lymph_node_D1
wo_Dense_Gram,42,95,0.8129318952560425,0.7641781568527222,0.07293322682380676,-0.04830491170287132,0.10971704125404358,10x_human_lymph_node_D1
wo_Dense_Gram,42,96,0.8153018951416016,0.7648223638534546,0.0730019360780716,-0.0493016317486763,0.10959189385175705,10x_human_lymph_node_D1
wo_Dense_Gram,42,97,0.8180038928985596,0.7682263255119324,0.07298754155635834,-0.04911663383245468,0.1089244857430458,10x_human_lymph_node_D1
wo_Dense_Gram,42,98,0.8193777799606323,0.7697058320045471,0.07282253354787827,-0.0483124777674675,0.10825186967849731,10x_human_lymph_node_D1
wo_Dense_Gram,42,99,0.8185479044914246,0.7662285566329956,0.0729014128446579,-0.04901710897684097,0.10840192437171936,10x_human_lymph_node_D1
wo_Dense_Gram,42,100,0.822607696056366,0.7721031904220581,0.07299584895372391,-0.04836858808994293,0.10814724117517471,10x_human_lymph_node_D1
wo_Dense_Gram,42,101,0.8238747715950012,0.7728528380393982,0.07299110293388367,-0.04829925671219826,0.10851391404867172,10x_human_lymph_node_D1
wo_Dense_Gram,42,102,0.8247690200805664,0.7723268866539001,0.07289306819438934,-0.04861922934651375,0.10813772678375244,10x_human_lymph_node_D1
wo_Dense_Gram,42,103,0.8256152272224426,0.7741611003875732,0.07292238622903824,-0.048405956476926804,0.10754456371068954,10x_human_lymph_node_D1
wo_Dense_Gram,42,104,0.82758629322052,0.7747260332107544,0.07281079143285751,-0.04886338487267494,0.1073513925075531,10x_human_lymph_node_D1
wo_Dense_Gram,42,105,0.8297837376594543,0.7759273052215576,0.07292795926332474,-0.04762566089630127,0.10688658058643341,10x_human_lymph_node_D1
wo_Dense_Gram,42,106,0.8307755589485168,0.7780900597572327,0.07305227220058441,-0.047133758664131165,0.1071803867816925,10x_human_lymph_node_D1
wo_Dense_Gram,42,107,0.8315030932426453,0.777518630027771,0.07292184978723526,-0.047255855053663254,0.10683689266443253,10x_human_lymph_node_D1
wo_Dense_Gram,42,108,0.8311805725097656,0.7784250974655151,0.07293977588415146,-0.04883800819516182,0.10612844675779343,10x_human_lymph_node_D1
wo_Dense_Gram,42,109,0.8314396142959595,0.7779377102851868,0.0729447603225708,-0.04655882716178894,0.10498601198196411,10x_human_lymph_node_D1
wo_Dense_Gram,42,110,0.8309235572814941,0.77729731798172,0.07247481495141983,-0.04869028180837631,0.10671015828847885,10x_human_lymph_node_D1
wo_Dense_Gram,42,111,0.8340137600898743,0.7816063165664673,0.07293834537267685,-0.04721030220389366,0.10583490878343582,10x_human_lymph_node_D1
wo_Dense_Gram,42,112,0.8363490104675293,0.7828830480575562,0.07276841253042221,-0.04776643216609955,0.1066984236240387,10x_human_lymph_node_D1
wo_Dense_Gram,42,113,0.838341236114502,0.7822588086128235,0.07292503863573074,-0.046848274767398834,0.10595788806676865,10x_human_lymph_node_D1
wo_Dense_Gram,42,114,0.8376279473304749,0.7838469743728638,0.07287139445543289,-0.04702452942728996,0.10550630837678909,10x_human_lymph_node_D1
wo_Dense_Gram,42,115,0.8366480469703674,0.7817364931106567,0.0725872740149498,-0.04796870797872543,0.10582447797060013,10x_human_lymph_node_D1
wo_Dense_Gram,42,116,0.8396741151809692,0.7843618988990784,0.0729043260216713,-0.045631468296051025,0.10472213476896286,10x_human_lymph_node_D1
wo_Dense_Gram,42,117,0.8420482277870178,0.7876430749893188,0.07286427170038223,-0.047164469957351685,0.10527851432561874,10x_human_lymph_node_D1
wo_Dense_Gram,42,118,0.8425663113594055,0.7865237593650818,0.0728975236415863,-0.04670766741037369,0.10532139241695404,10x_human_lymph_node_D1
wo_Dense_Gram,42,119,0.843879759311676,0.787783145904541,0.0726793184876442,-0.04609917849302292,0.1049787700176239,10x_human_lymph_node_D1
wo_Dense_Gram,42,120,0.8444076180458069,0.7893006205558777,0.07252708822488785,-0.047602247446775436,0.10534784197807312,10x_human_lymph_node_D1
wo_Dense_Gram,42,121,0.8447696566581726,0.7884204387664795,0.07287729531526566,-0.04651891067624092,0.10410035401582718,10x_human_lymph_node_D1
wo_Dense_Gram,42,122,0.8475927710533142,0.7915329933166504,0.07246262580156326,-0.04617703706026077,0.10452844947576523,10x_human_lymph_node_D1
wo_Dense_Gram,42,123,0.8480923175811768,0.7912362217903137,0.07274492084980011,-0.04565777629613876,0.10381129384040833,10x_human_lymph_node_D1
wo_Dense_Gram,42,124,0.8483230471611023,0.7912750244140625,0.07286656647920609,-0.046063389629125595,0.10341271013021469,10x_human_lymph_node_D1
wo_Dense_Gram,42,125,0.8497416377067566,0.7934544086456299,0.0722942054271698,-0.04626663401722908,0.1043834388256073,10x_human_lymph_node_D1
wo_Dense_Gram,42,126,0.852467954158783,0.7950623035430908,0.07264126092195511,-0.044945769011974335,0.1035093367099762,10x_human_lymph_node_D1
wo_Dense_Gram,42,127,0.8527812361717224,0.7956946492195129,0.07225998491048813,-0.04648144170641899,0.10352983325719833,10x_human_lymph_node_D1
wo_Dense_Gram,42,128,0.8532983064651489,0.7955072522163391,0.07204663008451462,-0.04583996906876564,0.10343218594789505,10x_human_lymph_node_D1
wo_Dense_Gram,42,129,0.8542056679725647,0.7956886291503906,0.07268866896629333,-0.04511312022805214,0.10232621431350708,10x_human_lymph_node_D1
wo_Dense_Gram,42,130,0.8551456332206726,0.7972148656845093,0.07213497906923294,-0.045918989926576614,0.10368402302265167,10x_human_lymph_node_D1
wo_Dense_Gram,42,131,0.8568183183670044,0.7982454895973206,0.07262098044157028,-0.045627694576978683,0.102732352912426,10x_human_lymph_node_D1
wo_Dense_Gram,42,132,0.8579963445663452,0.7991530299186707,0.07217179983854294,-0.04552580043673515,0.10270625352859497,10x_human_lymph_node_D1
wo_Dense_Gram,42,133,0.8579255938529968,0.7989333868026733,0.0721186026930809,-0.04567435756325722,0.102803535759449,10x_human_lymph_node_D1
wo_Dense_Gram,42,134,0.8582177758216858,0.799523115158081,0.07257801294326782,-0.04544264078140259,0.10210942476987839,10x_human_lymph_node_D1
wo_Dense_Gram,42,135,0.8594933748245239,0.8010484576225281,0.07211343199014664,-0.04511706903576851,0.10245686024427414,10x_human_lymph_node_D1
wo_Dense_Gram,42,136,0.8603726625442505,0.8002433776855469,0.072018101811409,-0.04492872580885887,0.10183285921812057,10x_human_lymph_node_D1
wo_Dense_Gram,42,137,0.8614386320114136,0.8027223348617554,0.07201219350099564,-0.045404594391584396,0.10198187828063965,10x_human_lymph_node_D1
wo_Dense_Gram,42,138,0.8627503514289856,0.8027304410934448,0.07200979441404343,-0.04469316080212593,0.10172931849956512,10x_human_lymph_node_D1
wo_Dense_Gram,42,139,0.8632543683052063,0.803277313709259,0.07200444489717484,-0.0449838750064373,0.1019282266497612,10x_human_lymph_node_D1
wo_Dense_Gram,42,140,0.8635784983634949,0.8038527965545654,0.07200156152248383,-0.045048732310533524,0.10129822790622711,10x_human_lymph_node_D1
wo_Dense_Gram,42,141,0.8640096783638,0.8031713962554932,0.07199062407016754,-0.04430251196026802,0.10148747265338898,10x_human_lymph_node_D1
wo_Dense_Gram,42,142,0.8642762303352356,0.8047259449958801,0.07207793742418289,-0.04522165283560753,0.10108735412359238,10x_human_lymph_node_D1
wo_Dense_Gram,42,143,0.8648554086685181,0.804663360118866,0.07197710871696472,-0.04433896020054817,0.10110574215650558,10x_human_lymph_node_D1
wo_Dense_Gram,42,144,0.862802267074585,0.8034088611602783,0.07206476479768753,-0.044695451855659485,0.101012222468853,10x_human_lymph_node_D1
wo_Dense_Gram,42,145,0.8594825267791748,0.8023185133934021,0.0719628855586052,-0.04409943148493767,0.10114472359418869,10x_human_lymph_node_D1
wo_Dense_Gram,42,146,0.8552465438842773,0.7980940341949463,0.07163488864898682,-0.04757377877831459,0.10295707732439041,10x_human_lymph_node_D1
wo_Dense_Gram,42,147,0.8611972332000732,0.8035966753959656,0.07179133594036102,-0.044604524970054626,0.10322977602481842,10x_human_lymph_node_D1
wo_Dense_Gram,42,148,0.8639665842056274,0.8053039312362671,0.07193124294281006,-0.04582974314689636,0.10419566184282303,10x_human_lymph_node_D1
wo_Dense_Gram,42,149,0.8636245727539062,0.8046607971191406,0.07201475650072098,-0.046175532042980194,0.103634312748909,10x_human_lymph_node_D1
wo_Dense_Gram,42,150,0.864844560623169,0.8062981367111206,0.07175897061824799,-0.044608671218156815,0.10243314504623413,10x_human_lymph_node_D1
wo_Spatial_Contrastive,42,1,0.287640243768692,0.2665252685546875,0.1536022126674652,-0.059819649904966354,0.051844824105501175,10x_human_lymph_node_D1
wo_Spatial_Contrastive,42,2,0.29201415181159973,0.2705596089363098,0.15646769106388092,-0.059951912611722946,0.05201468616724014,10x_human_lymph_node_D1
wo_Spatial_Contrastive,42,3,0.29773759841918945,0.27939870953559875,0.1555788516998291,-0.06039687991142273,0.05310835689306259,10x_human_lymph_node_D1
wo_Spatial_Contrastive,42,4,0.3055940568447113,0.2891068756580353,0.1571262925863266,-0.060042157769203186,0.056032486259937286,10x_human_lymph_node_D1
wo_Spatial_Contrastive,42,5,0.31344348192214966,0.29988688230514526,0.15636752545833588,-0.06035587564110756,0.05686156079173088,10x_human_lymph_node_D1
wo_Spatial_Contrastive,42,6,0.3220922648906708,0.3133646249771118,0.15394526720046997,-0.05912628397345543,0.05976096913218498,10x_human_lymph_node_D1
wo_Spatial_Contrastive,42,7,0.3308858573436737,0.32527661323547363,0.15250474214553833,-0.05799434706568718,0.06185075268149376,10x_human_lymph_node_D1
wo_Spatial_Contrastive,42,8,0.3400155007839203,0.3367679715156555,0.15160737931728363,-0.05678223818540573,0.06548596173524857,10x_human_lymph_node_D1
wo_Spatial_Contrastive,42,9,0.3494546413421631,0.3492387533187866,0.1487719714641571,-0.05552451312541962,0.06886061280965805,10x_human_lymph_node_D1
wo_Spatial_Contrastive,42,10,0.35868045687675476,0.35871824622154236,0.14933539927005768,-0.054194629192352295,0.0720030888915062,10x_human_lymph_node_D1
wo_Spatial_Contrastive,42,11,0.3678290545940399,0.3710857629776001,0.1470155417919159,-0.05422542989253998,0.0736643373966217,10x_human_lymph_node_D1
wo_Spatial_Contrastive,42,12,0.3773457109928131,0.3818887174129486,0.14629776775836945,-0.05366252362728119,0.0750838965177536,10x_human_lymph_node_D1
wo_Spatial_Contrastive,42,13,0.38657352328300476,0.39127781987190247,0.14532622694969177,-0.05294360965490341,0.07705623656511307,10x_human_lymph_node_D1
wo_Spatial_Contrastive,42,14,0.395774781703949,0.4012470543384552,0.1443178504705429,-0.053110506385564804,0.07921689003705978,10x_human_lymph_node_D1
wo_Spatial_Contrastive,42,15,0.40470197796821594,0.411092609167099,0.14314956963062286,-0.05245160311460495,0.07925745844841003,10x_human_lymph_node_D1
wo_Spatial_Contrastive,42,16,0.4130953550338745,0.4231802225112915,0.1402888000011444,-0.05219485983252525,0.08359459787607193,10x_human_lymph_node_D1
wo_Spatial_Contrastive,42,17,0.4232110381126404,0.43306103348731995,0.13991999626159668,-0.051545850932598114,0.08424441516399384,10x_human_lymph_node_D1
wo_Spatial_Contrastive,42,18,0.4323430061340332,0.44244927167892456,0.13856461644172668,-0.0518895760178566,0.08521067351102829,10x_human_lymph_node_D1
wo_Spatial_Contrastive,42,19,0.44099289178848267,0.45141398906707764,0.13747401535511017,-0.050280895084142685,0.08696980029344559,10x_human_lymph_node_D1
wo_Spatial_Contrastive,42,20,0.4507483243942261,0.46169304847717285,0.13669109344482422,-0.04969184473156929,0.08868702501058578,10x_human_lymph_node_D1
wo_Spatial_Contrastive,42,21,0.4594845771789551,0.47038066387176514,0.1357247680425644,-0.04938594251871109,0.08948399126529694,10x_human_lymph_node_D1
wo_Spatial_Contrastive,42,22,0.4684491753578186,0.4797842502593994,0.13619844615459442,-0.049066510051488876,0.09199224412441254,10x_human_lymph_node_D1
wo_Spatial_Contrastive,42,23,0.4769081771373749,0.4882323741912842,0.13586890697479248,-0.04892224818468094,0.09278139472007751,10x_human_lymph_node_D1
wo_Spatial_Contrastive,42,24,0.4852326512336731,0.4966018795967102,0.1349564641714096,-0.048945117741823196,0.09336929023265839,10x_human_lymph_node_D1
wo_Spatial_Contrastive,42,25,0.49350371956825256,0.504935085773468,0.1348959505558014,-0.04843359440565109,0.09363703429698944,10x_human_lymph_node_D1
wo_Spatial_Contrastive,42,26,0.5017444491386414,0.5130838751792908,0.1336277574300766,-0.04839789867401123,0.09574944525957108,10x_human_lymph_node_D1
wo_Spatial_Contrastive,42,27,0.509665846824646,0.5205974578857422,0.133061945438385,-0.048112139105796814,0.09689377248287201,10x_human_lymph_node_D1
wo_Spatial_Contrastive,42,28,0.5180209875106812,0.5281461477279663,0.1331554353237152,-0.04714734107255936,0.09685732424259186,10x_human_lymph_node_D1
wo_Spatial_Contrastive,42,29,0.5257150530815125,0.5355992913246155,0.13304612040519714,-0.04725361242890358,0.09883874654769897,10x_human_lymph_node_D1
wo_Spatial_Contrastive,42,30,0.5327289700508118,0.5424736142158508,0.13159041106700897,-0.0461421012878418,0.10010754317045212,10x_human_lymph_node_D1
wo_Spatial_Contrastive,42,31,0.5395376086235046,0.548575758934021,0.13167093694210052,-0.046368129551410675,0.10074891895055771,10x_human_lymph_node_D1
wo_Spatial_Contrastive,42,32,0.5464954972267151,0.5561122298240662,0.13101841509342194,-0.04545902460813522,0.10188576579093933,10x_human_lymph_node_D1
wo_Spatial_Contrastive,42,33,0.5528480410575867,0.5622642040252686,0.13064394891262054,-0.0464513786137104,0.10276354104280472,10x_human_lymph_node_D1
wo_Spatial_Contrastive,42,34,0.5537732839584351,0.5640323162078857,0.13107776641845703,-0.0445219911634922,0.10197878628969193,10x_human_lymph_node_D1
wo_Spatial_Contrastive,42,35,0.555130660533905,0.5631135106086731,0.12824606895446777,-0.04654887318611145,0.10376086831092834,10x_human_lymph_node_D1
wo_Spatial_Contrastive,42,36,0.5615162253379822,0.5704475045204163,0.1328379064798355,-0.04534793645143509,0.10357745736837387,10x_human_lymph_node_D1
wo_Spatial_Contrastive,42,37,0.5723263025283813,0.5833021998405457,0.13132016360759735,-0.046122848987579346,0.1076573058962822,10x_human_lymph_node_D1
wo_Spatial_Contrastive,42,38,0.5726268291473389,0.5827589631080627,0.12908172607421875,-0.046824775636196136,0.10860823839902878,10x_human_lymph_node_D1
wo_Spatial_Contrastive,42,39,0.5804651379585266,0.5897936224937439,0.13329754769802094,-0.04625239223241806,0.10767979174852371,10x_human_lymph_node_D1
wo_Spatial_Contrastive,42,40,0.582290768623352,0.5933278203010559,0.13260550796985626,-0.0457642562687397,0.10792563855648041,10x_human_lymph_node_D1
wo_Spatial_Contrastive,42,41,0.5894015431404114,0.6004617810249329,0.12984701991081238,-0.04770895838737488,0.10958351939916611,10x_human_lymph_node_D1
wo_Spatial_Contrastive,42,42,0.5952926278114319,0.605180561542511,0.13154546916484833,-0.04662729799747467,0.10892526805400848,10x_human_lymph_node_D1
wo_Spatial_Contrastive,42,43,0.5972104072570801,0.6058589220046997,0.1334603875875473,-0.044194504618644714,0.10838684439659119,10x_human_lymph_node_D1
wo_Spatial_Contrastive,42,44,0.6049002408981323,0.6147138476371765,0.13107527792453766,-0.04598947986960411,0.10999494791030884,10x_human_lymph_node_D1
wo_Spatial_Contrastive,42,45,0.6087067127227783,0.6170148253440857,0.13145574927330017,-0.04590131714940071,0.11037848889827728,10x_human_lymph_node_D1
wo_Spatial_Contrastive,42,46,0.6133010387420654,0.6210842728614807,0.13280117511749268,-0.0441916286945343,0.11061343550682068,10x_human_lymph_node_D1
wo_Spatial_Contrastive,42,47,0.6189831495285034,0.627144992351532,0.13192030787467957,-0.04453494772315025,0.11036349833011627,10x_human_lymph_node_D1
wo_Spatial_Contrastive,42,48,0.622161865234375,0.6300896406173706,0.13166064023971558,-0.04522434622049332,0.11123286187648773,10x_human_lymph_node_D1
wo_Spatial_Contrastive,42,49,0.6275745630264282,0.6357265114784241,0.1322328895330429,-0.04395827278494835,0.11127126961946487,10x_human_lymph_node_D1
wo_Spatial_Contrastive,42,50,0.6321900486946106,0.6399760842323303,0.13137394189834595,-0.044144753366708755,0.11141430586576462,10x_human_lymph_node_D1
wo_Spatial_Contrastive,42,51,0.6373429298400879,0.6439036130905151,0.1317075937986374,-0.04369852691888809,0.1108880341053009,10x_human_lymph_node_D1
wo_Spatial_Contrastive,42,52,0.6416338086128235,0.6476410627365112,0.13252058625221252,-0.04369616508483887,0.11097760498523712,10x_human_lymph_node_D1
wo_Spatial_Contrastive,42,53,0.6447128653526306,0.6499145030975342,0.1322920173406601,-0.0431552454829216,0.11047665029764175,10x_human_lymph_node_D1
wo_Spatial_Contrastive,42,54,0.6502829194068909,0.6549872159957886,0.13163010776042938,-0.0427081361413002,0.11110648512840271,10x_human_lymph_node_D1
wo_Spatial_Contrastive,42,55,0.6544316411018372,0.6593656539916992,0.13202154636383057,-0.042557913810014725,0.1119016781449318,10x_human_lymph_node_D1
wo_Spatial_Contrastive,42,56,0.6589798927307129,0.662462592124939,0.1316629946231842,-0.04230837523937225,0.11082624644041061,10x_human_lymph_node_D1
wo_Spatial_Contrastive,42,57,0.6630809903144836,0.6657233834266663,0.13147032260894775,-0.04223920404911041,0.11167711019515991,10x_human_lymph_node_D1
wo_Spatial_Contrastive,42,58,0.6660726070404053,0.6688512563705444,0.1318018138408661,-0.04217040538787842,0.11135614663362503,10x_human_lymph_node_D1
wo_Spatial_Contrastive,42,59,0.6715484857559204,0.6736676692962646,0.1325000673532486,-0.04199015721678734,0.11090613901615143,10x_human_lymph_node_D1
wo_Spatial_Contrastive,42,60,0.6752336621284485,0.6760486960411072,0.13229109346866608,-0.04202772304415703,0.11049696058034897,10x_human_lymph_node_D1
wo_Spatial_Contrastive,42,61,0.6782971024513245,0.6795068383216858,0.13229598104953766,-0.04059777036309242,0.11063674092292786,10x_human_lymph_node_D1
wo_Spatial_Contrastive,42,62,0.6824894547462463,0.6822952032089233,0.1321965754032135,-0.042076900601387024,0.11094491183757782,10x_human_lymph_node_D1
wo_Spatial_Contrastive,42,63,0.6848177313804626,0.684567391872406,0.13233253359794617,-0.0401325561106205,0.11034394800662994,10x_human_lymph_node_D1
wo_Spatial_Contrastive,42,64,0.6878916025161743,0.6865551471710205,0.1316809207201004,-0.041392602026462555,0.10966542363166809,10x_human_lymph_node_D1
wo_Spatial_Contrastive,42,65,0.6885923743247986,0.686269223690033,0.13222235441207886,-0.04024730622768402,0.11046017706394196,10x_human_lymph_node_D1
wo_Spatial_Contrastive,42,66,0.6941190958023071,0.6930223703384399,0.1321067214012146,-0.04063430428504944,0.11034097522497177,10x_human_lymph_node_D1
wo_Spatial_Contrastive,42,67,0.6982927918434143,0.6971235871315002,0.1324767917394638,-0.04009398818016052,0.11065250635147095,10x_human_lymph_node_D1
wo_Spatial_Contrastive,42,68,0.7004453539848328,0.6991161704063416,0.13251224160194397,-0.03946772217750549,0.11153394728899002,10x_human_lymph_node_D1
wo_Spatial_Contrastive,42,69,0.7037440538406372,0.7013764977455139,0.13184605538845062,-0.0395970344543457,0.10969845205545425,10x_human_lymph_node_D1
wo_Spatial_Contrastive,42,70,0.7084574103355408,0.7063392996788025,0.13256704807281494,-0.03909416124224663,0.11002196371555328,10x_human_lymph_node_D1
wo_Spatial_Contrastive,42,71,0.7098621726036072,0.707274317741394,0.1322864443063736,-0.0397859551012516,0.11094169318675995,10x_human_lymph_node_D1
wo_Spatial_Contrastive,42,72,0.7126991748809814,0.710334062576294,0.1320769488811493,-0.03837571293115616,0.1088179424405098,10x_human_lymph_node_D1
wo_Spatial_Contrastive,42,73,0.7174341678619385,0.7151814103126526,0.1330801099538803,-0.03959355503320694,0.1110604926943779,10x_human_lymph_node_D1
wo_Spatial_Contrastive,42,74,0.7173639535903931,0.7144617438316345,0.13281197845935822,-0.0384705550968647,0.11027903109788895,10x_human_lymph_node_D1
wo_Spatial_Contrastive,42,75,0.7195451259613037,0.7161380052566528,0.13305015861988068,-0.03935810551047325,0.10948871076107025,10x_human_lymph_node_D1
wo_Spatial_Contrastive,42,76,0.7204025387763977,0.7188699841499329,0.13312369585037231,-0.038049038499593735,0.10975842922925949,10x_human_lymph_node_D1
wo_Spatial_Contrastive,42,77,0.7247111797332764,0.7221255302429199,0.13335630297660828,-0.04003303870558739,0.11109934002161026,10x_human_lymph_node_D1
wo_Spatial_Contrastive,42,78,0.7272558808326721,0.7256113886833191,0.13263069093227386,-0.039124324917793274,0.10991295427083969,10x_human_lymph_node_D1
wo_Spatial_Contrastive,42,79,0.7299324870109558,0.7273675203323364,0.13344460725784302,-0.03863060101866722,0.10987181961536407,10x_human_lymph_node_D1
wo_Spatial_Contrastive,42,80,0.7313019633293152,0.7271729111671448,0.13343295454978943,-0.039014432579278946,0.10996196419000626,10x_human_lymph_node_D1
wo_Spatial_Contrastive,42,81,0.7333264946937561,0.7300711274147034,0.13318213820457458,-0.03775155544281006,0.10780560225248337,10x_human_lymph_node_D1
wo_Spatial_Contrastive,42,82,0.738105297088623,0.7340337038040161,0.13422146439552307,-0.038635894656181335,0.10864933580160141,10x_human_lymph_node_D1
wo_Spatial_Contrastive,42,83,0.7400894165039062,0.7350358366966248,0.1340474635362625,-0.037964701652526855,0.10915686935186386,10x_human_lymph_node_D1
wo_Spatial_Contrastive,42,84,0.7411734461784363,0.7368412613868713,0.13320094347000122,-0.037568461149930954,0.10782109946012497,10x_human_lymph_node_D1
wo_Spatial_Contrastive,42,85,0.7444948554039001,0.7387791275978088,0.13421040773391724,-0.038877129554748535,0.10838758945465088,10x_human_lymph_node_D1
wo_Spatial_Contrastive,42,86,0.7457273006439209,0.7400789856910706,0.13379520177841187,-0.03769243508577347,0.10893288999795914,10x_human_lymph_node_D1
wo_Spatial_Contrastive,42,87,0.749586284160614,0.7433440089225769,0.13364224135875702,-0.03763307258486748,0.1070154681801796,10x_human_lymph_node_D1
wo_Spatial_Contrastive,42,88,0.753182053565979,0.7463898062705994,0.13380183279514313,-0.03774235025048256,0.10783351957798004,10x_human_lymph_node_D1
wo_Spatial_Contrastive,42,89,0.7535057663917542,0.7471425533294678,0.13406309485435486,-0.037653371691703796,0.10692128539085388,10x_human_lymph_node_D1
wo_Spatial_Contrastive,42,90,0.7558996677398682,0.7476565837860107,0.1346544325351715,-0.03749266266822815,0.10630424320697784,10x_human_lymph_node_D1
wo_Spatial_Contrastive,42,91,0.7575833797454834,0.749957263469696,0.1339932084083557,-0.03727894276380539,0.10694600641727448,10x_human_lymph_node_D1
wo_Spatial_Contrastive,42,92,0.7617673277854919,0.7537316083908081,0.13433727622032166,-0.038128066807985306,0.10665812343358994,10x_human_lymph_node_D1
wo_Spatial_Contrastive,42,93,0.7629860639572144,0.7549933195114136,0.13452397286891937,-0.037026844918727875,0.10596497356891632,10x_human_lymph_node_D1
wo_Spatial_Contrastive,42,94,0.7650256156921387,0.756130039691925,0.13431718945503235,-0.036476556211709976,0.10564352571964264,10x_human_lymph_node_D1
wo_Spatial_Contrastive,42,95,0.767850399017334,0.7585569024085999,0.13461311161518097,-0.03725702688097954,0.10566697269678116,10x_human_lymph_node_D1
wo_Spatial_Contrastive,42,96,0.7685937881469727,0.7589491009712219,0.1348119080066681,-0.03630891442298889,0.1046471819281578,10x_human_lymph_node_D1
wo_Spatial_Contrastive,42,97,0.7708950638771057,0.7604272365570068,0.13469833135604858,-0.03684770315885544,0.10543221235275269,10x_human_lymph_node_D1
wo_Spatial_Contrastive,42,98,0.7727646231651306,0.763329267501831,0.13525702059268951,-0.03683861717581749,0.10442762821912766,10x_human_lymph_node_D1
wo_Spatial_Contrastive,42,99,0.7749016284942627,0.7637300491333008,0.13457044959068298,-0.03636552393436432,0.10400200635194778,10x_human_lymph_node_D1
wo_Spatial_Contrastive,42,100,0.7766925692558289,0.7655759453773499,0.1346730887889862,-0.03713129833340645,0.1044028252363205,10x_human_lymph_node_D1
wo_Spatial_Contrastive,42,101,0.7796111702919006,0.7685980200767517,0.13474178314208984,-0.036100804805755615,0.10391105711460114,10x_human_lymph_node_D1
wo_Spatial_Contrastive,42,102,0.7806297540664673,0.7685664892196655,0.13509073853492737,-0.03633610159158707,0.10400521755218506,10x_human_lymph_node_D1
wo_Spatial_Contrastive,42,103,0.7806435823440552,0.7685793042182922,0.13526536524295807,-0.0364411436021328,0.10316590219736099,10x_human_lymph_node_D1
wo_Spatial_Contrastive,42,104,0.782681941986084,0.7699748873710632,0.1353379637002945,-0.03642159327864647,0.10238303244113922,10x_human_lymph_node_D1
wo_Spatial_Contrastive,42,105,0.7832872867584229,0.771052360534668,0.1356005221605301,-0.03569139912724495,0.10298441350460052,10x_human_lymph_node_D1
wo_Spatial_Contrastive,42,106,0.78521728515625,0.773669958114624,0.13499584794044495,-0.03743763267993927,0.10360270738601685,10x_human_lymph_node_D1
wo_Spatial_Contrastive,42,107,0.7846311926841736,0.7721446752548218,0.13559184968471527,-0.034360770136117935,0.1025356650352478,10x_human_lymph_node_D1
wo_Spatial_Contrastive,42,108,0.7851740717887878,0.7742740511894226,0.13474389910697937,-0.03836996108293533,0.10310202836990356,10x_human_lymph_node_D1
wo_Spatial_Contrastive,42,109,0.7889302372932434,0.7764491438865662,0.1358933448791504,-0.03525227680802345,0.10226241499185562,10x_human_lymph_node_D1
wo_Spatial_Contrastive,42,110,0.7918853163719177,0.7797645926475525,0.13541872799396515,-0.03556901961565018,0.10282165557146072,10x_human_lymph_node_D1
wo_Spatial_Contrastive,42,111,0.7917946577072144,0.7795762419700623,0.1356246918439865,-0.03706949204206467,0.10241179168224335,10x_human_lymph_node_D1
wo_Spatial_Contrastive,42,112,0.792233943939209,0.7785908579826355,0.13625042140483856,-0.03411799669265747,0.10078663378953934,10x_human_lymph_node_D1
wo_Spatial_Contrastive,42,113,0.793256938457489,0.7805569171905518,0.13585898280143738,-0.03686360642313957,0.1014089584350586,10x_human_lymph_node_D1
wo_Spatial_Contrastive,42,114,0.7953607439994812,0.7820403575897217,0.13569429516792297,-0.03529929742217064,0.10211081057786942,10x_human_lymph_node_D1
wo_Spatial_Contrastive,42,115,0.7977792620658875,0.7845514416694641,0.1364135444164276,-0.03455614298582077,0.10071853548288345,10x_human_lymph_node_D1
wo_Spatial_Contrastive,42,116,0.7988943457603455,0.7860710620880127,0.1358598917722702,-0.03647835552692413,0.10159466415643692,10x_human_lymph_node_D1
wo_Spatial_Contrastive,42,117,0.8006373643875122,0.7873154878616333,0.13596157729625702,-0.034366462379693985,0.1011088490486145,10x_human_lymph_node_D1
wo_Spatial_Contrastive,42,118,0.8006761074066162,0.7876963019371033,0.1356351226568222,-0.03528444468975067,0.10069603472948074,10x_human_lymph_node_D1
wo_Spatial_Contrastive,42,119,0.8008697628974915,0.78727787733078,0.136053666472435,-0.035989295691251755,0.10046744346618652,10x_human_lymph_node_D1
wo_Spatial_Contrastive,42,120,0.8050990104675293,0.7901604175567627,0.1361112892627716,-0.03425108268857002,0.09993259608745575,10x_human_lymph_node_D1
wo_Spatial_Contrastive,42,121,0.8056643009185791,0.791828989982605,0.1367717683315277,-0.03493551164865494,0.09939107298851013,10x_human_lymph_node_D1
wo_Spatial_Contrastive,42,122,0.8067426681518555,0.7927935719490051,0.13619481027126312,-0.03550633043050766,0.10046684741973877,10x_human_lymph_node_D1
wo_Spatial_Contrastive,42,123,0.80523282289505,0.7910059094429016,0.13668756186962128,-0.03378383815288544,0.09878209978342056,10x_human_lymph_node_D1
wo_Spatial_Contrastive,42,124,0.8048704862594604,0.7919199466705322,0.13634413480758667,-0.036026131361722946,0.10061174631118774,10x_human_lymph_node_D1
wo_Spatial_Contrastive,42,125,0.8017863631248474,0.7894858121871948,0.1370803415775299,-0.0352683886885643,0.09927688539028168,10x_human_lymph_node_D1
wo_Spatial_Contrastive,42,126,0.8065158128738403,0.7938745021820068,0.13618117570877075,-0.034837447106838226,0.10058168321847916,10x_human_lymph_node_D1
wo_Spatial_Contrastive,42,127,0.8072178959846497,0.7963009476661682,0.1362907737493515,-0.035840436816215515,0.10103194415569305,10x_human_lymph_node_D1
wo_Spatial_Contrastive,42,128,0.8091154098510742,0.7972685694694519,0.1365104764699936,-0.03552437201142311,0.10053455084562302,10x_human_lymph_node_D1
wo_Spatial_Contrastive,42,129,0.8105242252349854,0.797751247882843,0.1367727667093277,-0.03417396917939186,0.09944959729909897,10x_human_lymph_node_D1
wo_Spatial_Contrastive,42,130,0.8105106353759766,0.7990719676017761,0.13690997660160065,-0.03495103120803833,0.09935405850410461,10x_human_lymph_node_D1
wo_Spatial_Contrastive,42,131,0.8139339089393616,0.8018389344215393,0.136403426527977,-0.035267215222120285,0.09949586540460587,10x_human_lymph_node_D1
wo_Spatial_Contrastive,42,132,0.8131957650184631,0.8002445697784424,0.13693095743656158,-0.033612776547670364,0.09836707264184952,10x_human_lymph_node_D1
wo_Spatial_Contrastive,42,133,0.8124870657920837,0.8003868460655212,0.1370735615491867,-0.035514503717422485,0.09935934841632843,10x_human_lymph_node_D1
wo_Spatial_Contrastive,42,134,0.8160911202430725,0.8042562007904053,0.13687749207019806,-0.03417729213833809,0.0985855683684349,10x_human_lymph_node_D1
wo_Spatial_Contrastive,42,135,0.8177984356880188,0.8051513433456421,0.13683302700519562,-0.033853933215141296,0.09855211526155472,10x_human_lymph_node_D1
wo_Spatial_Contrastive,42,136,0.8171840906143188,0.8042663931846619,0.13687527179718018,-0.035211384296417236,0.09824518859386444,10x_human_lymph_node_D1
wo_Spatial_Contrastive,42,137,0.8200992941856384,0.8067805171012878,0.1369933784008026,-0.03398679941892624,0.09698585420846939,10x_human_lymph_node_D1
wo_Spatial_Contrastive,42,138,0.8217617869377136,0.8077080845832825,0.13698971271514893,-0.034319184720516205,0.09793124347925186,10x_human_lymph_node_D1
wo_Spatial_Contrastive,42,139,0.822340190410614,0.807959258556366,0.13712215423583984,-0.034053973853588104,0.09690581262111664,10x_human_lymph_node_D1
wo_Spatial_Contrastive,42,140,0.8236342668533325,0.809079110622406,0.13720013201236725,-0.03420531004667282,0.09678779542446136,10x_human_lymph_node_D1
wo_Spatial_Contrastive,42,141,0.8252275586128235,0.8104272484779358,0.137007474899292,-0.034498896449804306,0.09707973897457123,10x_human_lymph_node_D1
wo_Spatial_Contrastive,42,142,0.8258693814277649,0.8106856942176819,0.13718637824058533,-0.03343209624290466,0.09666011482477188,10x_human_lymph_node_D1
wo_Spatial_Contrastive,42,143,0.8278383612632751,0.8124741315841675,0.1373486965894699,-0.033809587359428406,0.09648513793945312,10x_human_lymph_node_D1
wo_Spatial_Contrastive,42,144,0.8284434676170349,0.8129111528396606,0.13728313148021698,-0.03391438350081444,0.0961601510643959,10x_human_lymph_node_D1
wo_Spatial_Contrastive,42,145,0.8304117918014526,0.8140212297439575,0.13733148574829102,-0.03363851085305214,0.09568651020526886,10x_human_lymph_node_D1
wo_Spatial_Contrastive,42,146,0.8307403326034546,0.8144846558570862,0.13745029270648956,-0.03329342231154442,0.09496486932039261,10x_human_lymph_node_D1
wo_Spatial_Contrastive,42,147,0.8304838538169861,0.8153716921806335,0.1372440606355667,-0.034260451793670654,0.09608777612447739,10x_human_lymph_node_D1
wo_Spatial_Contrastive,42,148,0.8311225771903992,0.8151793479919434,0.13754883408546448,-0.03329074755311012,0.09489298611879349,10x_human_lymph_node_D1
wo_Spatial_Contrastive,42,149,0.8329518437385559,0.8166110515594482,0.13709861040115356,-0.03401089087128639,0.09597920626401901,10x_human_lymph_node_D1
wo_Spatial_Contrastive,42,150,0.8317112922668457,0.8158367276191711,0.1377228945493698,-0.033174723386764526,0.09443218261003494,10x_human_lymph_node_D1
wo_Reconstruction,42,1,0.290016233921051,0.2768267095088959,0.14110223948955536,-0.05549770966172218,0.06190419942140579,10x_human_lymph_node_D1
wo_Reconstruction,42,2,0.29435059428215027,0.28240159153938293,0.1414518803358078,-0.05524718388915062,0.06378919631242752,10x_human_lymph_node_D1
wo_Reconstruction,42,3,0.3010880649089813,0.29146823287010193,0.14126749336719513,-0.05599489063024521,0.06704740971326828,10x_human_lymph_node_D1
wo_Reconstruction,42,4,0.30869969725608826,0.30217108130455017,0.1407163441181183,-0.05683828890323639,0.06940855085849762,10x_human_lymph_node_D1
wo_Reconstruction,42,5,0.317078560590744,0.3150615394115448,0.1400691717863083,-0.058116354048252106,0.07375159859657288,10x_human_lymph_node_D1
wo_Reconstruction,42,6,0.3262154757976532,0.3283834457397461,0.13889102637767792,-0.057035382837057114,0.07751285284757614,10x_human_lymph_node_D1
wo_Reconstruction,42,7,0.3359214961528778,0.3415953516960144,0.13764828443527222,-0.05543210357427597,0.08071877062320709,10x_human_lymph_node_D1
wo_Reconstruction,42,8,0.3456016182899475,0.3543661832809448,0.13629116117954254,-0.05468186363577843,0.08514562994241714,10x_human_lymph_node_D1
wo_Reconstruction,42,9,0.3555268347263336,0.3651443123817444,0.13490290939807892,-0.05336590111255646,0.08834885060787201,10x_human_lymph_node_D1
wo_Reconstruction,42,10,0.3651702105998993,0.37525779008865356,0.1334633082151413,-0.05238993093371391,0.08985438942909241,10x_human_lymph_node_D1
wo_Reconstruction,42,11,0.37554141879081726,0.3862181007862091,0.13254639506340027,-0.05225157365202904,0.09223490208387375,10x_human_lymph_node_D1
wo_Reconstruction,42,12,0.3859374523162842,0.39712202548980713,0.1308693289756775,-0.051863882690668106,0.09310036152601242,10x_human_lymph_node_D1
wo_Reconstruction,42,13,0.3966238498687744,0.4096878468990326,0.12913335859775543,-0.051745347678661346,0.096160389482975,10x_human_lymph_node_D1
wo_Reconstruction,42,14,0.406768798828125,0.4200396239757538,0.127934068441391,-0.05313241109251976,0.09794888645410538,10x_human_lymph_node_D1
wo_Reconstruction,42,15,0.4163949489593506,0.43186038732528687,0.12600818276405334,-0.05288151279091835,0.09826628118753433,10x_human_lymph_node_D1
wo_Reconstruction,42,16,0.4261023700237274,0.4434502422809601,0.1246236115694046,-0.05268172174692154,0.09938344359397888,10x_human_lymph_node_D1
wo_Reconstruction,42,17,0.4371609091758728,0.45406413078308105,0.12383775413036346,-0.05221758037805557,0.1008664220571518,10x_human_lymph_node_D1
wo_Reconstruction,42,18,0.4468257427215576,0.4648822844028473,0.12306790053844452,-0.0514104850590229,0.10209880769252777,10x_human_lymph_node_D1
wo_Reconstruction,42,19,0.4566529095172882,0.4741511046886444,0.1207118108868599,-0.0518457293510437,0.1023361086845398,10x_human_lymph_node_D1
wo_Reconstruction,42,20,0.46671220660209656,0.48438936471939087,0.11964154988527298,-0.05210932716727257,0.10354596376419067,10x_human_lymph_node_D1
wo_Reconstruction,42,21,0.4768206775188446,0.49303343892097473,0.11981412023305893,-0.051583025604486465,0.10412803292274475,10x_human_lymph_node_D1
wo_Reconstruction,42,22,0.48675772547721863,0.5031746029853821,0.11905239522457123,-0.050269920378923416,0.1049489825963974,10x_human_lymph_node_D1
wo_Reconstruction,42,23,0.49620598554611206,0.5117316246032715,0.12022484838962555,-0.050552964210510254,0.10637103766202927,10x_human_lymph_node_D1
wo_Reconstruction,42,24,0.5053361058235168,0.5209850668907166,0.11763409525156021,-0.050694674253463745,0.10788042843341827,10x_human_lymph_node_D1
wo_Reconstruction,42,25,0.514289915561676,0.5302324295043945,0.11712782084941864,-0.050761476159095764,0.10877774655818939,10x_human_lymph_node_D1
wo_Reconstruction,42,26,0.5239052176475525,0.5381715297698975,0.11697379499673843,-0.05029379576444626,0.10956203192472458,10x_human_lymph_node_D1
wo_Reconstruction,42,27,0.5322763919830322,0.5457984209060669,0.11680931597948074,-0.049395740032196045,0.10886859893798828,10x_human_lymph_node_D1
wo_Reconstruction,42,28,0.5412980318069458,0.554431140422821,0.11663242429494858,-0.04930394887924194,0.10950713604688644,10x_human_lymph_node_D1
wo_Reconstruction,42,29,0.5496166348457336,0.5634841322898865,0.11654164642095566,-0.047975167632102966,0.1104232668876648,10x_human_lymph_node_D1
wo_Reconstruction,42,30,0.5581495761871338,0.5702694058418274,0.11928937584161758,-0.048099301755428314,0.11099320650100708,10x_human_lymph_node_D1
wo_Reconstruction,42,31,0.5635967254638672,0.5760347843170166,0.11681763082742691,-0.04733547940850258,0.11019771546125412,10x_human_lymph_node_D1
wo_Reconstruction,42,32,0.5671623945236206,0.5780763030052185,0.11881142854690552,-0.049210891127586365,0.11117003858089447,10x_human_lymph_node_D1
wo_Reconstruction,42,33,0.5720380544662476,0.5837888717651367,0.11647122353315353,-0.04713543877005577,0.1097755879163742,10x_human_lymph_node_D1
wo_Reconstruction,42,34,0.5843849182128906,0.5957450866699219,0.11859786510467529,-0.04767321050167084,0.11214233934879303,10x_human_lymph_node_D1
wo_Reconstruction,42,35,0.5885686278343201,0.5993043184280396,0.12026318907737732,-0.04880824685096741,0.11418845504522324,10x_human_lymph_node_D1
wo_Reconstruction,42,36,0.5909469723701477,0.6033120155334473,0.11679907888174057,-0.04720941185951233,0.11236701905727386,10x_human_lymph_node_D1
wo_Reconstruction,42,37,0.6002140045166016,0.6130133271217346,0.11684222519397736,-0.04712073877453804,0.11357363313436508,10x_human_lymph_node_D1
wo_Reconstruction,42,38,0.604229748249054,0.6167545914649963,0.11768800765275955,-0.048257775604724884,0.11369739472866058,10x_human_lymph_node_D1
wo_Reconstruction,42,39,0.609136700630188,0.621833860874176,0.11633957922458649,-0.046741463243961334,0.11205147206783295,10x_human_lymph_node_D1
wo_Reconstruction,42,40,0.6166816353797913,0.6275981068611145,0.11744022369384766,-0.04695088788866997,0.11302226036787033,10x_human_lymph_node_D1
wo_Reconstruction,42,41,0.6208136081695557,0.6321420073509216,0.11946588009595871,-0.048175208270549774,0.11375544965267181,10x_human_lymph_node_D1
wo_Reconstruction,42,42,0.6260914206504822,0.6375322341918945,0.11649792641401291,-0.04549568518996239,0.11140064150094986,10x_human_lymph_node_D1
wo_Reconstruction,42,43,0.6325937509536743,0.6426194906234741,0.11657846719026566,-0.04609931260347366,0.11141607165336609,10x_human_lymph_node_D1
wo_Reconstruction,42,44,0.6364368796348572,0.6463904976844788,0.11912912875413895,-0.04780246689915657,0.11141393333673477,10x_human_lymph_node_D1
wo_Reconstruction,42,45,0.6417290568351746,0.6509293913841248,0.11630763858556747,-0.04635144770145416,0.1093028336763382,10x_human_lymph_node_D1
wo_Reconstruction,42,46,0.64767986536026,0.6562383770942688,0.11649807542562485,-0.04482831060886383,0.10907560586929321,10x_human_lymph_node_D1
wo_Reconstruction,42,47,0.6525358557701111,0.6611354351043701,0.11926985532045364,-0.04704173654317856,0.10908132791519165,10x_human_lymph_node_D1
wo_Reconstruction,42,48,0.6572950482368469,0.6644296050071716,0.11658074706792831,-0.04510078579187393,0.10862892866134644,10x_human_lymph_node_D1
wo_Reconstruction,42,49,0.6635165810585022,0.6701304912567139,0.11758556216955185,-0.044859666377305984,0.10778428614139557,10x_human_lymph_node_D1
wo_Reconstruction,42,50,0.6681398153305054,0.6746760606765747,0.11767066270112991,-0.04565482214093208,0.10776328295469284,10x_human_lymph_node_D1
wo_Reconstruction,42,51,0.6719940304756165,0.6778076887130737,0.11645089089870453,-0.0441557914018631,0.10629648715257645,10x_human_lymph_node_D1
wo_Reconstruction,42,52,0.6784274578094482,0.6840181946754456,0.11741424351930618,-0.044304899871349335,0.10717739909887314,10x_human_lymph_node_D1
wo_Reconstruction,42,53,0.682379961013794,0.6872117519378662,0.11968187987804413,-0.04360884800553322,0.10615254938602448,10x_human_lymph_node_D1
wo_Reconstruction,42,54,0.6868855357170105,0.6913188695907593,0.11670742928981781,-0.0430288128554821,0.10534261912107468,10x_human_lymph_node_D1
wo_Reconstruction,42,55,0.6923419833183289,0.6959640383720398,0.11931155622005463,-0.044533196836709976,0.10498035699129105,10x_human_lymph_node_D1
wo_Reconstruction,42,56,0.6964071989059448,0.699276328086853,0.11721678078174591,-0.04272938892245293,0.10324286669492722,10x_human_lymph_node_D1
wo_Reconstruction,42,57,0.702231228351593,0.7050058841705322,0.11766386032104492,-0.04335683211684227,0.10473479330539703,10x_human_lymph_node_D1
wo_Reconstruction,42,58,0.7061896324157715,0.7081382274627686,0.12003917992115021,-0.042862001806497574,0.10344062745571136,10x_human_lymph_node_D1
wo_Reconstruction,42,59,0.7094242572784424,0.7107760906219482,0.1180739551782608,-0.04146761819720268,0.10147558897733688,10x_human_lymph_node_D1
wo_Reconstruction,42,60,0.7139049768447876,0.7153853178024292,0.11775509268045425,-0.04395029693841934,0.1016509160399437,10x_human_lymph_node_D1
wo_Reconstruction,42,61,0.7162057757377625,0.7171749472618103,0.11838788539171219,-0.04105467349290848,0.0998249277472496,10x_human_lymph_node_D1
wo_Reconstruction,42,62,0.7203709483146667,0.7213231325149536,0.11855468899011612,-0.04270349070429802,0.10138768702745438,10x_human_lymph_node_D1
wo_Reconstruction,42,63,0.7230087518692017,0.7229452133178711,0.11854533851146698,-0.04141611605882645,0.09927549213171005,10x_human_lymph_node_D1
wo_Reconstruction,42,64,0.7265169024467468,0.7272247076034546,0.11866266280412674,-0.040998682379722595,0.09853897988796234,10x_human_lymph_node_D1
wo_Reconstruction,42,65,0.7308956980705261,0.7318000197410583,0.12005013227462769,-0.04287705197930336,0.09997840225696564,10x_human_lymph_node_D1
wo_Reconstruction,42,66,0.7325426936149597,0.7334208488464355,0.1190824806690216,-0.03956003114581108,0.09725289791822433,10x_human_lymph_node_D1
wo_Reconstruction,42,67,0.7385620474815369,0.7393436431884766,0.1193748414516449,-0.04157693311572075,0.09811773151159286,10x_human_lymph_node_D1
wo_Reconstruction,42,68,0.7417634129524231,0.7420910000801086,0.11919090151786804,-0.041136741638183594,0.09782416373491287,10x_human_lymph_node_D1
wo_Reconstruction,42,69,0.7435522079467773,0.743059515953064,0.119476817548275,-0.03898504003882408,0.09502893686294556,10x_human_lymph_node_D1
wo_Reconstruction,42,70,0.74685138463974,0.7465290427207947,0.1216113418340683,-0.042043931782245636,0.09538321942090988,10x_human_lymph_node_D1
wo_Reconstruction,42,71,0.7497459053993225,0.7492032647132874,0.11980804800987244,-0.03914383053779602,0.09412138164043427,10x_human_lymph_node_D1
wo_Reconstruction,42,72,0.755564272403717,0.7541764974594116,0.11990741640329361,-0.03983302041888237,0.09374872595071793,10x_human_lymph_node_D1
wo_Reconstruction,42,73,0.7585054636001587,0.7567189335823059,0.12021354585886002,-0.04030914232134819,0.09418024122714996,10x_human_lymph_node_D1
wo_Reconstruction,42,74,0.759223997592926,0.7575361728668213,0.11971801519393921,-0.038822103291749954,0.09148599952459335,10x_human_lymph_node_D1
wo_Reconstruction,42,75,0.763725757598877,0.761633574962616,0.12009371072053909,-0.04081682488322258,0.09183131158351898,10x_human_lymph_node_D1
wo_Reconstruction,42,76,0.7671220302581787,0.76401287317276,0.12059848755598068,-0.0396677628159523,0.09105487912893295,10x_human_lymph_node_D1
wo_Reconstruction,42,77,0.769687294960022,0.765901505947113,0.12043379992246628,-0.038785357028245926,0.08910144120454788,10x_human_lymph_node_D1
wo_Reconstruction,42,78,0.7718536853790283,0.7689964771270752,0.12076364457607269,-0.04034065827727318,0.09045564383268356,10x_human_lymph_node_D1
wo_Reconstruction,42,79,0.7753455638885498,0.7705127596855164,0.12100575119256973,-0.03840210661292076,0.08730916678905487,10x_human_lymph_node_D1
wo_Reconstruction,42,80,0.77902752161026,0.7745286822319031,0.1210600957274437,-0.03924527019262314,0.08787250518798828,10x_human_lymph_node_D1
wo_Reconstruction,42,81,0.7809456586837769,0.7762539386749268,0.12137801200151443,-0.03844321891665459,0.08611248433589935,10x_human_lymph_node_D1
wo_Reconstruction,42,82,0.7832678556442261,0.7775213718414307,0.12160556018352509,-0.03846805542707443,0.08468470722436905,10x_human_lymph_node_D1
wo_Reconstruction,42,83,0.783572793006897,0.7784469723701477,0.12178630381822586,-0.03880167752504349,0.08586698025465012,10x_human_lymph_node_D1
wo_Reconstruction,42,84,0.7859793901443481,0.7796868681907654,0.12198038399219513,-0.03773346170783043,0.0835600197315216,10x_human_lymph_node_D1
wo_Reconstruction,42,85,0.7888367772102356,0.7843038439750671,0.12202972173690796,-0.03777977079153061,0.0836358591914177,10x_human_lymph_node_D1
wo_Reconstruction,42,86,0.7910314202308655,0.7853394746780396,0.12220149487257004,-0.03941883146762848,0.08324126899242401,10x_human_lymph_node_D1
wo_Reconstruction,42,87,0.7910242080688477,0.7851219177246094,0.12241274118423462,-0.03698733448982239,0.08203593641519547,10x_human_lymph_node_D1
wo_Reconstruction,42,88,0.7925002574920654,0.7882052659988403,0.12204445898532867,-0.03988394886255264,0.08337877690792084,10x_human_lymph_node_D1
wo_Reconstruction,42,89,0.7971687316894531,0.7920670509338379,0.1223793476819992,-0.037461936473846436,0.08079381287097931,10x_human_lymph_node_D1
wo_Reconstruction,42,90,0.8000633120536804,0.7948823571205139,0.12264706939458847,-0.03833878040313721,0.08159486949443817,10x_human_lymph_node_D1
wo_Reconstruction,42,91,0.7997208833694458,0.7950919270515442,0.12262365967035294,-0.038598403334617615,0.08199159801006317,10x_human_lymph_node_D1
wo_Reconstruction,42,92,0.8020032048225403,0.7954774498939514,0.12302770465612411,-0.037353094667196274,0.07860468327999115,10x_human_lymph_node_D1
wo_Reconstruction,42,93,0.8047299385070801,0.7996402978897095,0.12289901077747345,-0.038272425532341,0.07954880595207214,10x_human_lymph_node_D1
wo_Reconstruction,42,94,0.8076985478401184,0.8016740083694458,0.12301218509674072,-0.03732166066765785,0.07886305451393127,10x_human_lymph_node_D1
wo_Reconstruction,42,95,0.8090811371803284,0.8022695183753967,0.1231391578912735,-0.037342481315135956,0.07710876315832138,10x_human_lymph_node_D1
wo_Reconstruction,42,96,0.8080387711524963,0.8018831014633179,0.1230253279209137,-0.03803650289773941,0.07823395729064941,10x_human_lymph_node_D1
wo_Reconstruction,42,97,0.8118312954902649,0.804953396320343,0.12339134514331818,-0.03710207715630531,0.0760892853140831,10x_human_lymph_node_D1
wo_Reconstruction,42,98,0.81446373462677,0.8084539175033569,0.12348763644695282,-0.03668594732880592,0.07616575062274933,10x_human_lymph_node_D1
wo_Reconstruction,42,99,0.8154163360595703,0.809392511844635,0.12373769283294678,-0.03788790851831436,0.07605928927659988,10x_human_lymph_node_D1
wo_Reconstruction,42,100,0.81705641746521,0.8109967708587646,0.12345840036869049,-0.03565981611609459,0.0742134153842926,10x_human_lymph_node_D1
wo_Reconstruction,42,101,0.8193193078041077,0.81298828125,0.12402928620576859,-0.03763745352625847,0.07649953663349152,10x_human_lymph_node_D1
wo_Reconstruction,42,102,0.8218821287155151,0.8153670430183411,0.12408365309238434,-0.036194752901792526,0.07384828478097916,10x_human_lymph_node_D1
wo_Reconstruction,42,103,0.8219561576843262,0.8152773976325989,0.12391442060470581,-0.0368773452937603,0.07307659834623337,10x_human_lymph_node_D1
wo_Reconstruction,42,104,0.8233481645584106,0.8169525861740112,0.12407706677913666,-0.03695334121584892,0.07390778511762619,10x_human_lymph_node_D1
wo_Reconstruction,42,105,0.8262068629264832,0.8192334771156311,0.12425560504198074,-0.03640419989824295,0.07284922152757645,10x_human_lymph_node_D1
wo_Reconstruction,42,106,0.8284517526626587,0.82149738073349,0.12438152730464935,-0.0360209159553051,0.07222644239664078,10x_human_lymph_node_D1
wo_Reconstruction,42,107,0.8303255438804626,0.8230654001235962,0.12485773861408234,-0.03665357828140259,0.07290396094322205,10x_human_lymph_node_D1
wo_Reconstruction,42,108,0.8304024934768677,0.8224964141845703,0.12418173998594284,-0.03585991635918617,0.07013070583343506,10x_human_lymph_node_D1
wo_Reconstruction,42,109,0.8308462500572205,0.823967456817627,0.12460615485906601,-0.03743554651737213,0.07140381634235382,10x_human_lymph_node_D1
wo_Reconstruction,42,110,0.8336107730865479,0.8257802128791809,0.12458597123622894,-0.03548458591103554,0.07028398662805557,10x_human_lymph_node_D1
wo_Reconstruction,42,111,0.8329317569732666,0.8259708881378174,0.1251249462366104,-0.03672177344560623,0.06984389573335648,10x_human_lymph_node_D1
wo_Reconstruction,42,112,0.826837420463562,0.8211343884468079,0.1246902272105217,-0.035837322473526,0.0699901282787323,10x_human_lymph_node_D1
wo_Reconstruction,42,113,0.8275005221366882,0.8223983645439148,0.1263868510723114,-0.03763198107481003,0.0704994946718216,10x_human_lymph_node_D1
wo_Reconstruction,42,114,0.8294472694396973,0.8260146379470825,0.12498938292264938,-0.03553358092904091,0.07319307327270508,10x_human_lymph_node_D1
wo_Reconstruction,42,115,0.8321523666381836,0.8300484418869019,0.1257224977016449,-0.036981359124183655,0.07442981749773026,10x_human_lymph_node_D1
wo_Reconstruction,42,116,0.8320959210395813,0.8288630843162537,0.12559637427330017,-0.03675627335906029,0.07195021212100983,10x_human_lymph_node_D1
wo_Reconstruction,42,117,0.8326382040977478,0.8296096324920654,0.125260129570961,-0.03521764278411865,0.07128186523914337,10x_human_lymph_node_D1
wo_Reconstruction,42,118,0.8364601135253906,0.833852231502533,0.1258987933397293,-0.03672952204942703,0.07084822654724121,10x_human_lymph_node_D1
wo_Reconstruction,42,119,0.8370968699455261,0.8322111368179321,0.12587173283100128,-0.03587203100323677,0.06944472342729568,10x_human_lymph_node_D1
wo_Reconstruction,42,120,0.8374944925308228,0.8331515789031982,0.1257772147655487,-0.035172127187252045,0.07110092043876648,10x_human_lymph_node_D1
wo_Reconstruction,42,121,0.8399189114570618,0.8365772366523743,0.12592706084251404,-0.03661968931555748,0.07017415016889572,10x_human_lymph_node_D1
wo_Reconstruction,42,122,0.8411572575569153,0.8359764814376831,0.12620337307453156,-0.03580988571047783,0.06812826544046402,10x_human_lymph_node_D1
wo_Reconstruction,42,123,0.842057466506958,0.8374807834625244,0.12594902515411377,-0.03601883351802826,0.07085513323545456,10x_human_lymph_node_D1
wo_Reconstruction,42,124,0.8443264365196228,0.8398768901824951,0.12594196200370789,-0.03644280508160591,0.07021118700504303,10x_human_lymph_node_D1
wo_Reconstruction,42,125,0.8465396165847778,0.8413167595863342,0.12617583572864532,-0.03601411357522011,0.068283811211586,10x_human_lymph_node_D1
wo_Reconstruction,42,126,0.8462284207344055,0.8412880897521973,0.1258586049079895,-0.036436088383197784,0.06988458335399628,10x_human_lymph_node_D1
wo_Reconstruction,42,127,0.8480309247970581,0.843252420425415,0.1262866109609604,-0.03561629354953766,0.06845211982727051,10x_human_lymph_node_D1
wo_Reconstruction,42,128,0.8514668345451355,0.8455486297607422,0.12639296054840088,-0.03593887761235237,0.06742798537015915,10x_human_lymph_node_D1
wo_Reconstruction,42,129,0.8518592715263367,0.8469630479812622,0.1261879950761795,-0.035683389753103256,0.06765023618936539,10x_human_lymph_node_D1
wo_Reconstruction,42,130,0.8506382703781128,0.845176637172699,0.12650565803050995,-0.03511374443769455,0.06617705523967743,10x_human_lymph_node_D1
wo_Reconstruction,42,131,0.8536325097084045,0.8477796912193298,0.12660548090934753,-0.03611745312809944,0.06640192121267319,10x_human_lymph_node_D1
wo_Reconstruction,42,132,0.8565528392791748,0.8508101105690002,0.12672194838523865,-0.03508835658431053,0.06640280038118362,10x_human_lymph_node_D1
wo_Reconstruction,42,133,0.8556755781173706,0.8495584726333618,0.12647125124931335,-0.0350499227643013,0.06568457931280136,10x_human_lymph_node_D1
wo_Reconstruction,42,134,0.8565794229507446,0.8505478501319885,0.12700320780277252,-0.03543530032038689,0.06584107875823975,10x_human_lymph_node_D1
wo_Reconstruction,42,135,0.8589839935302734,0.8534188270568848,0.12698133289813995,-0.03474636748433113,0.06511002779006958,10x_human_lymph_node_D1
wo_Reconstruction,42,136,0.8593004941940308,0.8531622290611267,0.1269088089466095,-0.034517671912908554,0.0654119998216629,10x_human_lymph_node_D1
wo_Reconstruction,42,137,0.8598126769065857,0.8536588549613953,0.12705372273921967,-0.03509417176246643,0.06464187800884247,10x_human_lymph_node_D1
wo_Reconstruction,42,138,0.8616687059402466,0.8552983999252319,0.1272575557231903,-0.03485928103327751,0.06412835419178009,10x_human_lymph_node_D1
wo_Reconstruction,42,139,0.8624495267868042,0.8566860556602478,0.12686166167259216,-0.03446369618177414,0.0650305226445198,10x_human_lymph_node_D1
wo_Reconstruction,42,140,0.8626097440719604,0.8561571836471558,0.1273963302373886,-0.03471575677394867,0.06421823054552078,10x_human_lymph_node_D1
wo_Reconstruction,42,141,0.861573338508606,0.8548804521560669,0.12732262909412384,-0.03474199026823044,0.0635615661740303,10x_human_lymph_node_D1
wo_Reconstruction,42,142,0.862205982208252,0.8561885952949524,0.1272045522928238,-0.034206245094537735,0.06456717103719711,10x_human_lymph_node_D1
wo_Reconstruction,42,143,0.8632574081420898,0.8569167852401733,0.12750622630119324,-0.033976975828409195,0.06316081434488297,10x_human_lymph_node_D1
wo_Reconstruction,42,144,0.8642882704734802,0.8592531681060791,0.12767036259174347,-0.03450237214565277,0.06411530822515488,10x_human_lymph_node_D1
wo_Reconstruction,42,145,0.864968478679657,0.8602907061576843,0.1275758296251297,-0.0338604599237442,0.06484924256801605,10x_human_lymph_node_D1
wo_Reconstruction,42,146,0.8674689531326294,0.8618663549423218,0.1278000921010971,-0.033936213701963425,0.06396621465682983,10x_human_lymph_node_D1
wo_Reconstruction,42,147,0.8671518564224243,0.8633498549461365,0.1278529316186905,-0.03394703194499016,0.064203642308712,10x_human_lymph_node_D1
wo_Reconstruction,42,148,0.8680950403213501,0.8633358478546143,0.12790754437446594,-0.033636223524808884,0.0637868195772171,10x_human_lymph_node_D1
wo_Reconstruction,42,149,0.8685103058815002,0.8625427484512329,0.12798355519771576,-0.03317436948418617,0.06174418330192566,10x_human_lymph_node_D1
wo_Reconstruction,42,150,0.8670589923858643,0.8629999756813049,0.12802493572235107,-0.034603580832481384,0.06370004266500473,10x_human_lymph_node_D1
Frozen_Encoder_DEC_Only,42,1,0.28766265511512756,0.26630696654319763,0.1538463830947876,-0.058856550604104996,0.05173812806606293,10x_human_lymph_node_D1
Frozen_Encoder_DEC_Only,42,2,0.2880081236362457,0.2652943432331085,0.1549353152513504,-0.05893547460436821,0.05207134783267975,10x_human_lymph_node_D1
Frozen_Encoder_DEC_Only,42,3,0.2876926064491272,0.2651369273662567,0.1544782519340515,-0.05910243093967438,0.05176439881324768,10x_human_lymph_node_D1
Frozen_Encoder_DEC_Only,42,4,0.2880001664161682,0.26540160179138184,0.15466907620429993,-0.05888472497463226,0.05165769159793854,10x_human_lymph_node_D1
Frozen_Encoder_DEC_Only,42,5,0.2878588140010834,0.2660406827926636,0.15428364276885986,-0.05861833319067955,0.052221689373254776,10x_human_lymph_node_D1
Frozen_Encoder_DEC_Only,42,6,0.28797435760498047,0.26608461141586304,0.15424832701683044,-0.0590466633439064,0.05216570198535919,10x_human_lymph_node_D1
Frozen_Encoder_DEC_Only,42,7,0.2884620726108551,0.26600182056427,0.1554838865995407,-0.058800939470529556,0.05253850296139717,10x_human_lymph_node_D1
Frozen_Encoder_DEC_Only,42,8,0.2882775068283081,0.26643073558807373,0.15505458414554596,-0.05850872024893761,0.05300120264291763,10x_human_lymph_node_D1
Frozen_Encoder_DEC_Only,42,9,0.28819844126701355,0.2665318250656128,0.15413877367973328,-0.05893988534808159,0.052306097000837326,10x_human_lymph_node_D1
Frozen_Encoder_DEC_Only,42,10,0.2878856658935547,0.2652451694011688,0.15459400415420532,-0.05916571617126465,0.052144307643175125,10x_human_lymph_node_D1
Frozen_Encoder_DEC_Only,42,11,0.28780749440193176,0.265798956155777,0.15402576327323914,-0.05937564745545387,0.05187045782804489,10x_human_lymph_node_D1
Frozen_Encoder_DEC_Only,42,12,0.2879440188407898,0.26599350571632385,0.15419824421405792,-0.05888824537396431,0.05293940007686615,10x_human_lymph_node_D1
Frozen_Encoder_DEC_Only,42,13,0.28798243403434753,0.2658000588417053,0.1545325517654419,-0.059173211455345154,0.05225630849599838,10x_human_lymph_node_D1
Frozen_Encoder_DEC_Only,42,14,0.28808748722076416,0.26609939336776733,0.15432779490947723,-0.05922204628586769,0.0522954948246479,10x_human_lymph_node_D1
Frozen_Encoder_DEC_Only,42,15,0.2881298363208771,0.2656850814819336,0.15464705228805542,-0.058463145047426224,0.05214007571339607,10x_human_lymph_node_D1
Frozen_Encoder_DEC_Only,42,16,0.28784018754959106,0.2646326422691345,0.15500637888908386,-0.05868691951036453,0.05168334022164345,10x_human_lymph_node_D1
Frozen_Encoder_DEC_Only,42,17,0.2877598702907562,0.2651267945766449,0.15443481504917145,-0.058925483375787735,0.05221031233668327,10x_human_lymph_node_D1
Frozen_Encoder_DEC_Only,42,18,0.2878745496273041,0.26545268297195435,0.15426497161388397,-0.05906157195568085,0.05196412280201912,10x_human_lymph_node_D1
Frozen_Encoder_DEC_Only,42,19,0.28746363520622253,0.265143483877182,0.15424619615077972,-0.05913843587040901,0.052406881004571915,10x_human_lymph_node_D1
Frozen_Encoder_DEC_Only,42,20,0.2879028022289276,0.26611560583114624,0.15378738939762115,-0.058743249624967575,0.05252070724964142,10x_human_lymph_node_D1
Frozen_Encoder_DEC_Only,42,21,0.28811314702033997,0.26602014899253845,0.15417900681495667,-0.059005264192819595,0.052398450672626495,10x_human_lymph_node_D1
Frozen_Encoder_DEC_Only,42,22,0.28777778148651123,0.2648378908634186,0.15446625649929047,-0.05920569971203804,0.05256589129567146,10x_human_lymph_node_D1
Frozen_Encoder_DEC_Only,42,23,0.28782254457473755,0.26522114872932434,0.1543079912662506,-0.059299271553754807,0.052705369889736176,10x_human_lymph_node_D1
Frozen_Encoder_DEC_Only,42,24,0.2882012128829956,0.2645166218280792,0.1554947942495346,-0.05893714725971222,0.05290660634636879,10x_human_lymph_node_D1
Frozen_Encoder_DEC_Only,42,25,0.2880500257015228,0.26473599672317505,0.1550588458776474,-0.059070441871881485,0.05205919221043587,10x_human_lymph_node_D1
Frozen_Encoder_DEC_Only,42,26,0.2881247401237488,0.26519447565078735,0.1546609103679657,-0.05921735242009163,0.052609432488679886,10x_human_lymph_node_D1
Frozen_Encoder_DEC_Only,42,27,0.2881161868572235,0.26513734459877014,0.1544741541147232,-0.058798953890800476,0.0525849424302578,10x_human_lymph_node_D1
Frozen_Encoder_DEC_Only,42,28,0.28792819380760193,0.264864444732666,0.15474864840507507,-0.059102244675159454,0.05301378667354584,10x_human_lymph_node_D1
Frozen_Encoder_DEC_Only,42,29,0.2880597412586212,0.2647537589073181,0.15456534922122955,-0.05867309123277664,0.05200571566820145,10x_human_lymph_node_D1
Frozen_Encoder_DEC_Only,42,30,0.2880754768848419,0.2646193504333496,0.154820516705513,-0.059026848524808884,0.052508991211652756,10x_human_lymph_node_D1
Frozen_Encoder_DEC_Only,42,31,0.28804805874824524,0.26407477259635925,0.15485122799873352,-0.058553148061037064,0.05269879847764969,10x_human_lymph_node_D1
Frozen_Encoder_DEC_Only,42,32,0.2879045307636261,0.26420629024505615,0.15470440685749054,-0.05875985696911812,0.05263598635792732,10x_human_lymph_node_D1
Frozen_Encoder_DEC_Only,42,33,0.28794583678245544,0.2640473544597626,0.15512658655643463,-0.058721572160720825,0.05246108025312424,10x_human_lymph_node_D1
Frozen_Encoder_DEC_Only,42,34,0.2879875600337982,0.264163613319397,0.15478068590164185,-0.058646827936172485,0.05231502279639244,10x_human_lymph_node_D1
Frozen_Encoder_DEC_Only,42,35,0.2878663241863251,0.2637026607990265,0.15514695644378662,-0.05840088799595833,0.051777198910713196,10x_human_lymph_node_D1
Frozen_Encoder_DEC_Only,42,36,0.28770914673805237,0.263675332069397,0.15503983199596405,-0.05843948572874069,0.052744459360837936,10x_human_lymph_node_D1
Frozen_Encoder_DEC_Only,42,37,0.2877121567726135,0.263612300157547,0.15492989122867584,-0.058443695306777954,0.05200346186757088,10x_human_lymph_node_D1
Frozen_Encoder_DEC_Only,42,38,0.2877901792526245,0.26310819387435913,0.1553194671869278,-0.05853358656167984,0.05232460796833038,10x_human_lymph_node_D1
Frozen_Encoder_DEC_Only,42,39,0.28773757815361023,0.2636127173900604,0.15496551990509033,-0.05808252841234207,0.05266750603914261,10x_human_lymph_node_D1
Frozen_Encoder_DEC_Only,42,40,0.2881559431552887,0.26314884424209595,0.15577930212020874,-0.05756557360291481,0.051836397498846054,10x_human_lymph_node_D1
Frozen_Encoder_DEC_Only,42,41,0.28790566325187683,0.26355814933776855,0.15502524375915527,-0.05799094960093498,0.05171224847435951,10x_human_lymph_node_D1
Frozen_Encoder_DEC_Only,42,42,0.2879953980445862,0.2636994421482086,0.1553450971841812,-0.05865183100104332,0.05246226117014885,10x_human_lymph_node_D1
Frozen_Encoder_DEC_Only,42,43,0.2879006266593933,0.2643328607082367,0.154629185795784,-0.05793352052569389,0.052292197942733765,10x_human_lymph_node_D1
Frozen_Encoder_DEC_Only,42,44,0.28782767057418823,0.2641027569770813,0.1547999083995819,-0.057639334350824356,0.05269815772771835,10x_human_lymph_node_D1
Frozen_Encoder_DEC_Only,42,45,0.28786078095436096,0.26330482959747314,0.15600240230560303,-0.058361951261758804,0.05269971489906311,10x_human_lymph_node_D1
Frozen_Encoder_DEC_Only,42,46,0.2881331741809845,0.26375240087509155,0.15546928346157074,-0.057960957288742065,0.052798010408878326,10x_human_lymph_node_D1
Frozen_Encoder_DEC_Only,42,47,0.28836339712142944,0.2632658779621124,0.15670721232891083,-0.05798232555389404,0.052329324185848236,10x_human_lymph_node_D1
Frozen_Encoder_DEC_Only,42,48,0.2881681025028229,0.26395222544670105,0.15564636886119843,-0.05813569575548172,0.052349984645843506,10x_human_lymph_node_D1
Frozen_Encoder_DEC_Only,42,49,0.28794199228286743,0.2637009620666504,0.15483567118644714,-0.05805950239300728,0.052469030022621155,10x_human_lymph_node_D1
Frozen_Encoder_DEC_Only,42,50,0.2878832519054413,0.2633677124977112,0.15519487857818604,-0.05780436471104622,0.05247262865304947,10x_human_lymph_node_D1
Frozen_Encoder_DEC_Only,42,51,0.2879256308078766,0.2634454369544983,0.15528856217861176,-0.057830192148685455,0.05298648029565811,10x_human_lymph_node_D1
Frozen_Encoder_DEC_Only,42,52,0.28829318284988403,0.2632042169570923,0.15651030838489532,-0.05764232575893402,0.05271843820810318,10x_human_lymph_node_D1
Frozen_Encoder_DEC_Only,42,53,0.2877790033817291,0.2622798681259155,0.15582865476608276,-0.05843784660100937,0.05229581892490387,10x_human_lymph_node_D1
Frozen_Encoder_DEC_Only,42,54,0.2882288098335266,0.26381051540374756,0.1551291048526764,-0.05791454017162323,0.05242723599076271,10x_human_lymph_node_D1
Frozen_Encoder_DEC_Only,42,55,0.2881137430667877,0.26255109906196594,0.15680420398712158,-0.05769024416804314,0.05303926765918732,10x_human_lymph_node_D1
Frozen_Encoder_DEC_Only,42,56,0.2879891097545624,0.262931227684021,0.15565206110477448,-0.05804720148444176,0.0526619479060173,10x_human_lymph_node_D1
Frozen_Encoder_DEC_Only,42,57,0.2879059910774231,0.2632284462451935,0.1553718000650406,-0.05760827660560608,0.05252916365861893,10x_human_lymph_node_D1
Frozen_Encoder_DEC_Only,42,58,0.28797855973243713,0.2631218433380127,0.15536145865917206,-0.057792045176029205,0.05278746038675308,10x_human_lymph_node_D1
Frozen_Encoder_DEC_Only,42,59,0.28810885548591614,0.2635120153427124,0.15579402446746826,-0.05785076320171356,0.05315737798810005,10x_human_lymph_node_D1
Frozen_Encoder_DEC_Only,42,60,0.28761741518974304,0.261381059885025,0.15587583184242249,-0.05803213268518448,0.05268843099474907,10x_human_lymph_node_D1
Frozen_Encoder_DEC_Only,42,61,0.2880334258079529,0.26220518350601196,0.15624375641345978,-0.05804670602083206,0.052508894354104996,10x_human_lymph_node_D1
Frozen_Encoder_DEC_Only,42,62,0.2878926396369934,0.2610744833946228,0.15685638785362244,-0.0577397346496582,0.05214022099971771,10x_human_lymph_node_D1
Frozen_Encoder_DEC_Only,42,63,0.2879614233970642,0.2613319456577301,0.1568577140569687,-0.057862162590026855,0.05230897292494774,10x_human_lymph_node_D1
Frozen_Encoder_DEC_Only,42,64,0.2880823612213135,0.261304646730423,0.15685242414474487,-0.05841616913676262,0.05245211347937584,10x_human_lymph_node_D1
Frozen_Encoder_DEC_Only,42,65,0.2880024015903473,0.26191991567611694,0.1560884267091751,-0.05839855968952179,0.052494920790195465,10x_human_lymph_node_D1
Frozen_Encoder_DEC_Only,42,66,0.2883889973163605,0.26206842064857483,0.157144233584404,-0.05814847722649574,0.05275506153702736,10x_human_lymph_node_D1
Frozen_Encoder_DEC_Only,42,67,0.28803199529647827,0.2614183723926544,0.15695345401763916,-0.058333612978458405,0.052614886313676834,10x_human_lymph_node_D1
Frozen_Encoder_DEC_Only,42,68,0.2878229022026062,0.2620265483856201,0.15599292516708374,-0.05839310213923454,0.0523977130651474,10x_human_lymph_node_D1
Frozen_Encoder_DEC_Only,42,69,0.2881259620189667,0.2617936134338379,0.1570056825876236,-0.05826285481452942,0.052909720689058304,10x_human_lymph_node_D1
Frozen_Encoder_DEC_Only,42,70,0.2879956066608429,0.2617306411266327,0.15668588876724243,-0.058524541556835175,0.052463237196207047,10x_human_lymph_node_D1
Frozen_Encoder_DEC_Only,42,71,0.2878235876560211,0.2609364986419678,0.15703675150871277,-0.05854738876223564,0.05227814242243767,10x_human_lymph_node_D1
Frozen_Encoder_DEC_Only,42,72,0.288136750459671,0.26124823093414307,0.15739832818508148,-0.05821162462234497,0.05250977724790573,10x_human_lymph_node_D1
Frozen_Encoder_DEC_Only,42,73,0.2876623868942261,0.25969088077545166,0.15751871466636658,-0.05799181014299393,0.05244899541139603,10x_human_lymph_node_D1
Frozen_Encoder_DEC_Only,42,74,0.2879568040370941,0.2610938549041748,0.1571195423603058,-0.05877453088760376,0.05310820788145065,10x_human_lymph_node_D1
Frozen_Encoder_DEC_Only,42,75,0.28799328207969666,0.26089751720428467,0.1571977436542511,-0.05813306197524071,0.05273543670773506,10x_human_lymph_node_D1
Frozen_Encoder_DEC_Only,42,76,0.2880896329879761,0.26126885414123535,0.15734325349330902,-0.05794280394911766,0.052123405039310455,10x_human_lymph_node_D1
Frozen_Encoder_DEC_Only,42,77,0.2880261242389679,0.26145851612091064,0.15692205727100372,-0.05820523574948311,0.052659690380096436,10x_human_lymph_node_D1
Frozen_Encoder_DEC_Only,42,78,0.2878563702106476,0.26085054874420166,0.15706007182598114,-0.05863531678915024,0.05285395681858063,10x_human_lymph_node_D1
Frozen_Encoder_DEC_Only,42,79,0.28772175312042236,0.2597310543060303,0.1577267050743103,-0.05864698067307472,0.05302431434392929,10x_human_lymph_node_D1
Frozen_Encoder_DEC_Only,42,80,0.2877563536167145,0.26045432686805725,0.15733645856380463,-0.0583200640976429,0.05230964720249176,10x_human_lymph_node_D1
Frozen_Encoder_DEC_Only,42,81,0.28786757588386536,0.2614907920360565,0.1568271666765213,-0.057933907955884933,0.05347009003162384,10x_human_lymph_node_D1
Frozen_Encoder_DEC_Only,42,82,0.2876162827014923,0.26074421405792236,0.15689705312252045,-0.059068527072668076,0.05246995761990547,10x_human_lymph_node_D1
Frozen_Encoder_DEC_Only,42,83,0.28793391585350037,0.260912150144577,0.15701116621494293,-0.058455463498830795,0.05284373089671135,10x_human_lymph_node_D1
Frozen_Encoder_DEC_Only,42,84,0.2877347767353058,0.26037850975990295,0.157224640250206,-0.05876586213707924,0.053492773324251175,10x_human_lymph_node_D1
Frozen_Encoder_DEC_Only,42,85,0.2876599431037903,0.2605690360069275,0.15728220343589783,-0.059105031192302704,0.05355572700500488,10x_human_lymph_node_D1
Frozen_Encoder_DEC_Only,42,86,0.2877977788448334,0.26053696870803833,0.15684360265731812,-0.05897429585456848,0.05294991657137871,10x_human_lymph_node_D1
Frozen_Encoder_DEC_Only,42,87,0.2878243625164032,0.26073694229125977,0.15715652704238892,-0.058343928307294846,0.05298646539449692,10x_human_lymph_node_D1
Frozen_Encoder_DEC_Only,42,88,0.2875787317752838,0.25931254029273987,0.1577916443347931,-0.05866421386599541,0.05281505733728409,10x_human_lymph_node_D1
Frozen_Encoder_DEC_Only,42,89,0.2880154252052307,0.2604709267616272,0.15734732151031494,-0.059074290096759796,0.05288110300898552,10x_human_lymph_node_D1
Frozen_Encoder_DEC_Only,42,90,0.2877844274044037,0.2607058882713318,0.1572553962469101,-0.05859020724892616,0.05329568311572075,10x_human_lymph_node_D1
Frozen_Encoder_DEC_Only,42,91,0.2878285348415375,0.2603902518749237,0.15746769309043884,-0.05826476216316223,0.05281887575984001,10x_human_lymph_node_D1
Frozen_Encoder_DEC_Only,42,92,0.2876659631729126,0.2592421770095825,0.15794049203395844,-0.058419231325387955,0.05274580046534538,10x_human_lymph_node_D1
Frozen_Encoder_DEC_Only,42,93,0.28794151544570923,0.26064127683639526,0.1573573350906372,-0.058130208402872086,0.05345510318875313,10x_human_lymph_node_D1
Frozen_Encoder_DEC_Only,42,94,0.287913054227829,0.2603449821472168,0.1574758142232895,-0.05847594141960144,0.053170282393693924,10x_human_lymph_node_D1
Frozen_Encoder_DEC_Only,42,95,0.28756314516067505,0.25987160205841064,0.1574403941631317,-0.0593249537050724,0.053219929337501526,10x_human_lymph_node_D1
Frozen_Encoder_DEC_Only,42,96,0.2876606285572052,0.25998568534851074,0.15755602717399597,-0.05894104391336441,0.05316746234893799,10x_human_lymph_node_D1
Frozen_Encoder_DEC_Only,42,97,0.2877851128578186,0.25940728187561035,0.15814945101737976,-0.058478664606809616,0.05274412781000137,10x_human_lymph_node_D1
Frozen_Encoder_DEC_Only,42,98,0.2877238094806671,0.25940439105033875,0.1578158736228943,-0.05841508135199547,0.052955932915210724,10x_human_lymph_node_D1
Frozen_Encoder_DEC_Only,42,99,0.28788039088249207,0.26040443778038025,0.1573556661605835,-0.05812351033091545,0.05308786779642105,10x_human_lymph_node_D1
Frozen_Encoder_DEC_Only,42,100,0.2876988649368286,0.25932905077934265,0.1577073633670807,-0.05860801413655281,0.053401969373226166,10x_human_lymph_node_D1
Frozen_Encoder_DEC_Only,42,101,0.28752630949020386,0.2592619061470032,0.15757013857364655,-0.05867915228009224,0.052648596465587616,10x_human_lymph_node_D1
Frozen_Encoder_DEC_Only,42,102,0.2873394191265106,0.25852611660957336,0.1581059843301773,-0.058597829192876816,0.05246037244796753,10x_human_lymph_node_D1
Frozen_Encoder_DEC_Only,42,103,0.28742289543151855,0.25909942388534546,0.1577983796596527,-0.058918651193380356,0.052881285548210144,10x_human_lymph_node_D1
Frozen_Encoder_DEC_Only,42,104,0.2875933051109314,0.259184867143631,0.15787550806999207,-0.058644890785217285,0.052926674485206604,10x_human_lymph_node_D1
Frozen_Encoder_DEC_Only,42,105,0.28761574625968933,0.25960806012153625,0.15767569839954376,-0.058900561183691025,0.05341774970293045,10x_human_lymph_node_D1
Frozen_Encoder_DEC_Only,42,106,0.28774958848953247,0.25900760293006897,0.15793117880821228,-0.05811876058578491,0.05252514034509659,10x_human_lymph_node_D1
Frozen_Encoder_DEC_Only,42,107,0.28790104389190674,0.25890040397644043,0.15821580588817596,-0.058607496321201324,0.052598290145397186,10x_human_lymph_node_D1
Frozen_Encoder_DEC_Only,42,108,0.287476509809494,0.2582988142967224,0.15828965604305267,-0.058909159153699875,0.05224920064210892,10x_human_lymph_node_D1
Frozen_Encoder_DEC_Only,42,109,0.2878064811229706,0.2583500146865845,0.15868261456489563,-0.058798469603061676,0.052311189472675323,10x_human_lymph_node_D1
Frozen_Encoder_DEC_Only,42,110,0.2878493666648865,0.25928592681884766,0.15844735503196716,-0.058415599167346954,0.05326120927929878,10x_human_lymph_node_D1
Frozen_Encoder_DEC_Only,42,111,0.2875698506832123,0.25919127464294434,0.15766426920890808,-0.05904388055205345,0.05306315794587135,10x_human_lymph_node_D1
Frozen_Encoder_DEC_Only,42,112,0.2875731885433197,0.25961214303970337,0.1576584428548813,-0.05890238285064697,0.053044162690639496,10x_human_lymph_node_D1
Frozen_Encoder_DEC_Only,42,113,0.28767213225364685,0.25991368293762207,0.15750078856945038,-0.05884755775332451,0.05357617512345314,10x_human_lymph_node_D1
Frozen_Encoder_DEC_Only,42,114,0.2874577045440674,0.258701890707016,0.15788088738918304,-0.05894619598984718,0.05291514843702316,10x_human_lymph_node_D1
Frozen_Encoder_DEC_Only,42,115,0.28760600090026855,0.2597404718399048,0.1574902981519699,-0.05826617777347565,0.052905887365341187,10x_human_lymph_node_D1
Frozen_Encoder_DEC_Only,42,116,0.28764551877975464,0.25864991545677185,0.1578792929649353,-0.05851788818836212,0.05247524008154869,10x_human_lymph_node_D1
Frozen_Encoder_DEC_Only,42,117,0.28757667541503906,0.25836941599845886,0.15830405056476593,-0.059000007808208466,0.05277085304260254,10x_human_lymph_node_D1
Frozen_Encoder_DEC_Only,42,118,0.28750669956207275,0.25844690203666687,0.15816079080104828,-0.05926215648651123,0.05322830006480217,10x_human_lymph_node_D1
Frozen_Encoder_DEC_Only,42,119,0.2876003086566925,0.2575248181819916,0.1588069051504135,-0.05933668464422226,0.052506789565086365,10x_human_lymph_node_D1
Frozen_Encoder_DEC_Only,42,120,0.2873537242412567,0.25766992568969727,0.15832021832466125,-0.059341371059417725,0.052922431379556656,10x_human_lymph_node_D1
Frozen_Encoder_DEC_Only,42,121,0.28778061270713806,0.2585828900337219,0.15827018022537231,-0.05872947722673416,0.05358727648854256,10x_human_lymph_node_D1
Frozen_Encoder_DEC_Only,42,122,0.28745177388191223,0.25802332162857056,0.15818458795547485,-0.058965083211660385,0.05323338508605957,10x_human_lymph_node_D1
Frozen_Encoder_DEC_Only,42,123,0.2873912453651428,0.25731760263442993,0.15854869782924652,-0.05890876427292824,0.05193539336323738,10x_human_lymph_node_D1
Frozen_Encoder_DEC_Only,42,124,0.2875474691390991,0.2577139139175415,0.15854468941688538,-0.05903918668627739,0.05341418460011482,10x_human_lymph_node_D1
Frozen_Encoder_DEC_Only,42,125,0.28744322061538696,0.25789791345596313,0.15818139910697937,-0.05868745222687721,0.05319216474890709,10x_human_lymph_node_D1
Frozen_Encoder_DEC_Only,42,126,0.2874099314212799,0.25834542512893677,0.15799537301063538,-0.0595160536468029,0.05339210107922554,10x_human_lymph_node_D1
Frozen_Encoder_DEC_Only,42,127,0.2876027226448059,0.25740498304367065,0.15838608145713806,-0.059170134365558624,0.05296863988041878,10x_human_lymph_node_D1
Frozen_Encoder_DEC_Only,42,128,0.2872871458530426,0.25837624073028564,0.15766888856887817,-0.059207625687122345,0.053386155515909195,10x_human_lymph_node_D1
Frozen_Encoder_DEC_Only,42,129,0.28727951645851135,0.25788477063179016,0.15808729827404022,-0.058881498873233795,0.05290840566158295,10x_human_lymph_node_D1
Frozen_Encoder_DEC_Only,42,130,0.28739988803863525,0.25919580459594727,0.1578609049320221,-0.05909748375415802,0.053643178194761276,10x_human_lymph_node_D1
Frozen_Encoder_DEC_Only,42,131,0.28736990690231323,0.2575244605541229,0.15835857391357422,-0.058506403118371964,0.05319524183869362,10x_human_lymph_node_D1
Frozen_Encoder_DEC_Only,42,132,0.2873857617378235,0.25780177116394043,0.15828700363636017,-0.05918247252702713,0.053674180060625076,10x_human_lymph_node_D1
Frozen_Encoder_DEC_Only,42,133,0.2873111367225647,0.2581263482570648,0.15813307464122772,-0.05893804132938385,0.05339769273996353,10x_human_lymph_node_D1
Frozen_Encoder_DEC_Only,42,134,0.28735363483428955,0.2577382028102875,0.15824611485004425,-0.05937550589442253,0.0534818060696125,10x_human_lymph_node_D1
Frozen_Encoder_DEC_Only,42,135,0.2873718738555908,0.2578578293323517,0.15818588435649872,-0.05943320691585541,0.052983857691287994,10x_human_lymph_node_D1
Frozen_Encoder_DEC_Only,42,136,0.28727906942367554,0.2577867805957794,0.15804046392440796,-0.059482015669345856,0.05420718342065811,10x_human_lymph_node_D1
Frozen_Encoder_DEC_Only,42,137,0.287405401468277,0.25809887051582336,0.15815530717372894,-0.05871801823377609,0.053488943725824356,10x_human_lymph_node_D1
Frozen_Encoder_DEC_Only,42,138,0.2876216173171997,0.25853079557418823,0.15783342719078064,-0.05825565382838249,0.053732454776763916,10x_human_lymph_node_D1
Frozen_Encoder_DEC_Only,42,139,0.28775230050086975,0.25808069109916687,0.1584739089012146,-0.05930425226688385,0.05373328551650047,10x_human_lymph_node_D1
Frozen_Encoder_DEC_Only,42,140,0.2875373363494873,0.25748211145401,0.15828077495098114,-0.05924391373991966,0.05334102734923363,10x_human_lymph_node_D1
Frozen_Encoder_DEC_Only,42,141,0.2872123718261719,0.2571243345737457,0.15812137722969055,-0.058891311287879944,0.053765058517456055,10x_human_lymph_node_D1
Frozen_Encoder_DEC_Only,42,142,0.2874505817890167,0.2571614980697632,0.15883779525756836,-0.05918171629309654,0.052533138543367386,10x_human_lymph_node_D1
Frozen_Encoder_DEC_Only,42,143,0.2875189185142517,0.2580418884754181,0.15816685557365417,-0.05980149284005165,0.05343849956989288,10x_human_lymph_node_D1
Frozen_Encoder_DEC_Only,42,144,0.28684189915657043,0.2571861445903778,0.15792495012283325,-0.05903536081314087,0.05326773598790169,10x_human_lymph_node_D1
Frozen_Encoder_DEC_Only,42,145,0.28742191195487976,0.2578289806842804,0.15804260969161987,-0.05946050584316254,0.0535307377576828,10x_human_lymph_node_D1
Frozen_Encoder_DEC_Only,42,146,0.28727883100509644,0.25690531730651855,0.15834631025791168,-0.05998123064637184,0.05378454551100731,10x_human_lymph_node_D1
Frozen_Encoder_DEC_Only,42,147,0.2872422933578491,0.2562141716480255,0.15912583470344543,-0.059372853487730026,0.052965786308050156,10x_human_lymph_node_D1
Frozen_Encoder_DEC_Only,42,148,0.28731676936149597,0.2563377320766449,0.15886172652244568,-0.0589175671339035,0.052951131016016006,10x_human_lymph_node_D1
Frozen_Encoder_DEC_Only,42,149,0.2868824303150177,0.25575754046440125,0.15882477164268494,-0.05934269726276398,0.05280393734574318,10x_human_lymph_node_D1
Frozen_Encoder_DEC_Only,42,150,0.28685644268989563,0.25516656041145325,0.15877969563007355,-0.05979004129767418,0.05307434871792793,10x_human_lymph_node_D1
